-- MySQL dump 10.13  Distrib 5.7.31, for Linux (x86_64)
--
-- Host: localhost    Database: corona
-- ------------------------------------------------------
-- Server version	5.7.31-0ubuntu0.18.04.1

/*!40101 SET @OLD_CHARACTER_SET_CLIENT=@@CHARACTER_SET_CLIENT */;
/*!40101 SET @OLD_CHARACTER_SET_RESULTS=@@CHARACTER_SET_RESULTS */;
/*!40101 SET @OLD_COLLATION_CONNECTION=@@COLLATION_CONNECTION */;
/*!40101 SET NAMES utf8 */;
/*!40103 SET @OLD_TIME_ZONE=@@TIME_ZONE */;
/*!40103 SET TIME_ZONE='+00:00' */;
/*!40014 SET @OLD_UNIQUE_CHECKS=@@UNIQUE_CHECKS, UNIQUE_CHECKS=0 */;
/*!40014 SET @OLD_FOREIGN_KEY_CHECKS=@@FOREIGN_KEY_CHECKS, FOREIGN_KEY_CHECKS=0 */;
/*!40101 SET @OLD_SQL_MODE=@@SQL_MODE, SQL_MODE='NO_AUTO_VALUE_ON_ZERO' */;
/*!40111 SET @OLD_SQL_NOTES=@@SQL_NOTES, SQL_NOTES=0 */;

--
-- Table structure for table `dead`
--

DROP TABLE IF EXISTS `dead`;
/*!40101 SET @saved_cs_client     = @@character_set_client */;
/*!40101 SET character_set_client = utf8 */;
CREATE TABLE `dead` (
  `timestamp` int(11) NOT NULL,
  `b` int(11) NOT NULL,
  `k` int(11) NOT NULL,
  `n` int(11) NOT NULL,
  `o` int(11) NOT NULL,
  `s` int(11) NOT NULL,
  `st` int(11) NOT NULL,
  `t` int(11) NOT NULL,
  `v` int(11) NOT NULL,
  `w` int(11) NOT NULL,
  PRIMARY KEY (`timestamp`)
) ENGINE=InnoDB DEFAULT CHARSET=latin1;
/*!40101 SET character_set_client = @saved_cs_client */;

--
-- Dumping data for table `dead`
--

LOCK TABLES `dead` WRITE;
/*!40000 ALTER TABLE `dead` DISABLE KEYS */;
INSERT INTO `dead` VALUES (1595779200,11,13,107,58,37,142,101,18,201),(1595930400,11,13,107,58,37,142,101,18,201),(1595934000,11,13,107,58,37,142,101,18,201),(1595937600,11,13,107,58,37,142,101,18,201),(1595941200,11,13,107,58,37,142,101,18,201),(1595944800,11,13,107,58,37,142,101,18,201),(1595948400,11,13,107,58,37,142,101,18,201),(1595952000,11,13,107,58,37,142,101,18,201),(1595955600,11,13,107,58,37,142,101,18,207),(1595959200,11,13,107,58,37,142,101,18,209),(1595962800,11,13,107,58,37,142,101,18,209),(1595966400,11,13,107,58,37,142,101,18,209),(1595970000,11,13,107,58,37,142,101,18,209),(1595973600,11,13,107,58,37,142,101,18,209),(1595977200,11,13,107,58,37,142,101,18,209),(1595980800,11,13,107,58,37,142,101,18,209),(1595984400,11,13,107,58,37,142,101,18,209),(1595988000,11,13,107,58,37,142,101,18,209),(1595991600,11,13,107,58,37,142,101,18,209),(1595995200,11,13,107,58,37,142,101,18,209),(1595998800,11,13,107,58,37,142,101,18,209),(1596006000,11,13,107,58,37,142,101,18,209),(1596009600,11,13,107,58,37,142,101,18,209),(1596013200,11,13,107,58,37,142,101,18,209),(1596016800,11,13,107,58,37,142,101,18,209),(1596020400,11,13,107,58,37,142,101,18,209),(1596024000,11,13,107,59,37,142,101,18,210),(1596027600,11,13,107,59,37,142,101,18,210),(1596031200,11,13,107,59,37,142,101,18,210),(1596034800,11,13,107,59,37,142,101,18,210),(1596038400,11,13,107,59,37,142,101,18,210),(1596042000,11,13,107,59,37,142,101,18,210),(1596045600,11,13,107,59,37,142,101,18,210),(1596049200,11,13,107,59,37,142,101,18,210),(1596052800,11,13,107,59,37,142,101,18,210),(1596056400,11,13,107,59,37,142,101,18,210),(1596060000,11,13,107,59,37,142,101,18,210),(1596063600,11,13,107,59,37,142,101,18,210),(1596067200,11,13,107,59,37,142,101,18,210),(1596070800,11,13,107,59,37,142,101,18,210),(1596074400,11,13,107,59,37,142,101,18,210),(1596078000,11,13,107,59,37,142,101,18,210),(1596081600,11,13,107,59,37,142,101,18,210),(1596085200,11,13,107,59,37,142,101,18,210),(1596088800,11,13,107,59,37,142,101,18,210),(1596092400,11,13,107,59,37,142,101,18,210),(1596096000,11,13,107,59,37,142,101,18,210),(1596099600,11,13,107,59,37,142,101,18,210),(1596103200,11,13,107,59,37,142,101,18,210),(1596106800,11,13,107,59,37,142,101,18,210),(1596110400,11,13,107,59,37,142,101,18,210),(1596114000,11,13,107,59,37,142,101,18,210),(1596117600,11,13,107,59,37,142,101,18,210),(1596121200,11,13,107,59,37,142,101,18,210),(1596124800,11,13,107,59,37,142,101,18,210),(1596128400,11,13,107,59,37,142,101,18,210),(1596132000,11,13,107,59,37,142,101,18,210),(1596135600,11,13,107,59,37,142,101,18,210),(1596139200,11,13,107,59,37,142,101,18,210),(1596142800,11,13,107,59,37,142,101,18,210),(1596146400,11,13,107,59,37,142,101,18,210),(1596150000,11,13,107,59,37,142,101,18,210),(1596153600,11,13,107,59,37,142,101,18,210),(1596157200,11,13,107,59,37,142,101,18,210),(1596160800,11,13,107,59,37,142,101,18,210),(1596164400,11,13,107,59,37,142,101,18,210),(1596168000,11,13,107,59,37,142,101,18,210),(1596171600,11,13,107,59,37,142,101,18,210),(1596175200,11,13,107,59,37,142,101,18,210),(1596178800,11,13,107,59,37,142,101,18,210),(1596182400,11,13,107,59,37,142,101,18,210),(1596186000,11,13,107,59,37,142,101,18,210),(1596189600,11,13,107,59,37,142,101,18,210),(1596193200,11,13,107,59,37,142,101,18,210),(1596196800,11,13,107,59,37,142,101,18,210),(1596200400,11,13,107,59,37,142,101,18,210),(1596204000,11,13,107,59,37,142,101,18,210),(1596207600,11,13,107,59,37,142,101,18,210),(1596211200,11,13,107,59,37,142,101,18,210),(1596214800,11,13,107,59,37,142,101,18,210),(1596218400,11,13,107,59,37,142,101,18,210),(1596222000,11,13,107,59,37,142,101,18,210),(1596225600,11,13,107,59,37,142,101,18,210);
/*!40000 ALTER TABLE `dead` ENABLE KEYS */;
UNLOCK TABLES;

--
-- Table structure for table `district_infected`
--

DROP TABLE IF EXISTS `district_infected`;
/*!40101 SET @saved_cs_client     = @@character_set_client */;
/*!40101 SET character_set_client = utf8 */;
CREATE TABLE `district_infected` (
  `timestamp` int(11) NOT NULL,
  `305` int(11) NOT NULL COMMENT 'Amstetten',
  `306` int(11) NOT NULL COMMENT 'Baden',
  `801` int(11) NOT NULL COMMENT 'Bludenz',
  `404` int(11) NOT NULL COMMENT 'Braunau am Inn',
  `802` int(11) NOT NULL COMMENT 'Bregenz',
  `307` int(11) NOT NULL COMMENT 'Bruck an der Leitha',
  `621` int(11) NOT NULL COMMENT 'Bruck-Mürzzuschlag',
  `603` int(11) NOT NULL COMMENT 'Deutschlandsberg',
  `803` int(11) NOT NULL COMMENT 'Dornbirn',
  `405` int(11) NOT NULL COMMENT 'Eferding',
  `101` int(11) NOT NULL COMMENT 'Eisenstadt(Stadt)',
  `103` int(11) NOT NULL COMMENT 'Eisenstadt-Umgebung',
  `804` int(11) NOT NULL COMMENT 'Feldkirch',
  `210` int(11) NOT NULL COMMENT 'Feldkirchen',
  `406` int(11) NOT NULL COMMENT 'Freistadt',
  `308` int(11) NOT NULL COMMENT 'Gänserndorf',
  `309` int(11) NOT NULL COMMENT 'Gmünd',
  `407` int(11) NOT NULL COMMENT 'Gmunden',
  `601` int(11) NOT NULL COMMENT 'Graz(Stadt)',
  `606` int(11) NOT NULL COMMENT 'Graz-Umgebung',
  `408` int(11) NOT NULL COMMENT 'Grieskirchen',
  `104` int(11) NOT NULL COMMENT 'Güssing',
  `502` int(11) NOT NULL COMMENT 'Hallein',
  `622` int(11) NOT NULL COMMENT 'Hartberg-Fürstenfeld',
  `203` int(11) NOT NULL COMMENT 'Hermagor',
  `310` int(11) NOT NULL COMMENT 'Hollabrunn',
  `311` int(11) NOT NULL COMMENT 'Horn',
  `702` int(11) NOT NULL COMMENT 'Imst',
  `703` int(11) NOT NULL COMMENT 'Innsbruck-Land',
  `701` int(11) NOT NULL COMMENT 'Innsbruck-Stadt',
  `105` int(11) NOT NULL COMMENT 'Jennersdorf',
  `409` int(11) NOT NULL COMMENT 'Kirchdorf an der Krems',
  `704` int(11) NOT NULL COMMENT 'Kitzbühel',
  `204` int(11) NOT NULL COMMENT 'Klagenfurt Land',
  `201` int(11) NOT NULL COMMENT 'Klagenfurt Stadt',
  `312` int(11) NOT NULL COMMENT 'Korneuburg',
  `301` int(11) NOT NULL COMMENT 'Krems an der Donau(Stadt)',
  `313` int(11) NOT NULL COMMENT 'Krems(Land)',
  `705` int(11) NOT NULL COMMENT 'Kufstein',
  `706` int(11) NOT NULL COMMENT 'Landeck',
  `610` int(11) NOT NULL COMMENT 'Leibnitz',
  `611` int(11) NOT NULL COMMENT 'Leoben',
  `707` int(11) NOT NULL COMMENT 'Lienz',
  `612` int(11) NOT NULL COMMENT 'Liezen (inkl. Gröbming)',
  `314` int(11) NOT NULL COMMENT 'Lilienfeld',
  `401` int(11) NOT NULL COMMENT 'Linz(Stadt)',
  `410` int(11) NOT NULL COMMENT 'Linz-Land',
  `106` int(11) NOT NULL COMMENT 'Mattersburg',
  `315` int(11) NOT NULL COMMENT 'Melk',
  `316` int(11) NOT NULL COMMENT 'Mistelbach',
  `317` int(11) NOT NULL COMMENT 'Mödling',
  `614` int(11) NOT NULL COMMENT 'Murau',
  `620` int(11) NOT NULL COMMENT 'Murtal',
  `318` int(11) NOT NULL COMMENT 'Neunkirchen',
  `107` int(11) NOT NULL COMMENT 'Neusiedl am See',
  `108` int(11) NOT NULL COMMENT 'Oberpullendorf',
  `109` int(11) NOT NULL COMMENT 'Oberwart',
  `411` int(11) NOT NULL COMMENT 'Perg',
  `708` int(11) NOT NULL COMMENT 'Reutte',
  `412` int(11) NOT NULL COMMENT 'Ried im Innkreis',
  `413` int(11) NOT NULL COMMENT 'Rohrbach',
  `501` int(11) NOT NULL COMMENT 'Salzburg(Stadt)',
  `503` int(11) NOT NULL COMMENT 'Salzburg-Umgebung',
  `504` int(11) NOT NULL COMMENT 'Sankt Johann im Pongau',
  `319` int(11) NOT NULL COMMENT 'Sankt Pölten(Land)',
  `302` int(11) NOT NULL COMMENT 'Sankt Pölten(Stadt)',
  `205` int(11) NOT NULL COMMENT 'Sankt Veit an der Glan',
  `414` int(11) NOT NULL COMMENT 'Schärding',
  `320` int(11) NOT NULL COMMENT 'Scheibbs',
  `709` int(11) NOT NULL COMMENT 'Schwaz',
  `206` int(11) NOT NULL COMMENT 'Spittal an der Drau',
  `402` int(11) NOT NULL COMMENT 'Steyr(Stadt)',
  `415` int(11) NOT NULL COMMENT 'Steyr-Land',
  `623` int(11) NOT NULL COMMENT 'Südoststeiermark',
  `505` int(11) NOT NULL COMMENT 'Tamsweg',
  `321` int(11) NOT NULL COMMENT 'Tulln',
  `416` int(11) NOT NULL COMMENT 'Urfahr-Umgebung',
  `207` int(11) NOT NULL COMMENT 'Villach Land',
  `202` int(11) NOT NULL COMMENT 'Villach Stadt',
  `417` int(11) NOT NULL COMMENT 'Vöcklabruck',
  `616` int(11) NOT NULL COMMENT 'Voitsberg',
  `208` int(11) NOT NULL COMMENT 'Völkermarkt',
  `322` int(11) NOT NULL COMMENT 'Waidhofen an der Thaya',
  `303` int(11) NOT NULL COMMENT 'Waidhofen an der Ybbs(Stadt)',
  `617` int(11) NOT NULL COMMENT 'Weiz',
  `403` int(11) NOT NULL COMMENT 'Wels(Stadt)',
  `418` int(11) NOT NULL COMMENT 'Wels-Land',
  `900` int(11) NOT NULL COMMENT 'Wien(Stadt)',
  `323` int(11) NOT NULL COMMENT 'Wiener Neustadt(Land)',
  `304` int(11) NOT NULL COMMENT 'Wiener Neustadt(Stadt)',
  `209` int(11) NOT NULL COMMENT 'Wolfsberg',
  `506` int(11) NOT NULL COMMENT 'Zell am See',
  `325` int(11) NOT NULL COMMENT 'Zwettl',
  PRIMARY KEY (`timestamp`)
) ENGINE=InnoDB DEFAULT CHARSET=latin1;
/*!40101 SET character_set_client = @saved_cs_client */;

--
-- Dumping data for table `district_infected`
--

LOCK TABLES `district_infected` WRITE;
/*!40000 ALTER TABLE `district_infected` DISABLE KEYS */;
INSERT INTO `district_infected` VALUES (1595782800,314,221,270,162,283,136,64,54,161,82,19,28,226,15,140,131,16,115,571,261,90,26,80,321,5,48,97,297,409,443,10,65,376,51,102,196,45,173,540,1009,193,38,156,109,54,667,491,81,190,146,227,9,52,238,66,26,145,350,63,76,171,192,242,456,289,109,54,66,105,358,46,75,200,68,26,194,335,51,24,170,106,55,76,27,205,139,128,4797,109,89,50,371,74),(1595930400,319,222,273,164,283,140,66,54,165,82,19,28,226,16,141,132,16,133,576,263,91,27,80,321,5,48,97,297,411,445,10,68,376,51,102,198,45,173,542,1007,193,43,156,109,53,673,497,82,190,146,228,9,57,238,66,26,145,355,63,77,174,193,243,456,291,111,54,66,106,358,49,77,200,68,26,194,335,51,24,171,106,55,75,27,205,140,132,4858,111,88,50,371,75),(1595934000,319,222,273,164,283,139,66,54,165,82,19,28,226,16,141,132,16,133,576,263,91,27,80,321,5,48,97,297,411,445,10,67,376,51,102,198,45,173,542,1007,193,43,156,109,53,673,497,82,190,146,228,9,58,238,66,26,145,355,63,77,174,193,243,456,291,111,54,66,106,358,49,77,200,68,26,194,335,51,24,171,106,55,75,27,205,140,132,4861,111,88,50,371,75),(1595937600,319,222,273,164,283,139,66,54,165,82,19,29,226,16,141,132,16,135,580,263,91,27,80,321,5,48,97,297,411,445,10,67,376,51,102,198,45,173,542,1007,193,43,156,109,53,673,500,83,190,146,228,9,58,238,66,26,145,355,63,77,174,194,243,456,291,111,54,66,106,358,48,77,200,68,26,194,335,51,24,171,106,55,75,27,205,139,132,4863,111,88,50,371,75),(1595941200,319,222,273,164,283,140,66,54,165,82,19,29,226,16,141,132,16,135,580,263,91,27,80,321,5,48,97,297,411,445,10,67,376,51,102,198,45,173,542,1007,193,43,156,109,53,673,500,83,190,146,228,9,58,238,66,26,145,355,63,77,174,194,243,456,291,111,54,66,106,358,48,77,200,68,26,194,337,51,24,171,106,55,75,27,205,139,132,4868,111,88,50,371,75);
/*!40000 ALTER TABLE `district_infected` ENABLE KEYS */;
UNLOCK TABLES;

--
-- Table structure for table `districts`
--

DROP TABLE IF EXISTS `districts`;
/*!40101 SET @saved_cs_client     = @@character_set_client */;
/*!40101 SET character_set_client = utf8 */;
CREATE TABLE `districts` (
  `GKZ` int(11) NOT NULL,
  `Bezirk` varchar(30) NOT NULL,
  PRIMARY KEY (`GKZ`)
) ENGINE=InnoDB DEFAULT CHARSET=latin1;
/*!40101 SET character_set_client = @saved_cs_client */;

--
-- Dumping data for table `districts`
--

LOCK TABLES `districts` WRITE;
/*!40000 ALTER TABLE `districts` DISABLE KEYS */;
INSERT INTO `districts` VALUES (101,'Eisenstadt(Stadt)'),(102,'Rust(Stadt)'),(103,'Eisenstadt-Umgebung'),(104,'Güssing'),(105,'Jennersdorf'),(106,'Mattersburg'),(107,'Neusiedl am See'),(108,'Oberpullendorf'),(109,'Oberwart'),(201,'Klagenfurt Stadt'),(202,'Villach Stadt'),(203,'Hermagor'),(204,'Klagenfurt Land'),(205,'Sankt Veit an der Glan'),(206,'Spittal an der Drau'),(207,'Villach Land'),(208,'Völkermarkt'),(209,'Wolfsberg'),(210,'Feldkirchen'),(301,'Krems an der Donau(Stadt)'),(302,'Sankt Pölten(Stadt)'),(303,'Waidhofen an der Ybbs(Stadt)'),(304,'Wiener Neustadt(Stadt)'),(305,'Amstetten'),(306,'Baden'),(307,'Bruck an der Leitha'),(308,'Gänserndorf'),(309,'Gmünd'),(310,'Hollabrunn'),(311,'Horn'),(312,'Korneuburg'),(313,'Krems(Land)'),(314,'Lilienfeld'),(315,'Melk'),(316,'Mistelbach'),(317,'Mödling'),(318,'Neunkirchen'),(319,'Sankt Pölten(Land)'),(320,'Scheibbs'),(321,'Tulln'),(322,'Waidhofen an der Thaya'),(323,'Wiener Neustadt(Land)'),(325,'Zwettl'),(401,'Linz(Stadt)'),(402,'Steyr(Stadt)'),(403,'Wels(Stadt)'),(404,'Braunau am Inn'),(405,'Eferding'),(406,'Freistadt'),(407,'Gmunden'),(408,'Grieskirchen'),(409,'Kirchdorf an der Krems'),(410,'Linz-Land'),(411,'Perg'),(412,'Ried im Innkreis'),(413,'Rohrbach'),(414,'Schärding'),(415,'Steyr-Land'),(416,'Urfahr-Umgebung'),(417,'Vöcklabruck'),(418,'Wels-Land'),(501,'Salzburg(Stadt)'),(502,'Hallein'),(503,'Salzburg-Umgebung'),(504,'Sankt Johann im Pongau'),(505,'Tamsweg'),(506,'Zell am See'),(601,'Graz(Stadt)'),(603,'Deutschlandsberg'),(606,'Graz-Umgebung'),(610,'Leibnitz'),(611,'Leoben'),(612,'Liezen (inkl. Gröbming)'),(614,'Murau'),(616,'Voitsberg'),(617,'Weiz'),(620,'Murtal'),(621,'Bruck-Mürzzuschlag'),(622,'Hartberg-Fürstenfeld'),(623,'Südoststeiermark'),(701,'Innsbruck-Stadt'),(702,'Imst'),(703,'Innsbruck-Land'),(704,'Kitzbühel'),(705,'Kufstein'),(706,'Landeck'),(707,'Lienz'),(708,'Reutte'),(709,'Schwaz'),(801,'Bludenz'),(802,'Bregenz'),(803,'Dornbirn'),(804,'Feldkirch'),(900,'Wien(Stadt)');
/*!40000 ALTER TABLE `districts` ENABLE KEYS */;
UNLOCK TABLES;

--
-- Table structure for table `districts_infected`
--

DROP TABLE IF EXISTS `districts_infected`;
/*!40101 SET @saved_cs_client     = @@character_set_client */;
/*!40101 SET character_set_client = utf8 */;
CREATE TABLE `districts_infected` (
  `timestamp` int(11) NOT NULL,
  `GKZ` int(11) NOT NULL,
  `number` int(11) NOT NULL,
  UNIQUE KEY `timestamp` (`timestamp`,`GKZ`),
  KEY `FK_districts_GKZ` (`GKZ`),
  CONSTRAINT `FK_districts_GKZ` FOREIGN KEY (`GKZ`) REFERENCES `districts` (`GKZ`) ON DELETE CASCADE ON UPDATE CASCADE
) ENGINE=InnoDB DEFAULT CHARSET=latin1;
/*!40101 SET character_set_client = @saved_cs_client */;

--
-- Dumping data for table `districts_infected`
--

LOCK TABLES `districts_infected` WRITE;
/*!40000 ALTER TABLE `districts_infected` DISABLE KEYS */;
INSERT INTO `districts_infected` VALUES (1595782800,101,19),(1595782800,103,28),(1595782800,104,26),(1595782800,105,10),(1595782800,106,81),(1595782800,107,66),(1595782800,108,26),(1595782800,109,145),(1595782800,201,102),(1595782800,202,24),(1595782800,203,5),(1595782800,204,51),(1595782800,205,54),(1595782800,206,46),(1595782800,207,51),(1595782800,208,55),(1595782800,209,50),(1595782800,210,15),(1595782800,301,45),(1595782800,302,109),(1595782800,303,27),(1595782800,304,89),(1595782800,305,314),(1595782800,306,221),(1595782800,307,136),(1595782800,308,131),(1595782800,309,16),(1595782800,310,48),(1595782800,311,97),(1595782800,312,196),(1595782800,313,173),(1595782800,314,54),(1595782800,315,190),(1595782800,316,146),(1595782800,317,227),(1595782800,318,238),(1595782800,319,289),(1595782800,320,105),(1595782800,321,194),(1595782800,322,76),(1595782800,323,109),(1595782800,325,74),(1595782800,401,667),(1595782800,402,75),(1595782800,403,139),(1595782800,404,162),(1595782800,405,82),(1595782800,406,140),(1595782800,407,115),(1595782800,408,90),(1595782800,409,65),(1595782800,410,491),(1595782800,411,350),(1595782800,412,76),(1595782800,413,171),(1595782800,414,66),(1595782800,415,200),(1595782800,416,335),(1595782800,417,170),(1595782800,418,128),(1595782800,501,192),(1595782800,502,80),(1595782800,503,242),(1595782800,504,456),(1595782800,505,26),(1595782800,506,371),(1595782800,601,571),(1595782800,603,54),(1595782800,606,261),(1595782800,610,193),(1595782800,611,38),(1595782800,612,109),(1595782800,614,9),(1595782800,616,106),(1595782800,617,205),(1595782800,620,52),(1595782800,621,64),(1595782800,622,321),(1595782800,623,68),(1595782800,701,443),(1595782800,702,297),(1595782800,703,409),(1595782800,704,376),(1595782800,705,540),(1595782800,706,1009),(1595782800,707,156),(1595782800,708,63),(1595782800,709,358),(1595782800,801,270),(1595782800,802,283),(1595782800,803,161),(1595782800,804,226),(1595782800,900,4797),(1595930400,101,19),(1595930400,103,28),(1595930400,104,27),(1595930400,105,10),(1595930400,106,82),(1595930400,107,66),(1595930400,108,26),(1595930400,109,145),(1595930400,201,102),(1595930400,202,24),(1595930400,203,5),(1595930400,204,51),(1595930400,205,54),(1595930400,206,49),(1595930400,207,51),(1595930400,208,55),(1595930400,209,50),(1595930400,210,16),(1595930400,301,45),(1595930400,302,111),(1595930400,303,27),(1595930400,304,88),(1595930400,305,319),(1595930400,306,222),(1595930400,307,140),(1595930400,308,132),(1595930400,309,16),(1595930400,310,48),(1595930400,311,97),(1595930400,312,198),(1595930400,313,173),(1595930400,314,53),(1595930400,315,190),(1595930400,316,146),(1595930400,317,228),(1595930400,318,238),(1595930400,319,291),(1595930400,320,106),(1595930400,321,194),(1595930400,322,75),(1595930400,323,111),(1595930400,325,75),(1595930400,401,673),(1595930400,402,77),(1595930400,403,140),(1595930400,404,164),(1595930400,405,82),(1595930400,406,141),(1595930400,407,133),(1595930400,408,91),(1595930400,409,68),(1595930400,410,497),(1595930400,411,355),(1595930400,412,77),(1595930400,413,174),(1595930400,414,66),(1595930400,415,200),(1595930400,416,335),(1595930400,417,171),(1595930400,418,132),(1595930400,501,193),(1595930400,502,80),(1595930400,503,243),(1595930400,504,456),(1595930400,505,26),(1595930400,506,371),(1595930400,601,576),(1595930400,603,54),(1595930400,606,263),(1595930400,610,193),(1595930400,611,43),(1595930400,612,109),(1595930400,614,9),(1595930400,616,106),(1595930400,617,205),(1595930400,620,57),(1595930400,621,66),(1595930400,622,321),(1595930400,623,68),(1595930400,701,445),(1595930400,702,297),(1595930400,703,411),(1595930400,704,376),(1595930400,705,542),(1595930400,706,1007),(1595930400,707,156),(1595930400,708,63),(1595930400,709,358),(1595930400,801,273),(1595930400,802,283),(1595930400,803,165),(1595930400,804,226),(1595930400,900,4858),(1595934000,101,19),(1595934000,103,28),(1595934000,104,27),(1595934000,105,10),(1595934000,106,82),(1595934000,107,66),(1595934000,108,26),(1595934000,109,145),(1595934000,201,102),(1595934000,202,24),(1595934000,203,5),(1595934000,204,51),(1595934000,205,54),(1595934000,206,49),(1595934000,207,51),(1595934000,208,55),(1595934000,209,50),(1595934000,210,16),(1595934000,301,45),(1595934000,302,111),(1595934000,303,27),(1595934000,304,88),(1595934000,305,319),(1595934000,306,222),(1595934000,307,139),(1595934000,308,132),(1595934000,309,16),(1595934000,310,48),(1595934000,311,97),(1595934000,312,198),(1595934000,313,173),(1595934000,314,53),(1595934000,315,190),(1595934000,316,146),(1595934000,317,228),(1595934000,318,238),(1595934000,319,291),(1595934000,320,106),(1595934000,321,194),(1595934000,322,75),(1595934000,323,111),(1595934000,325,75),(1595934000,401,673),(1595934000,402,77),(1595934000,403,140),(1595934000,404,164),(1595934000,405,82),(1595934000,406,141),(1595934000,407,133),(1595934000,408,91),(1595934000,409,67),(1595934000,410,497),(1595934000,411,355),(1595934000,412,77),(1595934000,413,174),(1595934000,414,66),(1595934000,415,200),(1595934000,416,335),(1595934000,417,171),(1595934000,418,132),(1595934000,501,193),(1595934000,502,80),(1595934000,503,243),(1595934000,504,456),(1595934000,505,26),(1595934000,506,371),(1595934000,601,576),(1595934000,603,54),(1595934000,606,263),(1595934000,610,193),(1595934000,611,43),(1595934000,612,109),(1595934000,614,9),(1595934000,616,106),(1595934000,617,205),(1595934000,620,58),(1595934000,621,66),(1595934000,622,321),(1595934000,623,68),(1595934000,701,445),(1595934000,702,297),(1595934000,703,411),(1595934000,704,376),(1595934000,705,542),(1595934000,706,1007),(1595934000,707,156),(1595934000,708,63),(1595934000,709,358),(1595934000,801,273),(1595934000,802,283),(1595934000,803,165),(1595934000,804,226),(1595934000,900,4861),(1595937600,101,19),(1595937600,103,29),(1595937600,104,27),(1595937600,105,10),(1595937600,106,83),(1595937600,107,66),(1595937600,108,26),(1595937600,109,145),(1595937600,201,102),(1595937600,202,24),(1595937600,203,5),(1595937600,204,51),(1595937600,205,54),(1595937600,206,48),(1595937600,207,51),(1595937600,208,55),(1595937600,209,50),(1595937600,210,16),(1595937600,301,45),(1595937600,302,111),(1595937600,303,27),(1595937600,304,88),(1595937600,305,319),(1595937600,306,222),(1595937600,307,139),(1595937600,308,132),(1595937600,309,16),(1595937600,310,48),(1595937600,311,97),(1595937600,312,198),(1595937600,313,173),(1595937600,314,53),(1595937600,315,190),(1595937600,316,146),(1595937600,317,228),(1595937600,318,238),(1595937600,319,291),(1595937600,320,106),(1595937600,321,194),(1595937600,322,75),(1595937600,323,111),(1595937600,325,75),(1595937600,401,673),(1595937600,402,77),(1595937600,403,139),(1595937600,404,164),(1595937600,405,82),(1595937600,406,141),(1595937600,407,135),(1595937600,408,91),(1595937600,409,67),(1595937600,410,500),(1595937600,411,355),(1595937600,412,77),(1595937600,413,174),(1595937600,414,66),(1595937600,415,200),(1595937600,416,335),(1595937600,417,171),(1595937600,418,132),(1595937600,501,194),(1595937600,502,80),(1595937600,503,243),(1595937600,504,456),(1595937600,505,26),(1595937600,506,371),(1595937600,601,580),(1595937600,603,54),(1595937600,606,263),(1595937600,610,193),(1595937600,611,43),(1595937600,612,109),(1595937600,614,9),(1595937600,616,106),(1595937600,617,205),(1595937600,620,58),(1595937600,621,66),(1595937600,622,321),(1595937600,623,68),(1595937600,701,445),(1595937600,702,297),(1595937600,703,411),(1595937600,704,376),(1595937600,705,542),(1595937600,706,1007),(1595937600,707,156),(1595937600,708,63),(1595937600,709,358),(1595937600,801,273),(1595937600,802,283),(1595937600,803,165),(1595937600,804,226),(1595937600,900,4863),(1595941200,101,19),(1595941200,103,29),(1595941200,104,27),(1595941200,105,10),(1595941200,106,83),(1595941200,107,66),(1595941200,108,26),(1595941200,109,145),(1595941200,201,102),(1595941200,202,24),(1595941200,203,5),(1595941200,204,51),(1595941200,205,54),(1595941200,206,48),(1595941200,207,51),(1595941200,208,55),(1595941200,209,50),(1595941200,210,16),(1595941200,301,45),(1595941200,302,111),(1595941200,303,27),(1595941200,304,88),(1595941200,305,319),(1595941200,306,222),(1595941200,307,140),(1595941200,308,132),(1595941200,309,16),(1595941200,310,48),(1595941200,311,97),(1595941200,312,198),(1595941200,313,173),(1595941200,314,53),(1595941200,315,190),(1595941200,316,146),(1595941200,317,228),(1595941200,318,238),(1595941200,319,291),(1595941200,320,106),(1595941200,321,194),(1595941200,322,75),(1595941200,323,111),(1595941200,325,75),(1595941200,401,673),(1595941200,402,77),(1595941200,403,139),(1595941200,404,164),(1595941200,405,82),(1595941200,406,141),(1595941200,407,135),(1595941200,408,91),(1595941200,409,67),(1595941200,410,500),(1595941200,411,355),(1595941200,412,77),(1595941200,413,174),(1595941200,414,66),(1595941200,415,200),(1595941200,416,337),(1595941200,417,171),(1595941200,418,132),(1595941200,501,194),(1595941200,502,80),(1595941200,503,243),(1595941200,504,456),(1595941200,505,26),(1595941200,506,371),(1595941200,601,580),(1595941200,603,54),(1595941200,606,263),(1595941200,610,193),(1595941200,611,43),(1595941200,612,109),(1595941200,614,9),(1595941200,616,106),(1595941200,617,205),(1595941200,620,58),(1595941200,621,66),(1595941200,622,321),(1595941200,623,68),(1595941200,701,445),(1595941200,702,297),(1595941200,703,411),(1595941200,704,376),(1595941200,705,542),(1595941200,706,1007),(1595941200,707,156),(1595941200,708,63),(1595941200,709,358),(1595941200,801,273),(1595941200,802,283),(1595941200,803,165),(1595941200,804,226),(1595941200,900,4868),(1596031200,101,19),(1596031200,102,1),(1596031200,103,30),(1596031200,104,27),(1596031200,105,10),(1596031200,106,82),(1596031200,107,67),(1596031200,108,26),(1596031200,109,145),(1596031200,201,103),(1596031200,202,24),(1596031200,203,5),(1596031200,204,51),(1596031200,205,54),(1596031200,206,48),(1596031200,207,51),(1596031200,208,55),(1596031200,209,50),(1596031200,210,16),(1596031200,301,45),(1596031200,302,111),(1596031200,303,27),(1596031200,304,88),(1596031200,305,320),(1596031200,306,223),(1596031200,307,141),(1596031200,308,135),(1596031200,309,16),(1596031200,310,48),(1596031200,311,98),(1596031200,312,200),(1596031200,313,176),(1596031200,314,53),(1596031200,315,190),(1596031200,316,147),(1596031200,317,231),(1596031200,318,238),(1596031200,319,292),(1596031200,320,106),(1596031200,321,194),(1596031200,322,75),(1596031200,323,111),(1596031200,325,76),(1596031200,401,687),(1596031200,402,78),(1596031200,403,139),(1596031200,404,164),(1596031200,405,82),(1596031200,406,141),(1596031200,407,136),(1596031200,408,91),(1596031200,409,66),(1596031200,410,500),(1596031200,411,359),(1596031200,412,77),(1596031200,413,175),(1596031200,414,66),(1596031200,415,201),(1596031200,416,337),(1596031200,417,177),(1596031200,418,134),(1596031200,501,195),(1596031200,502,81),(1596031200,503,247),(1596031200,504,457),(1596031200,505,26),(1596031200,506,371),(1596031200,601,580),(1596031200,603,54),(1596031200,606,264),(1596031200,610,193),(1596031200,611,49),(1596031200,612,109),(1596031200,614,10),(1596031200,616,107),(1596031200,617,205),(1596031200,620,58),(1596031200,621,68),(1596031200,622,321),(1596031200,623,68),(1596031200,701,446),(1596031200,702,297),(1596031200,703,413),(1596031200,704,382),(1596031200,705,560),(1596031200,706,1007),(1596031200,707,156),(1596031200,708,63),(1596031200,709,360),(1596031200,801,274),(1596031200,802,285),(1596031200,803,167),(1596031200,804,227),(1596031200,900,4922),(1596034800,101,19),(1596034800,102,1),(1596034800,103,30),(1596034800,104,27),(1596034800,105,10),(1596034800,106,82),(1596034800,107,67),(1596034800,108,26),(1596034800,109,145),(1596034800,201,103),(1596034800,202,24),(1596034800,203,5),(1596034800,204,51),(1596034800,205,54),(1596034800,206,48),(1596034800,207,51),(1596034800,208,55),(1596034800,209,50),(1596034800,210,16),(1596034800,301,45),(1596034800,302,111),(1596034800,303,27),(1596034800,304,88),(1596034800,305,320),(1596034800,306,223),(1596034800,307,141),(1596034800,308,135),(1596034800,309,16),(1596034800,310,48),(1596034800,311,98),(1596034800,312,200),(1596034800,313,176),(1596034800,314,53),(1596034800,315,190),(1596034800,316,147),(1596034800,317,231),(1596034800,318,238),(1596034800,319,292),(1596034800,320,106),(1596034800,321,194),(1596034800,322,75),(1596034800,323,111),(1596034800,325,76),(1596034800,401,687),(1596034800,402,78),(1596034800,403,139),(1596034800,404,164),(1596034800,405,82),(1596034800,406,141),(1596034800,407,136),(1596034800,408,91),(1596034800,409,68),(1596034800,410,500),(1596034800,411,359),(1596034800,412,77),(1596034800,413,175),(1596034800,414,66),(1596034800,415,201),(1596034800,416,337),(1596034800,417,177),(1596034800,418,134),(1596034800,501,197),(1596034800,502,81),(1596034800,503,249),(1596034800,504,458),(1596034800,505,26),(1596034800,506,371),(1596034800,601,581),(1596034800,603,54),(1596034800,606,264),(1596034800,610,193),(1596034800,611,49),(1596034800,612,109),(1596034800,614,10),(1596034800,616,107),(1596034800,617,205),(1596034800,620,58),(1596034800,621,68),(1596034800,622,321),(1596034800,623,68),(1596034800,701,446),(1596034800,702,297),(1596034800,703,413),(1596034800,704,382),(1596034800,705,560),(1596034800,706,1007),(1596034800,707,156),(1596034800,708,63),(1596034800,709,360),(1596034800,801,274),(1596034800,802,285),(1596034800,803,167),(1596034800,804,228),(1596034800,900,4922),(1596038400,101,19),(1596038400,102,1),(1596038400,103,30),(1596038400,104,27),(1596038400,105,10),(1596038400,106,82),(1596038400,107,67),(1596038400,108,26),(1596038400,109,145),(1596038400,201,103),(1596038400,202,24),(1596038400,203,5),(1596038400,204,51),(1596038400,205,54),(1596038400,206,48),(1596038400,207,51),(1596038400,208,55),(1596038400,209,50),(1596038400,210,16),(1596038400,301,45),(1596038400,302,111),(1596038400,303,27),(1596038400,304,88),(1596038400,305,320),(1596038400,306,223),(1596038400,307,141),(1596038400,308,135),(1596038400,309,16),(1596038400,310,48),(1596038400,311,98),(1596038400,312,200),(1596038400,313,176),(1596038400,314,53),(1596038400,315,190),(1596038400,316,147),(1596038400,317,231),(1596038400,318,238),(1596038400,319,292),(1596038400,320,106),(1596038400,321,194),(1596038400,322,75),(1596038400,323,111),(1596038400,325,76),(1596038400,401,690),(1596038400,402,78),(1596038400,403,139),(1596038400,404,164),(1596038400,405,82),(1596038400,406,141),(1596038400,407,136),(1596038400,408,91),(1596038400,409,68),(1596038400,410,500),(1596038400,411,359),(1596038400,412,77),(1596038400,413,175),(1596038400,414,66),(1596038400,415,201),(1596038400,416,337),(1596038400,417,177),(1596038400,418,134),(1596038400,501,197),(1596038400,502,81),(1596038400,503,249),(1596038400,504,458),(1596038400,505,26),(1596038400,506,371),(1596038400,601,581),(1596038400,603,54),(1596038400,606,264),(1596038400,610,193),(1596038400,611,49),(1596038400,612,109),(1596038400,614,10),(1596038400,616,107),(1596038400,617,205),(1596038400,620,58),(1596038400,621,68),(1596038400,622,321),(1596038400,623,68),(1596038400,701,446),(1596038400,702,297),(1596038400,703,413),(1596038400,704,381),(1596038400,705,561),(1596038400,706,1007),(1596038400,707,156),(1596038400,708,63),(1596038400,709,360),(1596038400,801,274),(1596038400,802,285),(1596038400,803,167),(1596038400,804,228),(1596038400,900,4924),(1596042000,101,19),(1596042000,102,1),(1596042000,103,30),(1596042000,104,27),(1596042000,105,10),(1596042000,106,82),(1596042000,107,67),(1596042000,108,26),(1596042000,109,145),(1596042000,201,103),(1596042000,202,24),(1596042000,203,5),(1596042000,204,51),(1596042000,205,54),(1596042000,206,48),(1596042000,207,51),(1596042000,208,55),(1596042000,209,50),(1596042000,210,16),(1596042000,301,45),(1596042000,302,111),(1596042000,303,27),(1596042000,304,88),(1596042000,305,320),(1596042000,306,223),(1596042000,307,141),(1596042000,308,135),(1596042000,309,16),(1596042000,310,48),(1596042000,311,98),(1596042000,312,200),(1596042000,313,176),(1596042000,314,53),(1596042000,315,190),(1596042000,316,147),(1596042000,317,231),(1596042000,318,238),(1596042000,319,292),(1596042000,320,106),(1596042000,321,194),(1596042000,322,75),(1596042000,323,111),(1596042000,325,76),(1596042000,401,690),(1596042000,402,78),(1596042000,403,139),(1596042000,404,164),(1596042000,405,83),(1596042000,406,141),(1596042000,407,136),(1596042000,408,91),(1596042000,409,68),(1596042000,410,500),(1596042000,411,359),(1596042000,412,77),(1596042000,413,175),(1596042000,414,66),(1596042000,415,201),(1596042000,416,337),(1596042000,417,177),(1596042000,418,134),(1596042000,501,197),(1596042000,502,81),(1596042000,503,249),(1596042000,504,458),(1596042000,505,26),(1596042000,506,371),(1596042000,601,581),(1596042000,603,54),(1596042000,606,264),(1596042000,610,193),(1596042000,611,49),(1596042000,612,109),(1596042000,614,10),(1596042000,616,107),(1596042000,617,205),(1596042000,620,58),(1596042000,621,68),(1596042000,622,321),(1596042000,623,68),(1596042000,701,446),(1596042000,702,297),(1596042000,703,413),(1596042000,704,381),(1596042000,705,561),(1596042000,706,1007),(1596042000,707,156),(1596042000,708,63),(1596042000,709,360),(1596042000,801,274),(1596042000,802,285),(1596042000,803,167),(1596042000,804,228),(1596042000,900,4924),(1596045600,101,19),(1596045600,102,1),(1596045600,103,30),(1596045600,104,31),(1596045600,105,10),(1596045600,106,82),(1596045600,107,68),(1596045600,108,26),(1596045600,109,146),(1596045600,201,103),(1596045600,202,24),(1596045600,203,5),(1596045600,204,51),(1596045600,205,54),(1596045600,206,48),(1596045600,207,51),(1596045600,208,55),(1596045600,209,50),(1596045600,210,16),(1596045600,301,45),(1596045600,302,111),(1596045600,303,27),(1596045600,304,88),(1596045600,305,320),(1596045600,306,223),(1596045600,307,141),(1596045600,308,135),(1596045600,309,16),(1596045600,310,48),(1596045600,311,98),(1596045600,312,200),(1596045600,313,176),(1596045600,314,53),(1596045600,315,190),(1596045600,316,147),(1596045600,317,231),(1596045600,318,238),(1596045600,319,292),(1596045600,320,106),(1596045600,321,194),(1596045600,322,75),(1596045600,323,111),(1596045600,325,76),(1596045600,401,690),(1596045600,402,78),(1596045600,403,139),(1596045600,404,164),(1596045600,405,83),(1596045600,406,141),(1596045600,407,136),(1596045600,408,91),(1596045600,409,68),(1596045600,410,500),(1596045600,411,359),(1596045600,412,77),(1596045600,413,175),(1596045600,414,66),(1596045600,415,201),(1596045600,416,337),(1596045600,417,177),(1596045600,418,134),(1596045600,501,197),(1596045600,502,81),(1596045600,503,249),(1596045600,504,458),(1596045600,505,26),(1596045600,506,371),(1596045600,601,581),(1596045600,603,54),(1596045600,606,264),(1596045600,610,193),(1596045600,611,49),(1596045600,612,109),(1596045600,614,10),(1596045600,616,107),(1596045600,617,205),(1596045600,620,58),(1596045600,621,68),(1596045600,622,321),(1596045600,623,68),(1596045600,701,446),(1596045600,702,297),(1596045600,703,413),(1596045600,704,381),(1596045600,705,561),(1596045600,706,1007),(1596045600,707,156),(1596045600,708,63),(1596045600,709,360),(1596045600,801,274),(1596045600,802,285),(1596045600,803,167),(1596045600,804,228),(1596045600,900,4927),(1596049200,101,19),(1596049200,102,1),(1596049200,103,30),(1596049200,104,31),(1596049200,105,10),(1596049200,106,82),(1596049200,107,68),(1596049200,108,26),(1596049200,109,146),(1596049200,201,103),(1596049200,202,24),(1596049200,203,5),(1596049200,204,51),(1596049200,205,54),(1596049200,206,48),(1596049200,207,51),(1596049200,208,55),(1596049200,209,50),(1596049200,210,16),(1596049200,301,45),(1596049200,302,111),(1596049200,303,27),(1596049200,304,88),(1596049200,305,320),(1596049200,306,223),(1596049200,307,141),(1596049200,308,135),(1596049200,309,16),(1596049200,310,48),(1596049200,311,98),(1596049200,312,200),(1596049200,313,176),(1596049200,314,53),(1596049200,315,190),(1596049200,316,147),(1596049200,317,231),(1596049200,318,238),(1596049200,319,292),(1596049200,320,106),(1596049200,321,194),(1596049200,322,75),(1596049200,323,111),(1596049200,325,76),(1596049200,401,690),(1596049200,402,78),(1596049200,403,139),(1596049200,404,164),(1596049200,405,83),(1596049200,406,141),(1596049200,407,136),(1596049200,408,91),(1596049200,409,68),(1596049200,410,500),(1596049200,411,359),(1596049200,412,77),(1596049200,413,175),(1596049200,414,66),(1596049200,415,201),(1596049200,416,337),(1596049200,417,177),(1596049200,418,134),(1596049200,501,197),(1596049200,502,81),(1596049200,503,249),(1596049200,504,458),(1596049200,505,27),(1596049200,506,371),(1596049200,601,581),(1596049200,603,54),(1596049200,606,264),(1596049200,610,193),(1596049200,611,49),(1596049200,612,109),(1596049200,614,10),(1596049200,616,107),(1596049200,617,206),(1596049200,620,58),(1596049200,621,68),(1596049200,622,321),(1596049200,623,68),(1596049200,701,446),(1596049200,702,297),(1596049200,703,413),(1596049200,704,381),(1596049200,705,561),(1596049200,706,1007),(1596049200,707,156),(1596049200,708,63),(1596049200,709,360),(1596049200,801,274),(1596049200,802,285),(1596049200,803,167),(1596049200,804,228),(1596049200,900,4928),(1596052800,101,19),(1596052800,102,1),(1596052800,103,30),(1596052800,104,31),(1596052800,105,10),(1596052800,106,82),(1596052800,107,68),(1596052800,108,26),(1596052800,109,146),(1596052800,201,103),(1596052800,202,24),(1596052800,203,5),(1596052800,204,51),(1596052800,205,54),(1596052800,206,48),(1596052800,207,51),(1596052800,208,55),(1596052800,209,50),(1596052800,210,16),(1596052800,301,45),(1596052800,302,111),(1596052800,303,27),(1596052800,304,88),(1596052800,305,320),(1596052800,306,223),(1596052800,307,141),(1596052800,308,135),(1596052800,309,16),(1596052800,310,48),(1596052800,311,98),(1596052800,312,200),(1596052800,313,176),(1596052800,314,53),(1596052800,315,190),(1596052800,316,147),(1596052800,317,231),(1596052800,318,238),(1596052800,319,292),(1596052800,320,106),(1596052800,321,194),(1596052800,322,75),(1596052800,323,111),(1596052800,325,76),(1596052800,401,690),(1596052800,402,78),(1596052800,403,139),(1596052800,404,164),(1596052800,405,83),(1596052800,406,141),(1596052800,407,136),(1596052800,408,91),(1596052800,409,68),(1596052800,410,500),(1596052800,411,359),(1596052800,412,77),(1596052800,413,175),(1596052800,414,66),(1596052800,415,201),(1596052800,416,337),(1596052800,417,177),(1596052800,418,134),(1596052800,501,197),(1596052800,502,81),(1596052800,503,249),(1596052800,504,458),(1596052800,505,27),(1596052800,506,371),(1596052800,601,581),(1596052800,603,54),(1596052800,606,264),(1596052800,610,193),(1596052800,611,49),(1596052800,612,109),(1596052800,614,10),(1596052800,616,107),(1596052800,617,206),(1596052800,620,58),(1596052800,621,68),(1596052800,622,321),(1596052800,623,68),(1596052800,701,446),(1596052800,702,297),(1596052800,703,413),(1596052800,704,381),(1596052800,705,561),(1596052800,706,1007),(1596052800,707,156),(1596052800,708,63),(1596052800,709,360),(1596052800,801,274),(1596052800,802,285),(1596052800,803,167),(1596052800,804,228),(1596052800,900,4930),(1596056400,101,19),(1596056400,102,1),(1596056400,103,30),(1596056400,104,31),(1596056400,105,10),(1596056400,106,82),(1596056400,107,68),(1596056400,108,26),(1596056400,109,146),(1596056400,201,103),(1596056400,202,24),(1596056400,203,5),(1596056400,204,51),(1596056400,205,54),(1596056400,206,48),(1596056400,207,51),(1596056400,208,55),(1596056400,209,50),(1596056400,210,16),(1596056400,301,45),(1596056400,302,111),(1596056400,303,27),(1596056400,304,88),(1596056400,305,320),(1596056400,306,224),(1596056400,307,143),(1596056400,308,135),(1596056400,309,16),(1596056400,310,48),(1596056400,311,98),(1596056400,312,200),(1596056400,313,180),(1596056400,314,53),(1596056400,315,191),(1596056400,316,147),(1596056400,317,231),(1596056400,318,238),(1596056400,319,292),(1596056400,320,108),(1596056400,321,194),(1596056400,322,75),(1596056400,323,111),(1596056400,325,76),(1596056400,401,690),(1596056400,402,78),(1596056400,403,139),(1596056400,404,164),(1596056400,405,83),(1596056400,406,141),(1596056400,407,136),(1596056400,408,91),(1596056400,409,68),(1596056400,410,500),(1596056400,411,359),(1596056400,412,77),(1596056400,413,175),(1596056400,414,66),(1596056400,415,201),(1596056400,416,337),(1596056400,417,177),(1596056400,418,134),(1596056400,501,197),(1596056400,502,81),(1596056400,503,249),(1596056400,504,458),(1596056400,505,27),(1596056400,506,371),(1596056400,601,581),(1596056400,603,54),(1596056400,606,264),(1596056400,610,193),(1596056400,611,49),(1596056400,612,109),(1596056400,614,10),(1596056400,616,107),(1596056400,617,206),(1596056400,620,58),(1596056400,621,68),(1596056400,622,321),(1596056400,623,68),(1596056400,701,446),(1596056400,702,297),(1596056400,703,413),(1596056400,704,381),(1596056400,705,561),(1596056400,706,1007),(1596056400,707,156),(1596056400,708,63),(1596056400,709,360),(1596056400,801,274),(1596056400,802,285),(1596056400,803,167),(1596056400,804,228),(1596056400,900,4931),(1596060000,101,19),(1596060000,102,1),(1596060000,103,30),(1596060000,104,31),(1596060000,105,10),(1596060000,106,82),(1596060000,107,68),(1596060000,108,26),(1596060000,109,146),(1596060000,201,103),(1596060000,202,24),(1596060000,203,5),(1596060000,204,51),(1596060000,205,54),(1596060000,206,48),(1596060000,207,51),(1596060000,208,55),(1596060000,209,50),(1596060000,210,16),(1596060000,301,45),(1596060000,302,111),(1596060000,303,27),(1596060000,304,88),(1596060000,305,320),(1596060000,306,224),(1596060000,307,143),(1596060000,308,135),(1596060000,309,16),(1596060000,310,48),(1596060000,311,98),(1596060000,312,200),(1596060000,313,180),(1596060000,314,53),(1596060000,315,191),(1596060000,316,147),(1596060000,317,231),(1596060000,318,238),(1596060000,319,292),(1596060000,320,108),(1596060000,321,194),(1596060000,322,75),(1596060000,323,111),(1596060000,325,76),(1596060000,401,690),(1596060000,402,78),(1596060000,403,139),(1596060000,404,164),(1596060000,405,83),(1596060000,406,141),(1596060000,407,136),(1596060000,408,91),(1596060000,409,68),(1596060000,410,500),(1596060000,411,359),(1596060000,412,77),(1596060000,413,175),(1596060000,414,66),(1596060000,415,201),(1596060000,416,337),(1596060000,417,177),(1596060000,418,134),(1596060000,501,197),(1596060000,502,81),(1596060000,503,249),(1596060000,504,458),(1596060000,505,27),(1596060000,506,371),(1596060000,601,581),(1596060000,603,54),(1596060000,606,264),(1596060000,610,193),(1596060000,611,49),(1596060000,612,109),(1596060000,614,10),(1596060000,616,107),(1596060000,617,206),(1596060000,620,58),(1596060000,621,68),(1596060000,622,321),(1596060000,623,68),(1596060000,701,446),(1596060000,702,297),(1596060000,703,414),(1596060000,704,381),(1596060000,705,561),(1596060000,706,1007),(1596060000,707,156),(1596060000,708,63),(1596060000,709,360),(1596060000,801,274),(1596060000,802,285),(1596060000,803,167),(1596060000,804,228),(1596060000,900,4931),(1596063600,101,19),(1596063600,102,1),(1596063600,103,30),(1596063600,104,31),(1596063600,105,10),(1596063600,106,82),(1596063600,107,68),(1596063600,108,26),(1596063600,109,146),(1596063600,201,103),(1596063600,202,24),(1596063600,203,5),(1596063600,204,51),(1596063600,205,54),(1596063600,206,48),(1596063600,207,51),(1596063600,208,55),(1596063600,209,50),(1596063600,210,16),(1596063600,301,45),(1596063600,302,111),(1596063600,303,27),(1596063600,304,88),(1596063600,305,320),(1596063600,306,224),(1596063600,307,143),(1596063600,308,135),(1596063600,309,16),(1596063600,310,48),(1596063600,311,98),(1596063600,312,200),(1596063600,313,180),(1596063600,314,53),(1596063600,315,191),(1596063600,316,147),(1596063600,317,231),(1596063600,318,238),(1596063600,319,292),(1596063600,320,108),(1596063600,321,194),(1596063600,322,75),(1596063600,323,111),(1596063600,325,76),(1596063600,401,690),(1596063600,402,78),(1596063600,403,139),(1596063600,404,164),(1596063600,405,83),(1596063600,406,141),(1596063600,407,136),(1596063600,408,91),(1596063600,409,68),(1596063600,410,500),(1596063600,411,359),(1596063600,412,77),(1596063600,413,175),(1596063600,414,66),(1596063600,415,201),(1596063600,416,337),(1596063600,417,177),(1596063600,418,134),(1596063600,501,197),(1596063600,502,81),(1596063600,503,249),(1596063600,504,458),(1596063600,505,27),(1596063600,506,371),(1596063600,601,581),(1596063600,603,54),(1596063600,606,264),(1596063600,610,193),(1596063600,611,49),(1596063600,612,109),(1596063600,614,10),(1596063600,616,107),(1596063600,617,206),(1596063600,620,58),(1596063600,621,68),(1596063600,622,321),(1596063600,623,68),(1596063600,701,446),(1596063600,702,297),(1596063600,703,414),(1596063600,704,381),(1596063600,705,561),(1596063600,706,1007),(1596063600,707,156),(1596063600,708,63),(1596063600,709,360),(1596063600,801,274),(1596063600,802,285),(1596063600,803,167),(1596063600,804,228),(1596063600,900,4931),(1596067200,101,19),(1596067200,102,1),(1596067200,103,30),(1596067200,104,31),(1596067200,105,10),(1596067200,106,82),(1596067200,107,68),(1596067200,108,26),(1596067200,109,146),(1596067200,201,103),(1596067200,202,24),(1596067200,203,5),(1596067200,204,51),(1596067200,205,54),(1596067200,206,48),(1596067200,207,51),(1596067200,208,55),(1596067200,209,50),(1596067200,210,16),(1596067200,301,45),(1596067200,302,111),(1596067200,303,27),(1596067200,304,88),(1596067200,305,320),(1596067200,306,224),(1596067200,307,143),(1596067200,308,135),(1596067200,309,16),(1596067200,310,48),(1596067200,311,98),(1596067200,312,200),(1596067200,313,180),(1596067200,314,53),(1596067200,315,191),(1596067200,316,147),(1596067200,317,231),(1596067200,318,238),(1596067200,319,292),(1596067200,320,108),(1596067200,321,194),(1596067200,322,75),(1596067200,323,111),(1596067200,325,76),(1596067200,401,690),(1596067200,402,78),(1596067200,403,139),(1596067200,404,164),(1596067200,405,83),(1596067200,406,141),(1596067200,407,136),(1596067200,408,91),(1596067200,409,68),(1596067200,410,500),(1596067200,411,359),(1596067200,412,77),(1596067200,413,175),(1596067200,414,66),(1596067200,415,201),(1596067200,416,337),(1596067200,417,177),(1596067200,418,134),(1596067200,501,197),(1596067200,502,81),(1596067200,503,249),(1596067200,504,458),(1596067200,505,27),(1596067200,506,371),(1596067200,601,581),(1596067200,603,54),(1596067200,606,264),(1596067200,610,193),(1596067200,611,49),(1596067200,612,109),(1596067200,614,10),(1596067200,616,107),(1596067200,617,206),(1596067200,620,58),(1596067200,621,68),(1596067200,622,321),(1596067200,623,68),(1596067200,701,446),(1596067200,702,297),(1596067200,703,414),(1596067200,704,381),(1596067200,705,561),(1596067200,706,1007),(1596067200,707,156),(1596067200,708,63),(1596067200,709,360),(1596067200,801,274),(1596067200,802,285),(1596067200,803,167),(1596067200,804,228),(1596067200,900,4931),(1596070800,101,19),(1596070800,102,1),(1596070800,103,30),(1596070800,104,31),(1596070800,105,10),(1596070800,106,82),(1596070800,107,68),(1596070800,108,26),(1596070800,109,146),(1596070800,201,103),(1596070800,202,24),(1596070800,203,5),(1596070800,204,51),(1596070800,205,54),(1596070800,206,48),(1596070800,207,51),(1596070800,208,55),(1596070800,209,50),(1596070800,210,16),(1596070800,301,45),(1596070800,302,111),(1596070800,303,27),(1596070800,304,88),(1596070800,305,320),(1596070800,306,224),(1596070800,307,143),(1596070800,308,135),(1596070800,309,16),(1596070800,310,48),(1596070800,311,98),(1596070800,312,200),(1596070800,313,180),(1596070800,314,53),(1596070800,315,191),(1596070800,316,147),(1596070800,317,231),(1596070800,318,238),(1596070800,319,292),(1596070800,320,108),(1596070800,321,194),(1596070800,322,75),(1596070800,323,111),(1596070800,325,76),(1596070800,401,690),(1596070800,402,78),(1596070800,403,139),(1596070800,404,164),(1596070800,405,83),(1596070800,406,141),(1596070800,407,136),(1596070800,408,91),(1596070800,409,68),(1596070800,410,500),(1596070800,411,359),(1596070800,412,77),(1596070800,413,175),(1596070800,414,66),(1596070800,415,201),(1596070800,416,337),(1596070800,417,177),(1596070800,418,134),(1596070800,501,197),(1596070800,502,81),(1596070800,503,249),(1596070800,504,458),(1596070800,505,27),(1596070800,506,371),(1596070800,601,581),(1596070800,603,54),(1596070800,606,264),(1596070800,610,193),(1596070800,611,49),(1596070800,612,109),(1596070800,614,10),(1596070800,616,107),(1596070800,617,206),(1596070800,620,58),(1596070800,621,68),(1596070800,622,321),(1596070800,623,68),(1596070800,701,446),(1596070800,702,297),(1596070800,703,414),(1596070800,704,381),(1596070800,705,561),(1596070800,706,1007),(1596070800,707,156),(1596070800,708,63),(1596070800,709,360),(1596070800,801,274),(1596070800,802,285),(1596070800,803,167),(1596070800,804,228),(1596070800,900,4931),(1596074400,101,19),(1596074400,102,1),(1596074400,103,30),(1596074400,104,31),(1596074400,105,10),(1596074400,106,82),(1596074400,107,68),(1596074400,108,26),(1596074400,109,146),(1596074400,201,103),(1596074400,202,24),(1596074400,203,5),(1596074400,204,51),(1596074400,205,54),(1596074400,206,48),(1596074400,207,51),(1596074400,208,55),(1596074400,209,50),(1596074400,210,16),(1596074400,301,45),(1596074400,302,111),(1596074400,303,27),(1596074400,304,88),(1596074400,305,320),(1596074400,306,224),(1596074400,307,143),(1596074400,308,135),(1596074400,309,16),(1596074400,310,48),(1596074400,311,98),(1596074400,312,200),(1596074400,313,180),(1596074400,314,53),(1596074400,315,191),(1596074400,316,147),(1596074400,317,231),(1596074400,318,238),(1596074400,319,292),(1596074400,320,108),(1596074400,321,194),(1596074400,322,75),(1596074400,323,111),(1596074400,325,76),(1596074400,401,690),(1596074400,402,78),(1596074400,403,139),(1596074400,404,164),(1596074400,405,83),(1596074400,406,141),(1596074400,407,136),(1596074400,408,91),(1596074400,409,68),(1596074400,410,500),(1596074400,411,359),(1596074400,412,77),(1596074400,413,175),(1596074400,414,66),(1596074400,415,201),(1596074400,416,337),(1596074400,417,177),(1596074400,418,134),(1596074400,501,197),(1596074400,502,81),(1596074400,503,249),(1596074400,504,458),(1596074400,505,27),(1596074400,506,371),(1596074400,601,581),(1596074400,603,54),(1596074400,606,264),(1596074400,610,193),(1596074400,611,49),(1596074400,612,109),(1596074400,614,10),(1596074400,616,107),(1596074400,617,206),(1596074400,620,58),(1596074400,621,68),(1596074400,622,321),(1596074400,623,68),(1596074400,701,446),(1596074400,702,297),(1596074400,703,414),(1596074400,704,381),(1596074400,705,561),(1596074400,706,1007),(1596074400,707,156),(1596074400,708,63),(1596074400,709,360),(1596074400,801,274),(1596074400,802,285),(1596074400,803,167),(1596074400,804,228),(1596074400,900,4931),(1596078000,101,19),(1596078000,102,1),(1596078000,103,30),(1596078000,104,31),(1596078000,105,10),(1596078000,106,82),(1596078000,107,68),(1596078000,108,26),(1596078000,109,146),(1596078000,201,103),(1596078000,202,24),(1596078000,203,5),(1596078000,204,51),(1596078000,205,54),(1596078000,206,48),(1596078000,207,51),(1596078000,208,55),(1596078000,209,50),(1596078000,210,16),(1596078000,301,45),(1596078000,302,111),(1596078000,303,27),(1596078000,304,88),(1596078000,305,320),(1596078000,306,224),(1596078000,307,143),(1596078000,308,135),(1596078000,309,16),(1596078000,310,48),(1596078000,311,98),(1596078000,312,200),(1596078000,313,180),(1596078000,314,53),(1596078000,315,191),(1596078000,316,147),(1596078000,317,231),(1596078000,318,238),(1596078000,319,292),(1596078000,320,108),(1596078000,321,194),(1596078000,322,75),(1596078000,323,111),(1596078000,325,76),(1596078000,401,690),(1596078000,402,78),(1596078000,403,139),(1596078000,404,164),(1596078000,405,83),(1596078000,406,141),(1596078000,407,136),(1596078000,408,91),(1596078000,409,68),(1596078000,410,500),(1596078000,411,359),(1596078000,412,77),(1596078000,413,175),(1596078000,414,66),(1596078000,415,201),(1596078000,416,337),(1596078000,417,177),(1596078000,418,134),(1596078000,501,197),(1596078000,502,81),(1596078000,503,249),(1596078000,504,458),(1596078000,505,27),(1596078000,506,371),(1596078000,601,581),(1596078000,603,54),(1596078000,606,264),(1596078000,610,193),(1596078000,611,49),(1596078000,612,109),(1596078000,614,10),(1596078000,616,107),(1596078000,617,206),(1596078000,620,58),(1596078000,621,68),(1596078000,622,321),(1596078000,623,68),(1596078000,701,446),(1596078000,702,297),(1596078000,703,414),(1596078000,704,381),(1596078000,705,561),(1596078000,706,1007),(1596078000,707,156),(1596078000,708,63),(1596078000,709,360),(1596078000,801,274),(1596078000,802,285),(1596078000,803,167),(1596078000,804,228),(1596078000,900,4931),(1596081600,101,19),(1596081600,102,1),(1596081600,103,30),(1596081600,104,31),(1596081600,105,10),(1596081600,106,82),(1596081600,107,68),(1596081600,108,26),(1596081600,109,146),(1596081600,201,103),(1596081600,202,24),(1596081600,203,5),(1596081600,204,51),(1596081600,205,54),(1596081600,206,48),(1596081600,207,51),(1596081600,208,55),(1596081600,209,50),(1596081600,210,16),(1596081600,301,45),(1596081600,302,111),(1596081600,303,27),(1596081600,304,88),(1596081600,305,320),(1596081600,306,224),(1596081600,307,143),(1596081600,308,135),(1596081600,309,16),(1596081600,310,48),(1596081600,311,98),(1596081600,312,200),(1596081600,313,180),(1596081600,314,53),(1596081600,315,191),(1596081600,316,147),(1596081600,317,231),(1596081600,318,238),(1596081600,319,292),(1596081600,320,108),(1596081600,321,194),(1596081600,322,75),(1596081600,323,111),(1596081600,325,76),(1596081600,401,690),(1596081600,402,78),(1596081600,403,139),(1596081600,404,164),(1596081600,405,83),(1596081600,406,141),(1596081600,407,136),(1596081600,408,91),(1596081600,409,68),(1596081600,410,500),(1596081600,411,359),(1596081600,412,77),(1596081600,413,175),(1596081600,414,66),(1596081600,415,201),(1596081600,416,337),(1596081600,417,177),(1596081600,418,134),(1596081600,501,197),(1596081600,502,81),(1596081600,503,249),(1596081600,504,458),(1596081600,505,27),(1596081600,506,371),(1596081600,601,581),(1596081600,603,54),(1596081600,606,264),(1596081600,610,193),(1596081600,611,49),(1596081600,612,109),(1596081600,614,10),(1596081600,616,107),(1596081600,617,206),(1596081600,620,58),(1596081600,621,68),(1596081600,622,321),(1596081600,623,68),(1596081600,701,446),(1596081600,702,297),(1596081600,703,414),(1596081600,704,381),(1596081600,705,561),(1596081600,706,1007),(1596081600,707,156),(1596081600,708,63),(1596081600,709,360),(1596081600,801,274),(1596081600,802,285),(1596081600,803,167),(1596081600,804,228),(1596081600,900,4931),(1596085200,101,19),(1596085200,102,1),(1596085200,103,30),(1596085200,104,31),(1596085200,105,10),(1596085200,106,82),(1596085200,107,68),(1596085200,108,26),(1596085200,109,146),(1596085200,201,103),(1596085200,202,24),(1596085200,203,5),(1596085200,204,51),(1596085200,205,54),(1596085200,206,48),(1596085200,207,51),(1596085200,208,55),(1596085200,209,50),(1596085200,210,16),(1596085200,301,45),(1596085200,302,111),(1596085200,303,27),(1596085200,304,88),(1596085200,305,320),(1596085200,306,224),(1596085200,307,143),(1596085200,308,135),(1596085200,309,16),(1596085200,310,48),(1596085200,311,98),(1596085200,312,200),(1596085200,313,180),(1596085200,314,53),(1596085200,315,191),(1596085200,316,147),(1596085200,317,231),(1596085200,318,238),(1596085200,319,292),(1596085200,320,108),(1596085200,321,194),(1596085200,322,75),(1596085200,323,111),(1596085200,325,76),(1596085200,401,691),(1596085200,402,78),(1596085200,403,139),(1596085200,404,164),(1596085200,405,83),(1596085200,406,141),(1596085200,407,136),(1596085200,408,91),(1596085200,409,68),(1596085200,410,502),(1596085200,411,360),(1596085200,412,77),(1596085200,413,177),(1596085200,414,66),(1596085200,415,201),(1596085200,416,337),(1596085200,417,177),(1596085200,418,134),(1596085200,501,197),(1596085200,502,81),(1596085200,503,249),(1596085200,504,458),(1596085200,505,27),(1596085200,506,371),(1596085200,601,581),(1596085200,603,54),(1596085200,606,264),(1596085200,610,193),(1596085200,611,49),(1596085200,612,109),(1596085200,614,10),(1596085200,616,107),(1596085200,617,206),(1596085200,620,58),(1596085200,621,68),(1596085200,622,321),(1596085200,623,68),(1596085200,701,446),(1596085200,702,297),(1596085200,703,414),(1596085200,704,381),(1596085200,705,561),(1596085200,706,1007),(1596085200,707,156),(1596085200,708,63),(1596085200,709,360),(1596085200,801,274),(1596085200,802,285),(1596085200,803,167),(1596085200,804,228),(1596085200,900,4931),(1596088800,101,19),(1596088800,102,1),(1596088800,103,31),(1596088800,104,31),(1596088800,105,10),(1596088800,106,82),(1596088800,107,68),(1596088800,108,27),(1596088800,109,146),(1596088800,201,103),(1596088800,202,24),(1596088800,203,5),(1596088800,204,51),(1596088800,205,54),(1596088800,206,48),(1596088800,207,51),(1596088800,208,55),(1596088800,209,50),(1596088800,210,16),(1596088800,301,45),(1596088800,302,111),(1596088800,303,27),(1596088800,304,88),(1596088800,305,320),(1596088800,306,224),(1596088800,307,143),(1596088800,308,135),(1596088800,309,16),(1596088800,310,48),(1596088800,311,98),(1596088800,312,200),(1596088800,313,180),(1596088800,314,53),(1596088800,315,191),(1596088800,316,147),(1596088800,317,231),(1596088800,318,238),(1596088800,319,292),(1596088800,320,108),(1596088800,321,194),(1596088800,322,75),(1596088800,323,111),(1596088800,325,76),(1596088800,401,691),(1596088800,402,78),(1596088800,403,139),(1596088800,404,164),(1596088800,405,83),(1596088800,406,141),(1596088800,407,136),(1596088800,408,91),(1596088800,409,68),(1596088800,410,502),(1596088800,411,360),(1596088800,412,77),(1596088800,413,177),(1596088800,414,66),(1596088800,415,201),(1596088800,416,337),(1596088800,417,176),(1596088800,418,134),(1596088800,501,197),(1596088800,502,81),(1596088800,503,249),(1596088800,504,458),(1596088800,505,27),(1596088800,506,371),(1596088800,601,581),(1596088800,603,54),(1596088800,606,264),(1596088800,610,193),(1596088800,611,49),(1596088800,612,109),(1596088800,614,10),(1596088800,616,107),(1596088800,617,206),(1596088800,620,58),(1596088800,621,68),(1596088800,622,321),(1596088800,623,68),(1596088800,701,446),(1596088800,702,298),(1596088800,703,414),(1596088800,704,381),(1596088800,705,563),(1596088800,706,1007),(1596088800,707,156),(1596088800,708,63),(1596088800,709,360),(1596088800,801,274),(1596088800,802,285),(1596088800,803,167),(1596088800,804,228),(1596088800,900,4932),(1596092400,101,19),(1596092400,102,1),(1596092400,103,31),(1596092400,104,31),(1596092400,105,10),(1596092400,106,82),(1596092400,107,68),(1596092400,108,27),(1596092400,109,146),(1596092400,201,103),(1596092400,202,25),(1596092400,203,5),(1596092400,204,51),(1596092400,205,54),(1596092400,206,48),(1596092400,207,51),(1596092400,208,55),(1596092400,209,50),(1596092400,210,16),(1596092400,301,45),(1596092400,302,111),(1596092400,303,27),(1596092400,304,88),(1596092400,305,320),(1596092400,306,224),(1596092400,307,143),(1596092400,308,135),(1596092400,309,16),(1596092400,310,48),(1596092400,311,98),(1596092400,312,200),(1596092400,313,180),(1596092400,314,53),(1596092400,315,191),(1596092400,316,147),(1596092400,317,231),(1596092400,318,238),(1596092400,319,292),(1596092400,320,108),(1596092400,321,194),(1596092400,322,75),(1596092400,323,111),(1596092400,325,76),(1596092400,401,691),(1596092400,402,78),(1596092400,403,139),(1596092400,404,164),(1596092400,405,83),(1596092400,406,141),(1596092400,407,139),(1596092400,408,91),(1596092400,409,68),(1596092400,410,502),(1596092400,411,360),(1596092400,412,77),(1596092400,413,177),(1596092400,414,66),(1596092400,415,201),(1596092400,416,337),(1596092400,417,178),(1596092400,418,134),(1596092400,501,197),(1596092400,502,81),(1596092400,503,249),(1596092400,504,458),(1596092400,505,27),(1596092400,506,371),(1596092400,601,581),(1596092400,603,54),(1596092400,606,264),(1596092400,610,193),(1596092400,611,49),(1596092400,612,109),(1596092400,614,10),(1596092400,616,107),(1596092400,617,206),(1596092400,620,58),(1596092400,621,68),(1596092400,622,321),(1596092400,623,68),(1596092400,701,446),(1596092400,702,298),(1596092400,703,414),(1596092400,704,381),(1596092400,705,563),(1596092400,706,1007),(1596092400,707,156),(1596092400,708,63),(1596092400,709,360),(1596092400,801,274),(1596092400,802,285),(1596092400,803,167),(1596092400,804,228),(1596092400,900,4933),(1596096000,101,19),(1596096000,102,1),(1596096000,103,31),(1596096000,104,31),(1596096000,105,10),(1596096000,106,82),(1596096000,107,68),(1596096000,108,27),(1596096000,109,146),(1596096000,201,103),(1596096000,202,25),(1596096000,203,5),(1596096000,204,51),(1596096000,205,54),(1596096000,206,48),(1596096000,207,51),(1596096000,208,55),(1596096000,209,50),(1596096000,210,16),(1596096000,301,45),(1596096000,302,111),(1596096000,303,27),(1596096000,304,88),(1596096000,305,320),(1596096000,306,224),(1596096000,307,143),(1596096000,308,135),(1596096000,309,16),(1596096000,310,48),(1596096000,311,98),(1596096000,312,200),(1596096000,313,180),(1596096000,314,53),(1596096000,315,191),(1596096000,316,147),(1596096000,317,231),(1596096000,318,238),(1596096000,319,292),(1596096000,320,108),(1596096000,321,194),(1596096000,322,75),(1596096000,323,111),(1596096000,325,76),(1596096000,401,691),(1596096000,402,78),(1596096000,403,139),(1596096000,404,164),(1596096000,405,83),(1596096000,406,141),(1596096000,407,139),(1596096000,408,91),(1596096000,409,68),(1596096000,410,502),(1596096000,411,360),(1596096000,412,77),(1596096000,413,177),(1596096000,414,66),(1596096000,415,201),(1596096000,416,337),(1596096000,417,178),(1596096000,418,134),(1596096000,501,197),(1596096000,502,81),(1596096000,503,249),(1596096000,504,458),(1596096000,505,27),(1596096000,506,371),(1596096000,601,581),(1596096000,603,54),(1596096000,606,264),(1596096000,610,193),(1596096000,611,49),(1596096000,612,109),(1596096000,614,10),(1596096000,616,107),(1596096000,617,206),(1596096000,620,58),(1596096000,621,69),(1596096000,622,321),(1596096000,623,68),(1596096000,701,446),(1596096000,702,298),(1596096000,703,414),(1596096000,704,381),(1596096000,705,563),(1596096000,706,1007),(1596096000,707,156),(1596096000,708,63),(1596096000,709,360),(1596096000,801,274),(1596096000,802,285),(1596096000,803,167),(1596096000,804,228),(1596096000,900,4934),(1596099600,101,19),(1596099600,102,1),(1596099600,103,31),(1596099600,104,31),(1596099600,105,10),(1596099600,106,82),(1596099600,107,68),(1596099600,108,27),(1596099600,109,146),(1596099600,201,103),(1596099600,202,24),(1596099600,203,5),(1596099600,204,51),(1596099600,205,54),(1596099600,206,48),(1596099600,207,51),(1596099600,208,55),(1596099600,209,50),(1596099600,210,16),(1596099600,301,45),(1596099600,302,111),(1596099600,303,27),(1596099600,304,88),(1596099600,305,320),(1596099600,306,224),(1596099600,307,143),(1596099600,308,135),(1596099600,309,16),(1596099600,310,47),(1596099600,311,98),(1596099600,312,200),(1596099600,313,180),(1596099600,314,53),(1596099600,315,191),(1596099600,316,147),(1596099600,317,231),(1596099600,318,238),(1596099600,319,292),(1596099600,320,108),(1596099600,321,194),(1596099600,322,75),(1596099600,323,111),(1596099600,325,76),(1596099600,401,692),(1596099600,402,78),(1596099600,403,139),(1596099600,404,164),(1596099600,405,83),(1596099600,406,141),(1596099600,407,140),(1596099600,408,92),(1596099600,409,68),(1596099600,410,502),(1596099600,411,360),(1596099600,412,77),(1596099600,413,177),(1596099600,414,66),(1596099600,415,201),(1596099600,416,337),(1596099600,417,178),(1596099600,418,134),(1596099600,501,197),(1596099600,502,81),(1596099600,503,250),(1596099600,504,458),(1596099600,505,27),(1596099600,506,371),(1596099600,601,581),(1596099600,603,54),(1596099600,606,264),(1596099600,610,193),(1596099600,611,49),(1596099600,612,109),(1596099600,614,10),(1596099600,616,107),(1596099600,617,205),(1596099600,620,59),(1596099600,621,69),(1596099600,622,321),(1596099600,623,68),(1596099600,701,446),(1596099600,702,299),(1596099600,703,414),(1596099600,704,381),(1596099600,705,564),(1596099600,706,1007),(1596099600,707,156),(1596099600,708,63),(1596099600,709,360),(1596099600,801,274),(1596099600,802,285),(1596099600,803,167),(1596099600,804,228),(1596099600,900,4933),(1596103200,101,19),(1596103200,102,1),(1596103200,103,31),(1596103200,104,31),(1596103200,105,10),(1596103200,106,82),(1596103200,107,68),(1596103200,108,27),(1596103200,109,146),(1596103200,201,103),(1596103200,202,24),(1596103200,203,5),(1596103200,204,51),(1596103200,205,54),(1596103200,206,48),(1596103200,207,51),(1596103200,208,55),(1596103200,209,50),(1596103200,210,16),(1596103200,301,45),(1596103200,302,111),(1596103200,303,27),(1596103200,304,88),(1596103200,305,320),(1596103200,306,224),(1596103200,307,143),(1596103200,308,135),(1596103200,309,16),(1596103200,310,47),(1596103200,311,98),(1596103200,312,200),(1596103200,313,180),(1596103200,314,53),(1596103200,315,191),(1596103200,316,147),(1596103200,317,231),(1596103200,318,238),(1596103200,319,292),(1596103200,320,108),(1596103200,321,194),(1596103200,322,75),(1596103200,323,111),(1596103200,325,76),(1596103200,401,696),(1596103200,402,78),(1596103200,403,139),(1596103200,404,164),(1596103200,405,83),(1596103200,406,141),(1596103200,407,140),(1596103200,408,92),(1596103200,409,68),(1596103200,410,509),(1596103200,411,360),(1596103200,412,77),(1596103200,413,177),(1596103200,414,66),(1596103200,415,201),(1596103200,416,337),(1596103200,417,179),(1596103200,418,134),(1596103200,501,197),(1596103200,502,81),(1596103200,503,250),(1596103200,504,458),(1596103200,505,27),(1596103200,506,371),(1596103200,601,581),(1596103200,603,54),(1596103200,606,264),(1596103200,610,193),(1596103200,611,49),(1596103200,612,109),(1596103200,614,10),(1596103200,616,107),(1596103200,617,205),(1596103200,620,59),(1596103200,621,69),(1596103200,622,321),(1596103200,623,68),(1596103200,701,446),(1596103200,702,299),(1596103200,703,414),(1596103200,704,381),(1596103200,705,564),(1596103200,706,1007),(1596103200,707,156),(1596103200,708,63),(1596103200,709,360),(1596103200,801,274),(1596103200,802,285),(1596103200,803,167),(1596103200,804,228),(1596103200,900,4935),(1596106800,101,19),(1596106800,102,1),(1596106800,103,31),(1596106800,104,31),(1596106800,105,10),(1596106800,106,82),(1596106800,107,70),(1596106800,108,27),(1596106800,109,146),(1596106800,201,103),(1596106800,202,25),(1596106800,203,5),(1596106800,204,51),(1596106800,205,54),(1596106800,206,48),(1596106800,207,51),(1596106800,208,55),(1596106800,209,50),(1596106800,210,16),(1596106800,301,45),(1596106800,302,111),(1596106800,303,27),(1596106800,304,88),(1596106800,305,320),(1596106800,306,224),(1596106800,307,143),(1596106800,308,135),(1596106800,309,16),(1596106800,310,47),(1596106800,311,98),(1596106800,312,200),(1596106800,313,180),(1596106800,314,53),(1596106800,315,191),(1596106800,316,147),(1596106800,317,231),(1596106800,318,238),(1596106800,319,292),(1596106800,320,108),(1596106800,321,194),(1596106800,322,76),(1596106800,323,111),(1596106800,325,76),(1596106800,401,697),(1596106800,402,78),(1596106800,403,139),(1596106800,404,164),(1596106800,405,83),(1596106800,406,141),(1596106800,407,140),(1596106800,408,92),(1596106800,409,68),(1596106800,410,509),(1596106800,411,360),(1596106800,412,77),(1596106800,413,178),(1596106800,414,66),(1596106800,415,201),(1596106800,416,337),(1596106800,417,179),(1596106800,418,135),(1596106800,501,197),(1596106800,502,81),(1596106800,503,251),(1596106800,504,458),(1596106800,505,27),(1596106800,506,371),(1596106800,601,581),(1596106800,603,54),(1596106800,606,264),(1596106800,610,193),(1596106800,611,49),(1596106800,612,109),(1596106800,614,10),(1596106800,616,107),(1596106800,617,205),(1596106800,620,61),(1596106800,621,69),(1596106800,622,321),(1596106800,623,68),(1596106800,701,446),(1596106800,702,299),(1596106800,703,414),(1596106800,704,381),(1596106800,705,564),(1596106800,706,1007),(1596106800,707,156),(1596106800,708,63),(1596106800,709,360),(1596106800,801,274),(1596106800,802,285),(1596106800,803,167),(1596106800,804,228),(1596106800,900,4964),(1596110400,101,19),(1596110400,102,1),(1596110400,103,31),(1596110400,104,31),(1596110400,105,10),(1596110400,106,82),(1596110400,107,70),(1596110400,108,27),(1596110400,109,146),(1596110400,201,103),(1596110400,202,25),(1596110400,203,5),(1596110400,204,51),(1596110400,205,54),(1596110400,206,48),(1596110400,207,51),(1596110400,208,55),(1596110400,209,50),(1596110400,210,16),(1596110400,301,45),(1596110400,302,111),(1596110400,303,27),(1596110400,304,88),(1596110400,305,320),(1596110400,306,224),(1596110400,307,143),(1596110400,308,135),(1596110400,309,16),(1596110400,310,47),(1596110400,311,98),(1596110400,312,200),(1596110400,313,180),(1596110400,314,53),(1596110400,315,191),(1596110400,316,147),(1596110400,317,231),(1596110400,318,238),(1596110400,319,292),(1596110400,320,108),(1596110400,321,194),(1596110400,322,76),(1596110400,323,111),(1596110400,325,76),(1596110400,401,697),(1596110400,402,79),(1596110400,403,139),(1596110400,404,164),(1596110400,405,83),(1596110400,406,141),(1596110400,407,143),(1596110400,408,92),(1596110400,409,68),(1596110400,410,511),(1596110400,411,361),(1596110400,412,77),(1596110400,413,179),(1596110400,414,66),(1596110400,415,201),(1596110400,416,339),(1596110400,417,179),(1596110400,418,135),(1596110400,501,198),(1596110400,502,81),(1596110400,503,251),(1596110400,504,458),(1596110400,505,27),(1596110400,506,371),(1596110400,601,581),(1596110400,603,54),(1596110400,606,264),(1596110400,610,193),(1596110400,611,49),(1596110400,612,109),(1596110400,614,10),(1596110400,616,107),(1596110400,617,206),(1596110400,620,61),(1596110400,621,69),(1596110400,622,321),(1596110400,623,68),(1596110400,701,446),(1596110400,702,299),(1596110400,703,414),(1596110400,704,381),(1596110400,705,564),(1596110400,706,1007),(1596110400,707,156),(1596110400,708,63),(1596110400,709,360),(1596110400,801,274),(1596110400,802,285),(1596110400,803,167),(1596110400,804,228),(1596110400,900,4963),(1596114000,101,19),(1596114000,102,1),(1596114000,103,31),(1596114000,104,31),(1596114000,105,10),(1596114000,106,82),(1596114000,107,68),(1596114000,108,27),(1596114000,109,146),(1596114000,201,103),(1596114000,202,25),(1596114000,203,5),(1596114000,204,51),(1596114000,205,54),(1596114000,206,48),(1596114000,207,51),(1596114000,208,55),(1596114000,209,51),(1596114000,210,16),(1596114000,301,45),(1596114000,302,111),(1596114000,303,27),(1596114000,304,88),(1596114000,305,320),(1596114000,306,224),(1596114000,307,143),(1596114000,308,135),(1596114000,309,16),(1596114000,310,47),(1596114000,311,98),(1596114000,312,200),(1596114000,313,180),(1596114000,314,53),(1596114000,315,192),(1596114000,316,147),(1596114000,317,231),(1596114000,318,238),(1596114000,319,292),(1596114000,320,108),(1596114000,321,194),(1596114000,322,76),(1596114000,323,111),(1596114000,325,76),(1596114000,401,700),(1596114000,402,79),(1596114000,403,141),(1596114000,404,164),(1596114000,405,83),(1596114000,406,141),(1596114000,407,143),(1596114000,408,92),(1596114000,409,68),(1596114000,410,513),(1596114000,411,361),(1596114000,412,77),(1596114000,413,179),(1596114000,414,66),(1596114000,415,201),(1596114000,416,339),(1596114000,417,179),(1596114000,418,135),(1596114000,501,198),(1596114000,502,81),(1596114000,503,251),(1596114000,504,458),(1596114000,505,27),(1596114000,506,371),(1596114000,601,581),(1596114000,603,54),(1596114000,606,264),(1596114000,610,193),(1596114000,611,49),(1596114000,612,109),(1596114000,614,10),(1596114000,616,107),(1596114000,617,206),(1596114000,620,61),(1596114000,621,69),(1596114000,622,321),(1596114000,623,68),(1596114000,701,446),(1596114000,702,299),(1596114000,703,414),(1596114000,704,381),(1596114000,705,564),(1596114000,706,1007),(1596114000,707,156),(1596114000,708,63),(1596114000,709,360),(1596114000,801,274),(1596114000,802,285),(1596114000,803,167),(1596114000,804,228),(1596114000,900,4971),(1596117600,101,19),(1596117600,102,1),(1596117600,103,31),(1596117600,104,31),(1596117600,105,10),(1596117600,106,82),(1596117600,107,68),(1596117600,108,27),(1596117600,109,146),(1596117600,201,103),(1596117600,202,25),(1596117600,203,5),(1596117600,204,51),(1596117600,205,54),(1596117600,206,48),(1596117600,207,51),(1596117600,208,55),(1596117600,209,51),(1596117600,210,16),(1596117600,301,45),(1596117600,302,111),(1596117600,303,27),(1596117600,304,88),(1596117600,305,320),(1596117600,306,224),(1596117600,307,143),(1596117600,308,135),(1596117600,309,16),(1596117600,310,47),(1596117600,311,98),(1596117600,312,200),(1596117600,313,180),(1596117600,314,53),(1596117600,315,192),(1596117600,316,147),(1596117600,317,231),(1596117600,318,238),(1596117600,319,292),(1596117600,320,108),(1596117600,321,194),(1596117600,322,76),(1596117600,323,111),(1596117600,325,76),(1596117600,401,700),(1596117600,402,79),(1596117600,403,141),(1596117600,404,164),(1596117600,405,83),(1596117600,406,141),(1596117600,407,143),(1596117600,408,92),(1596117600,409,69),(1596117600,410,517),(1596117600,411,361),(1596117600,412,77),(1596117600,413,179),(1596117600,414,66),(1596117600,415,201),(1596117600,416,339),(1596117600,417,180),(1596117600,418,135),(1596117600,501,198),(1596117600,502,81),(1596117600,503,252),(1596117600,504,458),(1596117600,505,27),(1596117600,506,371),(1596117600,601,581),(1596117600,603,54),(1596117600,606,264),(1596117600,610,193),(1596117600,611,49),(1596117600,612,109),(1596117600,614,10),(1596117600,616,107),(1596117600,617,206),(1596117600,620,61),(1596117600,621,69),(1596117600,622,321),(1596117600,623,68),(1596117600,701,446),(1596117600,702,299),(1596117600,703,414),(1596117600,704,381),(1596117600,705,564),(1596117600,706,1007),(1596117600,707,156),(1596117600,708,63),(1596117600,709,360),(1596117600,801,274),(1596117600,802,285),(1596117600,803,167),(1596117600,804,228),(1596117600,900,4986),(1596121200,101,19),(1596121200,102,1),(1596121200,103,33),(1596121200,104,31),(1596121200,105,10),(1596121200,106,82),(1596121200,107,68),(1596121200,108,28),(1596121200,109,146),(1596121200,201,103),(1596121200,202,25),(1596121200,203,5),(1596121200,204,51),(1596121200,205,54),(1596121200,206,48),(1596121200,207,51),(1596121200,208,55),(1596121200,209,51),(1596121200,210,16),(1596121200,301,45),(1596121200,302,111),(1596121200,303,27),(1596121200,304,88),(1596121200,305,320),(1596121200,306,224),(1596121200,307,143),(1596121200,308,135),(1596121200,309,16),(1596121200,310,47),(1596121200,311,98),(1596121200,312,200),(1596121200,313,180),(1596121200,314,53),(1596121200,315,192),(1596121200,316,147),(1596121200,317,231),(1596121200,318,238),(1596121200,319,292),(1596121200,320,108),(1596121200,321,194),(1596121200,322,76),(1596121200,323,111),(1596121200,325,76),(1596121200,401,700),(1596121200,402,79),(1596121200,403,141),(1596121200,404,164),(1596121200,405,83),(1596121200,406,141),(1596121200,407,143),(1596121200,408,92),(1596121200,409,69),(1596121200,410,517),(1596121200,411,361),(1596121200,412,77),(1596121200,413,179),(1596121200,414,66),(1596121200,415,201),(1596121200,416,339),(1596121200,417,180),(1596121200,418,135),(1596121200,501,198),(1596121200,502,81),(1596121200,503,252),(1596121200,504,458),(1596121200,505,27),(1596121200,506,371),(1596121200,601,581),(1596121200,603,54),(1596121200,606,264),(1596121200,610,193),(1596121200,611,49),(1596121200,612,109),(1596121200,614,10),(1596121200,616,107),(1596121200,617,206),(1596121200,620,61),(1596121200,621,69),(1596121200,622,321),(1596121200,623,68),(1596121200,701,446),(1596121200,702,299),(1596121200,703,414),(1596121200,704,381),(1596121200,705,564),(1596121200,706,1007),(1596121200,707,156),(1596121200,708,63),(1596121200,709,360),(1596121200,801,274),(1596121200,802,285),(1596121200,803,167),(1596121200,804,228),(1596121200,900,4990),(1596124800,101,19),(1596124800,102,1),(1596124800,103,33),(1596124800,104,31),(1596124800,105,10),(1596124800,106,82),(1596124800,107,68),(1596124800,108,28),(1596124800,109,146),(1596124800,201,103),(1596124800,202,25),(1596124800,203,5),(1596124800,204,51),(1596124800,205,54),(1596124800,206,48),(1596124800,207,51),(1596124800,208,55),(1596124800,209,51),(1596124800,210,16),(1596124800,301,45),(1596124800,302,111),(1596124800,303,27),(1596124800,304,88),(1596124800,305,320),(1596124800,306,224),(1596124800,307,143),(1596124800,308,135),(1596124800,309,16),(1596124800,310,47),(1596124800,311,98),(1596124800,312,200),(1596124800,313,180),(1596124800,314,53),(1596124800,315,192),(1596124800,316,147),(1596124800,317,231),(1596124800,318,238),(1596124800,319,292),(1596124800,320,108),(1596124800,321,194),(1596124800,322,76),(1596124800,323,111),(1596124800,325,76),(1596124800,401,700),(1596124800,402,79),(1596124800,403,141),(1596124800,404,164),(1596124800,405,83),(1596124800,406,141),(1596124800,407,143),(1596124800,408,92),(1596124800,409,69),(1596124800,410,517),(1596124800,411,361),(1596124800,412,77),(1596124800,413,179),(1596124800,414,66),(1596124800,415,201),(1596124800,416,339),(1596124800,417,180),(1596124800,418,135),(1596124800,501,198),(1596124800,502,81),(1596124800,503,252),(1596124800,504,464),(1596124800,505,27),(1596124800,506,371),(1596124800,601,581),(1596124800,603,54),(1596124800,606,264),(1596124800,610,193),(1596124800,611,49),(1596124800,612,109),(1596124800,614,10),(1596124800,616,107),(1596124800,617,206),(1596124800,620,61),(1596124800,621,69),(1596124800,622,321),(1596124800,623,68),(1596124800,701,446),(1596124800,702,299),(1596124800,703,414),(1596124800,704,381),(1596124800,705,564),(1596124800,706,1007),(1596124800,707,156),(1596124800,708,63),(1596124800,709,360),(1596124800,801,274),(1596124800,802,285),(1596124800,803,167),(1596124800,804,228),(1596124800,900,5002),(1596128400,101,19),(1596128400,102,1),(1596128400,103,33),(1596128400,104,31),(1596128400,105,10),(1596128400,106,82),(1596128400,107,68),(1596128400,108,28),(1596128400,109,146),(1596128400,201,103),(1596128400,202,25),(1596128400,203,5),(1596128400,204,51),(1596128400,205,54),(1596128400,206,48),(1596128400,207,51),(1596128400,208,55),(1596128400,209,51),(1596128400,210,16),(1596128400,301,45),(1596128400,302,111),(1596128400,303,27),(1596128400,304,88),(1596128400,305,320),(1596128400,306,225),(1596128400,307,144),(1596128400,308,135),(1596128400,309,16),(1596128400,310,47),(1596128400,311,98),(1596128400,312,200),(1596128400,313,180),(1596128400,314,53),(1596128400,315,192),(1596128400,316,147),(1596128400,317,231),(1596128400,318,238),(1596128400,319,293),(1596128400,320,108),(1596128400,321,194),(1596128400,322,76),(1596128400,323,111),(1596128400,325,76),(1596128400,401,700),(1596128400,402,79),(1596128400,403,141),(1596128400,404,164),(1596128400,405,83),(1596128400,406,141),(1596128400,407,143),(1596128400,408,92),(1596128400,409,69),(1596128400,410,517),(1596128400,411,361),(1596128400,412,77),(1596128400,413,179),(1596128400,414,66),(1596128400,415,201),(1596128400,416,339),(1596128400,417,180),(1596128400,418,135),(1596128400,501,198),(1596128400,502,81),(1596128400,503,252),(1596128400,504,464),(1596128400,505,27),(1596128400,506,371),(1596128400,601,581),(1596128400,603,54),(1596128400,606,264),(1596128400,610,193),(1596128400,611,49),(1596128400,612,109),(1596128400,614,10),(1596128400,616,107),(1596128400,617,206),(1596128400,620,61),(1596128400,621,69),(1596128400,622,321),(1596128400,623,68),(1596128400,701,446),(1596128400,702,299),(1596128400,703,414),(1596128400,704,381),(1596128400,705,564),(1596128400,706,1007),(1596128400,707,156),(1596128400,708,63),(1596128400,709,360),(1596128400,801,274),(1596128400,802,285),(1596128400,803,167),(1596128400,804,228),(1596128400,900,5009),(1596132000,101,19),(1596132000,102,1),(1596132000,103,33),(1596132000,104,31),(1596132000,105,10),(1596132000,106,82),(1596132000,107,68),(1596132000,108,28),(1596132000,109,146),(1596132000,201,103),(1596132000,202,25),(1596132000,203,5),(1596132000,204,51),(1596132000,205,54),(1596132000,206,48),(1596132000,207,51),(1596132000,208,55),(1596132000,209,51),(1596132000,210,16),(1596132000,301,45),(1596132000,302,111),(1596132000,303,27),(1596132000,304,88),(1596132000,305,320),(1596132000,306,225),(1596132000,307,144),(1596132000,308,135),(1596132000,309,16),(1596132000,310,47),(1596132000,311,98),(1596132000,312,200),(1596132000,313,180),(1596132000,314,53),(1596132000,315,192),(1596132000,316,147),(1596132000,317,231),(1596132000,318,238),(1596132000,319,294),(1596132000,320,108),(1596132000,321,194),(1596132000,322,76),(1596132000,323,111),(1596132000,325,76),(1596132000,401,700),(1596132000,402,79),(1596132000,403,141),(1596132000,404,164),(1596132000,405,83),(1596132000,406,141),(1596132000,407,143),(1596132000,408,92),(1596132000,409,69),(1596132000,410,517),(1596132000,411,361),(1596132000,412,77),(1596132000,413,179),(1596132000,414,66),(1596132000,415,201),(1596132000,416,339),(1596132000,417,180),(1596132000,418,135),(1596132000,501,198),(1596132000,502,81),(1596132000,503,252),(1596132000,504,464),(1596132000,505,27),(1596132000,506,371),(1596132000,601,581),(1596132000,603,54),(1596132000,606,264),(1596132000,610,193),(1596132000,611,49),(1596132000,612,109),(1596132000,614,10),(1596132000,616,107),(1596132000,617,206),(1596132000,620,61),(1596132000,621,69),(1596132000,622,321),(1596132000,623,68),(1596132000,701,446),(1596132000,702,299),(1596132000,703,414),(1596132000,704,381),(1596132000,705,564),(1596132000,706,1007),(1596132000,707,156),(1596132000,708,63),(1596132000,709,360),(1596132000,801,274),(1596132000,802,285),(1596132000,803,167),(1596132000,804,228),(1596132000,900,5009),(1596135600,101,19),(1596135600,102,1),(1596135600,103,33),(1596135600,104,31),(1596135600,105,10),(1596135600,106,82),(1596135600,107,68),(1596135600,108,28),(1596135600,109,146),(1596135600,201,103),(1596135600,202,25),(1596135600,203,5),(1596135600,204,51),(1596135600,205,54),(1596135600,206,48),(1596135600,207,51),(1596135600,208,55),(1596135600,209,51),(1596135600,210,16),(1596135600,301,45),(1596135600,302,111),(1596135600,303,27),(1596135600,304,88),(1596135600,305,320),(1596135600,306,225),(1596135600,307,144),(1596135600,308,135),(1596135600,309,16),(1596135600,310,47),(1596135600,311,98),(1596135600,312,200),(1596135600,313,180),(1596135600,314,53),(1596135600,315,192),(1596135600,316,147),(1596135600,317,231),(1596135600,318,238),(1596135600,319,294),(1596135600,320,108),(1596135600,321,194),(1596135600,322,76),(1596135600,323,111),(1596135600,325,76),(1596135600,401,700),(1596135600,402,79),(1596135600,403,141),(1596135600,404,164),(1596135600,405,83),(1596135600,406,141),(1596135600,407,143),(1596135600,408,92),(1596135600,409,69),(1596135600,410,517),(1596135600,411,361),(1596135600,412,77),(1596135600,413,179),(1596135600,414,66),(1596135600,415,201),(1596135600,416,339),(1596135600,417,180),(1596135600,418,135),(1596135600,501,198),(1596135600,502,81),(1596135600,503,252),(1596135600,504,464),(1596135600,505,27),(1596135600,506,371),(1596135600,601,581),(1596135600,603,54),(1596135600,606,264),(1596135600,610,193),(1596135600,611,49),(1596135600,612,109),(1596135600,614,10),(1596135600,616,107),(1596135600,617,206),(1596135600,620,61),(1596135600,621,69),(1596135600,622,321),(1596135600,623,68),(1596135600,701,446),(1596135600,702,300),(1596135600,703,414),(1596135600,704,381),(1596135600,705,564),(1596135600,706,1007),(1596135600,707,156),(1596135600,708,63),(1596135600,709,360),(1596135600,801,274),(1596135600,802,285),(1596135600,803,167),(1596135600,804,228),(1596135600,900,5009),(1596139200,101,19),(1596139200,102,1),(1596139200,103,33),(1596139200,104,31),(1596139200,105,10),(1596139200,106,82),(1596139200,107,68),(1596139200,108,28),(1596139200,109,146),(1596139200,201,103),(1596139200,202,25),(1596139200,203,5),(1596139200,204,51),(1596139200,205,54),(1596139200,206,48),(1596139200,207,51),(1596139200,208,55),(1596139200,209,51),(1596139200,210,16),(1596139200,301,45),(1596139200,302,111),(1596139200,303,27),(1596139200,304,88),(1596139200,305,320),(1596139200,306,225),(1596139200,307,144),(1596139200,308,135),(1596139200,309,16),(1596139200,310,47),(1596139200,311,98),(1596139200,312,200),(1596139200,313,180),(1596139200,314,53),(1596139200,315,192),(1596139200,316,147),(1596139200,317,231),(1596139200,318,238),(1596139200,319,294),(1596139200,320,108),(1596139200,321,194),(1596139200,322,76),(1596139200,323,111),(1596139200,325,76),(1596139200,401,700),(1596139200,402,79),(1596139200,403,141),(1596139200,404,164),(1596139200,405,83),(1596139200,406,141),(1596139200,407,143),(1596139200,408,92),(1596139200,409,69),(1596139200,410,517),(1596139200,411,361),(1596139200,412,77),(1596139200,413,179),(1596139200,414,66),(1596139200,415,201),(1596139200,416,339),(1596139200,417,180),(1596139200,418,135),(1596139200,501,201),(1596139200,502,83),(1596139200,503,253),(1596139200,504,466),(1596139200,505,27),(1596139200,506,371),(1596139200,601,581),(1596139200,603,54),(1596139200,606,264),(1596139200,610,193),(1596139200,611,49),(1596139200,612,109),(1596139200,614,10),(1596139200,616,107),(1596139200,617,206),(1596139200,620,61),(1596139200,621,69),(1596139200,622,321),(1596139200,623,68),(1596139200,701,446),(1596139200,702,300),(1596139200,703,414),(1596139200,704,381),(1596139200,705,564),(1596139200,706,1007),(1596139200,707,156),(1596139200,708,63),(1596139200,709,360),(1596139200,801,274),(1596139200,802,285),(1596139200,803,167),(1596139200,804,228),(1596139200,900,5010),(1596142800,101,19),(1596142800,102,1),(1596142800,103,33),(1596142800,104,31),(1596142800,105,10),(1596142800,106,82),(1596142800,107,68),(1596142800,108,28),(1596142800,109,146),(1596142800,201,103),(1596142800,202,25),(1596142800,203,5),(1596142800,204,51),(1596142800,205,54),(1596142800,206,48),(1596142800,207,51),(1596142800,208,55),(1596142800,209,51),(1596142800,210,16),(1596142800,301,45),(1596142800,302,111),(1596142800,303,27),(1596142800,304,88),(1596142800,305,321),(1596142800,306,225),(1596142800,307,144),(1596142800,308,135),(1596142800,309,16),(1596142800,310,47),(1596142800,311,98),(1596142800,312,203),(1596142800,313,180),(1596142800,314,53),(1596142800,315,193),(1596142800,316,147),(1596142800,317,231),(1596142800,318,238),(1596142800,319,295),(1596142800,320,108),(1596142800,321,196),(1596142800,322,76),(1596142800,323,111),(1596142800,325,76),(1596142800,401,700),(1596142800,402,79),(1596142800,403,141),(1596142800,404,164),(1596142800,405,83),(1596142800,406,141),(1596142800,407,143),(1596142800,408,92),(1596142800,409,69),(1596142800,410,517),(1596142800,411,361),(1596142800,412,77),(1596142800,413,179),(1596142800,414,66),(1596142800,415,201),(1596142800,416,339),(1596142800,417,180),(1596142800,418,135),(1596142800,501,201),(1596142800,502,83),(1596142800,503,253),(1596142800,504,466),(1596142800,505,27),(1596142800,506,371),(1596142800,601,581),(1596142800,603,54),(1596142800,606,264),(1596142800,610,193),(1596142800,611,49),(1596142800,612,109),(1596142800,614,10),(1596142800,616,107),(1596142800,617,206),(1596142800,620,61),(1596142800,621,69),(1596142800,622,321),(1596142800,623,68),(1596142800,701,446),(1596142800,702,300),(1596142800,703,414),(1596142800,704,381),(1596142800,705,564),(1596142800,706,1007),(1596142800,707,156),(1596142800,708,63),(1596142800,709,360),(1596142800,801,274),(1596142800,802,285),(1596142800,803,167),(1596142800,804,228),(1596142800,900,5013),(1596146400,101,19),(1596146400,102,1),(1596146400,103,33),(1596146400,104,31),(1596146400,105,10),(1596146400,106,82),(1596146400,107,68),(1596146400,108,28),(1596146400,109,146),(1596146400,201,103),(1596146400,202,25),(1596146400,203,5),(1596146400,204,51),(1596146400,205,54),(1596146400,206,48),(1596146400,207,51),(1596146400,208,55),(1596146400,209,51),(1596146400,210,16),(1596146400,301,45),(1596146400,302,111),(1596146400,303,27),(1596146400,304,88),(1596146400,305,321),(1596146400,306,225),(1596146400,307,144),(1596146400,308,136),(1596146400,309,16),(1596146400,310,47),(1596146400,311,98),(1596146400,312,203),(1596146400,313,180),(1596146400,314,53),(1596146400,315,193),(1596146400,316,148),(1596146400,317,231),(1596146400,318,238),(1596146400,319,295),(1596146400,320,108),(1596146400,321,196),(1596146400,322,76),(1596146400,323,111),(1596146400,325,76),(1596146400,401,700),(1596146400,402,79),(1596146400,403,141),(1596146400,404,164),(1596146400,405,83),(1596146400,406,141),(1596146400,407,143),(1596146400,408,92),(1596146400,409,69),(1596146400,410,517),(1596146400,411,361),(1596146400,412,77),(1596146400,413,179),(1596146400,414,66),(1596146400,415,201),(1596146400,416,339),(1596146400,417,180),(1596146400,418,135),(1596146400,501,201),(1596146400,502,83),(1596146400,503,253),(1596146400,504,466),(1596146400,505,27),(1596146400,506,371),(1596146400,601,581),(1596146400,603,54),(1596146400,606,264),(1596146400,610,193),(1596146400,611,49),(1596146400,612,109),(1596146400,614,10),(1596146400,616,107),(1596146400,617,206),(1596146400,620,61),(1596146400,621,69),(1596146400,622,321),(1596146400,623,68),(1596146400,701,446),(1596146400,702,300),(1596146400,703,414),(1596146400,704,381),(1596146400,705,564),(1596146400,706,1007),(1596146400,707,156),(1596146400,708,63),(1596146400,709,360),(1596146400,801,274),(1596146400,802,285),(1596146400,803,167),(1596146400,804,228),(1596146400,900,5017),(1596150000,101,19),(1596150000,102,1),(1596150000,103,33),(1596150000,104,31),(1596150000,105,10),(1596150000,106,82),(1596150000,107,68),(1596150000,108,28),(1596150000,109,146),(1596150000,201,103),(1596150000,202,25),(1596150000,203,5),(1596150000,204,51),(1596150000,205,54),(1596150000,206,48),(1596150000,207,51),(1596150000,208,55),(1596150000,209,51),(1596150000,210,16),(1596150000,301,45),(1596150000,302,111),(1596150000,303,27),(1596150000,304,88),(1596150000,305,321),(1596150000,306,225),(1596150000,307,144),(1596150000,308,136),(1596150000,309,16),(1596150000,310,47),(1596150000,311,98),(1596150000,312,203),(1596150000,313,180),(1596150000,314,53),(1596150000,315,193),(1596150000,316,148),(1596150000,317,231),(1596150000,318,238),(1596150000,319,295),(1596150000,320,108),(1596150000,321,196),(1596150000,322,76),(1596150000,323,111),(1596150000,325,76),(1596150000,401,700),(1596150000,402,79),(1596150000,403,141),(1596150000,404,164),(1596150000,405,83),(1596150000,406,141),(1596150000,407,143),(1596150000,408,92),(1596150000,409,69),(1596150000,410,517),(1596150000,411,361),(1596150000,412,77),(1596150000,413,179),(1596150000,414,66),(1596150000,415,201),(1596150000,416,339),(1596150000,417,180),(1596150000,418,135),(1596150000,501,201),(1596150000,502,83),(1596150000,503,253),(1596150000,504,466),(1596150000,505,27),(1596150000,506,371),(1596150000,601,581),(1596150000,603,54),(1596150000,606,264),(1596150000,610,193),(1596150000,611,49),(1596150000,612,109),(1596150000,614,10),(1596150000,616,107),(1596150000,617,206),(1596150000,620,61),(1596150000,621,69),(1596150000,622,321),(1596150000,623,68),(1596150000,701,446),(1596150000,702,300),(1596150000,703,414),(1596150000,704,381),(1596150000,705,564),(1596150000,706,1007),(1596150000,707,156),(1596150000,708,63),(1596150000,709,360),(1596150000,801,274),(1596150000,802,285),(1596150000,803,167),(1596150000,804,228),(1596150000,900,5018),(1596153600,101,19),(1596153600,102,1),(1596153600,103,33),(1596153600,104,31),(1596153600,105,10),(1596153600,106,82),(1596153600,107,68),(1596153600,108,28),(1596153600,109,146),(1596153600,201,103),(1596153600,202,25),(1596153600,203,5),(1596153600,204,51),(1596153600,205,54),(1596153600,206,48),(1596153600,207,51),(1596153600,208,55),(1596153600,209,51),(1596153600,210,16),(1596153600,301,45),(1596153600,302,111),(1596153600,303,27),(1596153600,304,88),(1596153600,305,321),(1596153600,306,225),(1596153600,307,144),(1596153600,308,136),(1596153600,309,16),(1596153600,310,47),(1596153600,311,98),(1596153600,312,203),(1596153600,313,180),(1596153600,314,53),(1596153600,315,193),(1596153600,316,148),(1596153600,317,231),(1596153600,318,238),(1596153600,319,295),(1596153600,320,108),(1596153600,321,196),(1596153600,322,76),(1596153600,323,111),(1596153600,325,76),(1596153600,401,700),(1596153600,402,79),(1596153600,403,141),(1596153600,404,164),(1596153600,405,83),(1596153600,406,141),(1596153600,407,143),(1596153600,408,92),(1596153600,409,69),(1596153600,410,517),(1596153600,411,361),(1596153600,412,77),(1596153600,413,179),(1596153600,414,66),(1596153600,415,201),(1596153600,416,339),(1596153600,417,180),(1596153600,418,135),(1596153600,501,201),(1596153600,502,83),(1596153600,503,253),(1596153600,504,466),(1596153600,505,27),(1596153600,506,371),(1596153600,601,581),(1596153600,603,54),(1596153600,606,264),(1596153600,610,193),(1596153600,611,49),(1596153600,612,109),(1596153600,614,10),(1596153600,616,107),(1596153600,617,206),(1596153600,620,61),(1596153600,621,69),(1596153600,622,321),(1596153600,623,68),(1596153600,701,446),(1596153600,702,300),(1596153600,703,414),(1596153600,704,381),(1596153600,705,564),(1596153600,706,1007),(1596153600,707,156),(1596153600,708,63),(1596153600,709,360),(1596153600,801,274),(1596153600,802,285),(1596153600,803,167),(1596153600,804,228),(1596153600,900,5021),(1596157200,101,19),(1596157200,102,1),(1596157200,103,33),(1596157200,104,31),(1596157200,105,10),(1596157200,106,82),(1596157200,107,68),(1596157200,108,28),(1596157200,109,146),(1596157200,201,103),(1596157200,202,25),(1596157200,203,5),(1596157200,204,51),(1596157200,205,54),(1596157200,206,48),(1596157200,207,51),(1596157200,208,55),(1596157200,209,51),(1596157200,210,16),(1596157200,301,45),(1596157200,302,111),(1596157200,303,27),(1596157200,304,88),(1596157200,305,321),(1596157200,306,225),(1596157200,307,144),(1596157200,308,136),(1596157200,309,16),(1596157200,310,47),(1596157200,311,98),(1596157200,312,203),(1596157200,313,180),(1596157200,314,53),(1596157200,315,193),(1596157200,316,148),(1596157200,317,231),(1596157200,318,238),(1596157200,319,295),(1596157200,320,108),(1596157200,321,196),(1596157200,322,76),(1596157200,323,111),(1596157200,325,76),(1596157200,401,700),(1596157200,402,79),(1596157200,403,141),(1596157200,404,164),(1596157200,405,83),(1596157200,406,141),(1596157200,407,143),(1596157200,408,92),(1596157200,409,69),(1596157200,410,517),(1596157200,411,361),(1596157200,412,77),(1596157200,413,179),(1596157200,414,66),(1596157200,415,201),(1596157200,416,339),(1596157200,417,180),(1596157200,418,135),(1596157200,501,201),(1596157200,502,83),(1596157200,503,253),(1596157200,504,466),(1596157200,505,27),(1596157200,506,371),(1596157200,601,581),(1596157200,603,54),(1596157200,606,264),(1596157200,610,193),(1596157200,611,49),(1596157200,612,109),(1596157200,614,10),(1596157200,616,107),(1596157200,617,206),(1596157200,620,61),(1596157200,621,69),(1596157200,622,321),(1596157200,623,68),(1596157200,701,446),(1596157200,702,300),(1596157200,703,414),(1596157200,704,381),(1596157200,705,564),(1596157200,706,1007),(1596157200,707,156),(1596157200,708,63),(1596157200,709,360),(1596157200,801,274),(1596157200,802,285),(1596157200,803,167),(1596157200,804,228),(1596157200,900,5021),(1596160800,101,19),(1596160800,102,1),(1596160800,103,33),(1596160800,104,31),(1596160800,105,10),(1596160800,106,82),(1596160800,107,68),(1596160800,108,28),(1596160800,109,146),(1596160800,201,103),(1596160800,202,25),(1596160800,203,5),(1596160800,204,51),(1596160800,205,54),(1596160800,206,48),(1596160800,207,51),(1596160800,208,55),(1596160800,209,51),(1596160800,210,16),(1596160800,301,45),(1596160800,302,111),(1596160800,303,27),(1596160800,304,88),(1596160800,305,321),(1596160800,306,225),(1596160800,307,144),(1596160800,308,136),(1596160800,309,16),(1596160800,310,47),(1596160800,311,98),(1596160800,312,203),(1596160800,313,180),(1596160800,314,53),(1596160800,315,193),(1596160800,316,148),(1596160800,317,231),(1596160800,318,238),(1596160800,319,295),(1596160800,320,108),(1596160800,321,196),(1596160800,322,76),(1596160800,323,111),(1596160800,325,76),(1596160800,401,700),(1596160800,402,79),(1596160800,403,141),(1596160800,404,164),(1596160800,405,83),(1596160800,406,141),(1596160800,407,143),(1596160800,408,92),(1596160800,409,69),(1596160800,410,517),(1596160800,411,361),(1596160800,412,77),(1596160800,413,179),(1596160800,414,66),(1596160800,415,201),(1596160800,416,339),(1596160800,417,180),(1596160800,418,135),(1596160800,501,201),(1596160800,502,83),(1596160800,503,253),(1596160800,504,466),(1596160800,505,27),(1596160800,506,371),(1596160800,601,581),(1596160800,603,54),(1596160800,606,264),(1596160800,610,193),(1596160800,611,49),(1596160800,612,109),(1596160800,614,10),(1596160800,616,107),(1596160800,617,206),(1596160800,620,61),(1596160800,621,69),(1596160800,622,321),(1596160800,623,68),(1596160800,701,446),(1596160800,702,300),(1596160800,703,414),(1596160800,704,381),(1596160800,705,564),(1596160800,706,1007),(1596160800,707,156),(1596160800,708,63),(1596160800,709,360),(1596160800,801,274),(1596160800,802,285),(1596160800,803,167),(1596160800,804,228),(1596160800,900,5021),(1596164400,101,19),(1596164400,102,1),(1596164400,103,33),(1596164400,104,31),(1596164400,105,10),(1596164400,106,82),(1596164400,107,68),(1596164400,108,28),(1596164400,109,146),(1596164400,201,103),(1596164400,202,25),(1596164400,203,5),(1596164400,204,51),(1596164400,205,54),(1596164400,206,48),(1596164400,207,51),(1596164400,208,55),(1596164400,209,51),(1596164400,210,16),(1596164400,301,45),(1596164400,302,111),(1596164400,303,27),(1596164400,304,88),(1596164400,305,321),(1596164400,306,225),(1596164400,307,144),(1596164400,308,136),(1596164400,309,16),(1596164400,310,47),(1596164400,311,98),(1596164400,312,203),(1596164400,313,180),(1596164400,314,53),(1596164400,315,193),(1596164400,316,148),(1596164400,317,231),(1596164400,318,238),(1596164400,319,295),(1596164400,320,108),(1596164400,321,196),(1596164400,322,76),(1596164400,323,111),(1596164400,325,76),(1596164400,401,700),(1596164400,402,79),(1596164400,403,141),(1596164400,404,164),(1596164400,405,83),(1596164400,406,141),(1596164400,407,143),(1596164400,408,92),(1596164400,409,69),(1596164400,410,517),(1596164400,411,361),(1596164400,412,77),(1596164400,413,179),(1596164400,414,66),(1596164400,415,201),(1596164400,416,339),(1596164400,417,180),(1596164400,418,135),(1596164400,501,201),(1596164400,502,83),(1596164400,503,253),(1596164400,504,466),(1596164400,505,27),(1596164400,506,371),(1596164400,601,581),(1596164400,603,54),(1596164400,606,264),(1596164400,610,193),(1596164400,611,49),(1596164400,612,109),(1596164400,614,10),(1596164400,616,107),(1596164400,617,206),(1596164400,620,61),(1596164400,621,69),(1596164400,622,321),(1596164400,623,68),(1596164400,701,446),(1596164400,702,300),(1596164400,703,414),(1596164400,704,381),(1596164400,705,564),(1596164400,706,1007),(1596164400,707,156),(1596164400,708,63),(1596164400,709,360),(1596164400,801,274),(1596164400,802,285),(1596164400,803,167),(1596164400,804,228),(1596164400,900,5021),(1596168000,101,19),(1596168000,102,1),(1596168000,103,33),(1596168000,104,31),(1596168000,105,10),(1596168000,106,82),(1596168000,107,68),(1596168000,108,28),(1596168000,109,146),(1596168000,201,103),(1596168000,202,25),(1596168000,203,5),(1596168000,204,51),(1596168000,205,54),(1596168000,206,48),(1596168000,207,51),(1596168000,208,55),(1596168000,209,51),(1596168000,210,16),(1596168000,301,45),(1596168000,302,111),(1596168000,303,27),(1596168000,304,88),(1596168000,305,321),(1596168000,306,225),(1596168000,307,144),(1596168000,308,136),(1596168000,309,16),(1596168000,310,47),(1596168000,311,98),(1596168000,312,203),(1596168000,313,180),(1596168000,314,53),(1596168000,315,193),(1596168000,316,148),(1596168000,317,231),(1596168000,318,238),(1596168000,319,295),(1596168000,320,108),(1596168000,321,196),(1596168000,322,76),(1596168000,323,111),(1596168000,325,76),(1596168000,401,700),(1596168000,402,79),(1596168000,403,141),(1596168000,404,164),(1596168000,405,83),(1596168000,406,141),(1596168000,407,143),(1596168000,408,92),(1596168000,409,69),(1596168000,410,517),(1596168000,411,361),(1596168000,412,77),(1596168000,413,179),(1596168000,414,66),(1596168000,415,201),(1596168000,416,339),(1596168000,417,180),(1596168000,418,135),(1596168000,501,201),(1596168000,502,83),(1596168000,503,253),(1596168000,504,466),(1596168000,505,27),(1596168000,506,371),(1596168000,601,581),(1596168000,603,54),(1596168000,606,264),(1596168000,610,193),(1596168000,611,49),(1596168000,612,109),(1596168000,614,10),(1596168000,616,107),(1596168000,617,206),(1596168000,620,61),(1596168000,621,69),(1596168000,622,321),(1596168000,623,68),(1596168000,701,446),(1596168000,702,300),(1596168000,703,414),(1596168000,704,381),(1596168000,705,564),(1596168000,706,1007),(1596168000,707,156),(1596168000,708,63),(1596168000,709,360),(1596168000,801,274),(1596168000,802,285),(1596168000,803,167),(1596168000,804,228),(1596168000,900,5021),(1596171600,101,19),(1596171600,102,1),(1596171600,103,33),(1596171600,104,31),(1596171600,105,10),(1596171600,106,82),(1596171600,107,68),(1596171600,108,28),(1596171600,109,146),(1596171600,201,103),(1596171600,202,25),(1596171600,203,5),(1596171600,204,51),(1596171600,205,54),(1596171600,206,48),(1596171600,207,51),(1596171600,208,55),(1596171600,209,51),(1596171600,210,16),(1596171600,301,45),(1596171600,302,111),(1596171600,303,27),(1596171600,304,88),(1596171600,305,321),(1596171600,306,225),(1596171600,307,144),(1596171600,308,136),(1596171600,309,16),(1596171600,310,47),(1596171600,311,98),(1596171600,312,203),(1596171600,313,180),(1596171600,314,53),(1596171600,315,193),(1596171600,316,148),(1596171600,317,231),(1596171600,318,238),(1596171600,319,295),(1596171600,320,108),(1596171600,321,196),(1596171600,322,76),(1596171600,323,111),(1596171600,325,76),(1596171600,401,700),(1596171600,402,79),(1596171600,403,141),(1596171600,404,164),(1596171600,405,83),(1596171600,406,141),(1596171600,407,143),(1596171600,408,92),(1596171600,409,69),(1596171600,410,517),(1596171600,411,361),(1596171600,412,77),(1596171600,413,179),(1596171600,414,66),(1596171600,415,201),(1596171600,416,339),(1596171600,417,180),(1596171600,418,135),(1596171600,501,201),(1596171600,502,83),(1596171600,503,253),(1596171600,504,466),(1596171600,505,27),(1596171600,506,371),(1596171600,601,581),(1596171600,603,54),(1596171600,606,264),(1596171600,610,193),(1596171600,611,49),(1596171600,612,109),(1596171600,614,10),(1596171600,616,107),(1596171600,617,206),(1596171600,620,61),(1596171600,621,69),(1596171600,622,321),(1596171600,623,68),(1596171600,701,446),(1596171600,702,300),(1596171600,703,414),(1596171600,704,381),(1596171600,705,564),(1596171600,706,1007),(1596171600,707,156),(1596171600,708,63),(1596171600,709,360),(1596171600,801,274),(1596171600,802,285),(1596171600,803,167),(1596171600,804,228),(1596171600,900,5021),(1596175200,101,19),(1596175200,102,1),(1596175200,103,33),(1596175200,104,31),(1596175200,105,10),(1596175200,106,82),(1596175200,107,68),(1596175200,108,28),(1596175200,109,146),(1596175200,201,103),(1596175200,202,25),(1596175200,203,5),(1596175200,204,51),(1596175200,205,54),(1596175200,206,48),(1596175200,207,51),(1596175200,208,55),(1596175200,209,51),(1596175200,210,16),(1596175200,301,45),(1596175200,302,111),(1596175200,303,27),(1596175200,304,88),(1596175200,305,321),(1596175200,306,228),(1596175200,307,144),(1596175200,308,136),(1596175200,309,16),(1596175200,310,47),(1596175200,311,98),(1596175200,312,203),(1596175200,313,180),(1596175200,314,53),(1596175200,315,193),(1596175200,316,148),(1596175200,317,231),(1596175200,318,238),(1596175200,319,295),(1596175200,320,108),(1596175200,321,196),(1596175200,322,76),(1596175200,323,111),(1596175200,325,76),(1596175200,401,700),(1596175200,402,79),(1596175200,403,141),(1596175200,404,164),(1596175200,405,83),(1596175200,406,141),(1596175200,407,143),(1596175200,408,92),(1596175200,409,69),(1596175200,410,517),(1596175200,411,361),(1596175200,412,77),(1596175200,413,179),(1596175200,414,66),(1596175200,415,201),(1596175200,416,339),(1596175200,417,180),(1596175200,418,135),(1596175200,501,201),(1596175200,502,83),(1596175200,503,253),(1596175200,504,466),(1596175200,505,27),(1596175200,506,371),(1596175200,601,581),(1596175200,603,54),(1596175200,606,264),(1596175200,610,193),(1596175200,611,49),(1596175200,612,109),(1596175200,614,10),(1596175200,616,107),(1596175200,617,206),(1596175200,620,61),(1596175200,621,69),(1596175200,622,321),(1596175200,623,68),(1596175200,701,446),(1596175200,702,300),(1596175200,703,414),(1596175200,704,381),(1596175200,705,564),(1596175200,706,1007),(1596175200,707,156),(1596175200,708,63),(1596175200,709,360),(1596175200,801,274),(1596175200,802,285),(1596175200,803,167),(1596175200,804,228),(1596175200,900,5021),(1596178800,101,19),(1596178800,102,1),(1596178800,103,33),(1596178800,104,31),(1596178800,105,10),(1596178800,106,82),(1596178800,107,68),(1596178800,108,28),(1596178800,109,146),(1596178800,201,103),(1596178800,202,25),(1596178800,203,5),(1596178800,204,51),(1596178800,205,54),(1596178800,206,48),(1596178800,207,51),(1596178800,208,55),(1596178800,209,51),(1596178800,210,16),(1596178800,301,45),(1596178800,302,111),(1596178800,303,27),(1596178800,304,88),(1596178800,305,321),(1596178800,306,228),(1596178800,307,144),(1596178800,308,136),(1596178800,309,16),(1596178800,310,47),(1596178800,311,98),(1596178800,312,203),(1596178800,313,180),(1596178800,314,53),(1596178800,315,193),(1596178800,316,148),(1596178800,317,231),(1596178800,318,238),(1596178800,319,295),(1596178800,320,108),(1596178800,321,196),(1596178800,322,76),(1596178800,323,111),(1596178800,325,76),(1596178800,401,700),(1596178800,402,79),(1596178800,403,141),(1596178800,404,164),(1596178800,405,83),(1596178800,406,141),(1596178800,407,140),(1596178800,408,92),(1596178800,409,69),(1596178800,410,517),(1596178800,411,361),(1596178800,412,77),(1596178800,413,180),(1596178800,414,66),(1596178800,415,201),(1596178800,416,339),(1596178800,417,180),(1596178800,418,135),(1596178800,501,201),(1596178800,502,83),(1596178800,503,254),(1596178800,504,465),(1596178800,505,27),(1596178800,506,371),(1596178800,601,582),(1596178800,603,54),(1596178800,606,264),(1596178800,610,193),(1596178800,611,49),(1596178800,612,109),(1596178800,614,10),(1596178800,616,107),(1596178800,617,206),(1596178800,620,61),(1596178800,621,69),(1596178800,622,321),(1596178800,623,68),(1596178800,701,446),(1596178800,702,300),(1596178800,703,414),(1596178800,704,381),(1596178800,705,564),(1596178800,706,1007),(1596178800,707,156),(1596178800,708,63),(1596178800,709,360),(1596178800,801,274),(1596178800,802,285),(1596178800,803,167),(1596178800,804,228),(1596178800,900,5025),(1596182400,101,19),(1596182400,102,1),(1596182400,103,33),(1596182400,104,31),(1596182400,105,10),(1596182400,106,82),(1596182400,107,68),(1596182400,108,28),(1596182400,109,146),(1596182400,201,103),(1596182400,202,25),(1596182400,203,5),(1596182400,204,51),(1596182400,205,54),(1596182400,206,48),(1596182400,207,51),(1596182400,208,55),(1596182400,209,51),(1596182400,210,16),(1596182400,301,45),(1596182400,302,111),(1596182400,303,27),(1596182400,304,88),(1596182400,305,322),(1596182400,306,228),(1596182400,307,144),(1596182400,308,138),(1596182400,309,16),(1596182400,310,47),(1596182400,311,98),(1596182400,312,203),(1596182400,313,180),(1596182400,314,53),(1596182400,315,193),(1596182400,316,148),(1596182400,317,231),(1596182400,318,238),(1596182400,319,296),(1596182400,320,108),(1596182400,321,196),(1596182400,322,76),(1596182400,323,111),(1596182400,325,76),(1596182400,401,701),(1596182400,402,79),(1596182400,403,141),(1596182400,404,164),(1596182400,405,83),(1596182400,406,141),(1596182400,407,139),(1596182400,408,92),(1596182400,409,69),(1596182400,410,517),(1596182400,411,361),(1596182400,412,77),(1596182400,413,180),(1596182400,414,66),(1596182400,415,201),(1596182400,416,339),(1596182400,417,180),(1596182400,418,135),(1596182400,501,201),(1596182400,502,83),(1596182400,503,254),(1596182400,504,465),(1596182400,505,27),(1596182400,506,371),(1596182400,601,584),(1596182400,603,54),(1596182400,606,264),(1596182400,610,193),(1596182400,611,51),(1596182400,612,109),(1596182400,614,10),(1596182400,616,107),(1596182400,617,206),(1596182400,620,61),(1596182400,621,68),(1596182400,622,321),(1596182400,623,68),(1596182400,701,446),(1596182400,702,300),(1596182400,703,414),(1596182400,704,381),(1596182400,705,564),(1596182400,706,1007),(1596182400,707,156),(1596182400,708,63),(1596182400,709,360),(1596182400,801,274),(1596182400,802,285),(1596182400,803,167),(1596182400,804,228),(1596182400,900,5021),(1596186000,101,19),(1596186000,102,1),(1596186000,103,33),(1596186000,104,31),(1596186000,105,10),(1596186000,106,81),(1596186000,107,68),(1596186000,108,28),(1596186000,109,146),(1596186000,201,103),(1596186000,202,25),(1596186000,203,5),(1596186000,204,51),(1596186000,205,54),(1596186000,206,48),(1596186000,207,51),(1596186000,208,55),(1596186000,209,51),(1596186000,210,16),(1596186000,301,45),(1596186000,302,111),(1596186000,303,27),(1596186000,304,88),(1596186000,305,321),(1596186000,306,228),(1596186000,307,144),(1596186000,308,138),(1596186000,309,16),(1596186000,310,47),(1596186000,311,98),(1596186000,312,203),(1596186000,313,180),(1596186000,314,53),(1596186000,315,193),(1596186000,316,148),(1596186000,317,231),(1596186000,318,238),(1596186000,319,296),(1596186000,320,108),(1596186000,321,196),(1596186000,322,76),(1596186000,323,111),(1596186000,325,76),(1596186000,401,701),(1596186000,402,79),(1596186000,403,141),(1596186000,404,164),(1596186000,405,83),(1596186000,406,141),(1596186000,407,140),(1596186000,408,92),(1596186000,409,69),(1596186000,410,517),(1596186000,411,361),(1596186000,412,77),(1596186000,413,180),(1596186000,414,66),(1596186000,415,201),(1596186000,416,339),(1596186000,417,180),(1596186000,418,135),(1596186000,501,200),(1596186000,502,83),(1596186000,503,254),(1596186000,504,465),(1596186000,505,27),(1596186000,506,371),(1596186000,601,583),(1596186000,603,54),(1596186000,606,264),(1596186000,610,193),(1596186000,611,51),(1596186000,612,109),(1596186000,614,10),(1596186000,616,107),(1596186000,617,207),(1596186000,620,61),(1596186000,621,68),(1596186000,622,321),(1596186000,623,68),(1596186000,701,446),(1596186000,702,300),(1596186000,703,414),(1596186000,704,381),(1596186000,705,564),(1596186000,706,1007),(1596186000,707,156),(1596186000,708,63),(1596186000,709,360),(1596186000,801,274),(1596186000,802,285),(1596186000,803,167),(1596186000,804,228),(1596186000,900,5022),(1596189600,101,19),(1596189600,102,1),(1596189600,103,33),(1596189600,104,31),(1596189600,105,10),(1596189600,106,81),(1596189600,107,68),(1596189600,108,28),(1596189600,109,146),(1596189600,201,104),(1596189600,202,25),(1596189600,203,5),(1596189600,204,51),(1596189600,205,54),(1596189600,206,48),(1596189600,207,51),(1596189600,208,55),(1596189600,209,51),(1596189600,210,16),(1596189600,301,45),(1596189600,302,111),(1596189600,303,27),(1596189600,304,88),(1596189600,305,321),(1596189600,306,228),(1596189600,307,145),(1596189600,308,138),(1596189600,309,16),(1596189600,310,48),(1596189600,311,98),(1596189600,312,203),(1596189600,313,180),(1596189600,314,53),(1596189600,315,193),(1596189600,316,148),(1596189600,317,231),(1596189600,318,238),(1596189600,319,296),(1596189600,320,108),(1596189600,321,196),(1596189600,322,76),(1596189600,323,111),(1596189600,325,76),(1596189600,401,701),(1596189600,402,79),(1596189600,403,141),(1596189600,404,164),(1596189600,405,83),(1596189600,406,141),(1596189600,407,140),(1596189600,408,92),(1596189600,409,69),(1596189600,410,517),(1596189600,411,361),(1596189600,412,77),(1596189600,413,180),(1596189600,414,66),(1596189600,415,201),(1596189600,416,339),(1596189600,417,180),(1596189600,418,135),(1596189600,501,200),(1596189600,502,83),(1596189600,503,254),(1596189600,504,465),(1596189600,505,27),(1596189600,506,371),(1596189600,601,584),(1596189600,603,54),(1596189600,606,264),(1596189600,610,193),(1596189600,611,51),(1596189600,612,109),(1596189600,614,10),(1596189600,616,107),(1596189600,617,207),(1596189600,620,61),(1596189600,621,68),(1596189600,622,321),(1596189600,623,68),(1596189600,701,446),(1596189600,702,300),(1596189600,703,414),(1596189600,704,381),(1596189600,705,564),(1596189600,706,1007),(1596189600,707,156),(1596189600,708,63),(1596189600,709,360),(1596189600,801,274),(1596189600,802,285),(1596189600,803,167),(1596189600,804,228),(1596189600,900,5022),(1596193200,101,19),(1596193200,102,1),(1596193200,103,33),(1596193200,104,31),(1596193200,105,10),(1596193200,106,81),(1596193200,107,68),(1596193200,108,28),(1596193200,109,146),(1596193200,201,104),(1596193200,202,25),(1596193200,203,5),(1596193200,204,51),(1596193200,205,54),(1596193200,206,48),(1596193200,207,51),(1596193200,208,55),(1596193200,209,51),(1596193200,210,16),(1596193200,301,45),(1596193200,302,111),(1596193200,303,27),(1596193200,304,88),(1596193200,305,321),(1596193200,306,228),(1596193200,307,145),(1596193200,308,138),(1596193200,309,16),(1596193200,310,48),(1596193200,311,98),(1596193200,312,203),(1596193200,313,180),(1596193200,314,53),(1596193200,315,193),(1596193200,316,148),(1596193200,317,231),(1596193200,318,238),(1596193200,319,296),(1596193200,320,108),(1596193200,321,196),(1596193200,322,76),(1596193200,323,111),(1596193200,325,76),(1596193200,401,703),(1596193200,402,79),(1596193200,403,141),(1596193200,404,164),(1596193200,405,83),(1596193200,406,141),(1596193200,407,141),(1596193200,408,92),(1596193200,409,69),(1596193200,410,517),(1596193200,411,361),(1596193200,412,77),(1596193200,413,180),(1596193200,414,66),(1596193200,415,201),(1596193200,416,339),(1596193200,417,181),(1596193200,418,135),(1596193200,501,201),(1596193200,502,83),(1596193200,503,254),(1596193200,504,465),(1596193200,505,27),(1596193200,506,371),(1596193200,601,584),(1596193200,603,54),(1596193200,606,264),(1596193200,610,193),(1596193200,611,51),(1596193200,612,109),(1596193200,614,10),(1596193200,616,107),(1596193200,617,207),(1596193200,620,61),(1596193200,621,68),(1596193200,622,321),(1596193200,623,68),(1596193200,701,446),(1596193200,702,300),(1596193200,703,414),(1596193200,704,381),(1596193200,705,553),(1596193200,706,1007),(1596193200,707,156),(1596193200,708,63),(1596193200,709,360),(1596193200,801,274),(1596193200,802,285),(1596193200,803,167),(1596193200,804,228),(1596193200,900,5022),(1596196800,101,19),(1596196800,102,1),(1596196800,103,33),(1596196800,104,31),(1596196800,105,10),(1596196800,106,81),(1596196800,107,68),(1596196800,108,28),(1596196800,109,146),(1596196800,201,104),(1596196800,202,25),(1596196800,203,5),(1596196800,204,51),(1596196800,205,54),(1596196800,206,48),(1596196800,207,51),(1596196800,208,55),(1596196800,209,51),(1596196800,210,16),(1596196800,301,45),(1596196800,302,111),(1596196800,303,27),(1596196800,304,88),(1596196800,305,321),(1596196800,306,228),(1596196800,307,146),(1596196800,308,138),(1596196800,309,16),(1596196800,310,48),(1596196800,311,98),(1596196800,312,203),(1596196800,313,180),(1596196800,314,53),(1596196800,315,193),(1596196800,316,148),(1596196800,317,231),(1596196800,318,238),(1596196800,319,296),(1596196800,320,108),(1596196800,321,196),(1596196800,322,76),(1596196800,323,111),(1596196800,325,76),(1596196800,401,703),(1596196800,402,79),(1596196800,403,141),(1596196800,404,164),(1596196800,405,84),(1596196800,406,141),(1596196800,407,141),(1596196800,408,92),(1596196800,409,69),(1596196800,410,517),(1596196800,411,361),(1596196800,412,77),(1596196800,413,182),(1596196800,414,66),(1596196800,415,201),(1596196800,416,339),(1596196800,417,181),(1596196800,418,135),(1596196800,501,201),(1596196800,502,83),(1596196800,503,254),(1596196800,504,465),(1596196800,505,27),(1596196800,506,371),(1596196800,601,585),(1596196800,603,54),(1596196800,606,264),(1596196800,610,193),(1596196800,611,51),(1596196800,612,109),(1596196800,614,10),(1596196800,616,107),(1596196800,617,207),(1596196800,620,61),(1596196800,621,68),(1596196800,622,321),(1596196800,623,68),(1596196800,701,446),(1596196800,702,300),(1596196800,703,414),(1596196800,704,381),(1596196800,705,553),(1596196800,706,1007),(1596196800,707,156),(1596196800,708,63),(1596196800,709,360),(1596196800,801,274),(1596196800,802,286),(1596196800,803,167),(1596196800,804,228),(1596196800,900,5023),(1596200400,101,19),(1596200400,102,1),(1596200400,103,33),(1596200400,104,31),(1596200400,105,10),(1596200400,106,81),(1596200400,107,68),(1596200400,108,28),(1596200400,109,146),(1596200400,201,104),(1596200400,202,25),(1596200400,203,5),(1596200400,204,51),(1596200400,205,54),(1596200400,206,48),(1596200400,207,51),(1596200400,208,55),(1596200400,209,51),(1596200400,210,16),(1596200400,301,45),(1596200400,302,111),(1596200400,303,27),(1596200400,304,88),(1596200400,305,321),(1596200400,306,228),(1596200400,307,146),(1596200400,308,138),(1596200400,309,16),(1596200400,310,48),(1596200400,311,98),(1596200400,312,203),(1596200400,313,180),(1596200400,314,53),(1596200400,315,193),(1596200400,316,148),(1596200400,317,231),(1596200400,318,238),(1596200400,319,296),(1596200400,320,108),(1596200400,321,196),(1596200400,322,76),(1596200400,323,111),(1596200400,325,76),(1596200400,401,703),(1596200400,402,79),(1596200400,403,141),(1596200400,404,164),(1596200400,405,84),(1596200400,406,141),(1596200400,407,141),(1596200400,408,92),(1596200400,409,69),(1596200400,410,517),(1596200400,411,361),(1596200400,412,77),(1596200400,413,182),(1596200400,414,66),(1596200400,415,201),(1596200400,416,339),(1596200400,417,181),(1596200400,418,135),(1596200400,501,201),(1596200400,502,83),(1596200400,503,254),(1596200400,504,465),(1596200400,505,27),(1596200400,506,371),(1596200400,601,587),(1596200400,603,54),(1596200400,606,264),(1596200400,610,193),(1596200400,611,51),(1596200400,612,109),(1596200400,614,10),(1596200400,616,107),(1596200400,617,207),(1596200400,620,61),(1596200400,621,68),(1596200400,622,321),(1596200400,623,68),(1596200400,701,446),(1596200400,702,300),(1596200400,703,414),(1596200400,704,381),(1596200400,705,549),(1596200400,706,1007),(1596200400,707,156),(1596200400,708,63),(1596200400,709,360),(1596200400,801,275),(1596200400,802,287),(1596200400,803,167),(1596200400,804,228),(1596200400,900,5023),(1596204000,101,19),(1596204000,102,1),(1596204000,103,33),(1596204000,104,31),(1596204000,105,10),(1596204000,106,81),(1596204000,107,68),(1596204000,108,28),(1596204000,109,146),(1596204000,201,104),(1596204000,202,25),(1596204000,203,5),(1596204000,204,51),(1596204000,205,54),(1596204000,206,48),(1596204000,207,51),(1596204000,208,55),(1596204000,209,51),(1596204000,210,16),(1596204000,301,45),(1596204000,302,111),(1596204000,303,27),(1596204000,304,88),(1596204000,305,321),(1596204000,306,228),(1596204000,307,146),(1596204000,308,138),(1596204000,309,16),(1596204000,310,48),(1596204000,311,98),(1596204000,312,203),(1596204000,313,180),(1596204000,314,53),(1596204000,315,193),(1596204000,316,148),(1596204000,317,231),(1596204000,318,238),(1596204000,319,296),(1596204000,320,108),(1596204000,321,196),(1596204000,322,76),(1596204000,323,111),(1596204000,325,76),(1596204000,401,703),(1596204000,402,79),(1596204000,403,141),(1596204000,404,164),(1596204000,405,84),(1596204000,406,141),(1596204000,407,141),(1596204000,408,92),(1596204000,409,69),(1596204000,410,517),(1596204000,411,361),(1596204000,412,77),(1596204000,413,182),(1596204000,414,66),(1596204000,415,201),(1596204000,416,339),(1596204000,417,181),(1596204000,418,135),(1596204000,501,201),(1596204000,502,83),(1596204000,503,254),(1596204000,504,465),(1596204000,505,27),(1596204000,506,371),(1596204000,601,587),(1596204000,603,54),(1596204000,606,264),(1596204000,610,193),(1596204000,611,51),(1596204000,612,109),(1596204000,614,10),(1596204000,616,107),(1596204000,617,207),(1596204000,620,61),(1596204000,621,68),(1596204000,622,321),(1596204000,623,68),(1596204000,701,446),(1596204000,702,300),(1596204000,703,414),(1596204000,704,381),(1596204000,705,549),(1596204000,706,1007),(1596204000,707,156),(1596204000,708,63),(1596204000,709,360),(1596204000,801,275),(1596204000,802,287),(1596204000,803,167),(1596204000,804,228),(1596204000,900,5024),(1596207600,101,20),(1596207600,102,1),(1596207600,103,33),(1596207600,104,31),(1596207600,105,10),(1596207600,106,81),(1596207600,107,68),(1596207600,108,28),(1596207600,109,146),(1596207600,201,104),(1596207600,202,25),(1596207600,203,5),(1596207600,204,51),(1596207600,205,54),(1596207600,206,48),(1596207600,207,51),(1596207600,208,55),(1596207600,209,51),(1596207600,210,16),(1596207600,301,45),(1596207600,302,111),(1596207600,303,27),(1596207600,304,88),(1596207600,305,321),(1596207600,306,228),(1596207600,307,146),(1596207600,308,138),(1596207600,309,16),(1596207600,310,48),(1596207600,311,98),(1596207600,312,203),(1596207600,313,180),(1596207600,314,53),(1596207600,315,193),(1596207600,316,148),(1596207600,317,231),(1596207600,318,238),(1596207600,319,296),(1596207600,320,108),(1596207600,321,197),(1596207600,322,76),(1596207600,323,111),(1596207600,325,76),(1596207600,401,705),(1596207600,402,79),(1596207600,403,141),(1596207600,404,164),(1596207600,405,84),(1596207600,406,141),(1596207600,407,141),(1596207600,408,92),(1596207600,409,69),(1596207600,410,519),(1596207600,411,361),(1596207600,412,77),(1596207600,413,182),(1596207600,414,66),(1596207600,415,201),(1596207600,416,339),(1596207600,417,181),(1596207600,418,135),(1596207600,501,201),(1596207600,502,83),(1596207600,503,254),(1596207600,504,465),(1596207600,505,27),(1596207600,506,371),(1596207600,601,587),(1596207600,603,54),(1596207600,606,264),(1596207600,610,193),(1596207600,611,51),(1596207600,612,109),(1596207600,614,10),(1596207600,616,107),(1596207600,617,207),(1596207600,620,61),(1596207600,621,68),(1596207600,622,321),(1596207600,623,68),(1596207600,701,446),(1596207600,702,300),(1596207600,703,414),(1596207600,704,381),(1596207600,705,549),(1596207600,706,1007),(1596207600,707,156),(1596207600,708,63),(1596207600,709,360),(1596207600,801,275),(1596207600,802,287),(1596207600,803,167),(1596207600,804,228),(1596207600,900,5023),(1596211200,101,20),(1596211200,102,1),(1596211200,103,33),(1596211200,104,31),(1596211200,105,10),(1596211200,106,81),(1596211200,107,69),(1596211200,108,28),(1596211200,109,146),(1596211200,201,104),(1596211200,202,25),(1596211200,203,5),(1596211200,204,51),(1596211200,205,54),(1596211200,206,48),(1596211200,207,51),(1596211200,208,55),(1596211200,209,51),(1596211200,210,16),(1596211200,301,45),(1596211200,302,111),(1596211200,303,27),(1596211200,304,88),(1596211200,305,321),(1596211200,306,228),(1596211200,307,146),(1596211200,308,138),(1596211200,309,16),(1596211200,310,48),(1596211200,311,98),(1596211200,312,203),(1596211200,313,180),(1596211200,314,53),(1596211200,315,193),(1596211200,316,148),(1596211200,317,231),(1596211200,318,238),(1596211200,319,296),(1596211200,320,108),(1596211200,321,197),(1596211200,322,76),(1596211200,323,111),(1596211200,325,76),(1596211200,401,705),(1596211200,402,79),(1596211200,403,141),(1596211200,404,164),(1596211200,405,84),(1596211200,406,141),(1596211200,407,141),(1596211200,408,92),(1596211200,409,69),(1596211200,410,519),(1596211200,411,361),(1596211200,412,77),(1596211200,413,182),(1596211200,414,66),(1596211200,415,201),(1596211200,416,339),(1596211200,417,181),(1596211200,418,135),(1596211200,501,201),(1596211200,502,83),(1596211200,503,254),(1596211200,504,465),(1596211200,505,27),(1596211200,506,371),(1596211200,601,587),(1596211200,603,54),(1596211200,606,264),(1596211200,610,193),(1596211200,611,51),(1596211200,612,109),(1596211200,614,10),(1596211200,616,107),(1596211200,617,207),(1596211200,620,61),(1596211200,621,68),(1596211200,622,321),(1596211200,623,68),(1596211200,701,446),(1596211200,702,300),(1596211200,703,414),(1596211200,704,381),(1596211200,705,549),(1596211200,706,1007),(1596211200,707,156),(1596211200,708,63),(1596211200,709,360),(1596211200,801,275),(1596211200,802,287),(1596211200,803,167),(1596211200,804,228),(1596211200,900,5025),(1596214800,101,20),(1596214800,102,1),(1596214800,103,33),(1596214800,104,31),(1596214800,105,10),(1596214800,106,81),(1596214800,107,69),(1596214800,108,28),(1596214800,109,146),(1596214800,201,104),(1596214800,202,25),(1596214800,203,5),(1596214800,204,51),(1596214800,205,54),(1596214800,206,48),(1596214800,207,51),(1596214800,208,55),(1596214800,209,51),(1596214800,210,16),(1596214800,301,45),(1596214800,302,111),(1596214800,303,27),(1596214800,304,88),(1596214800,305,322),(1596214800,306,228),(1596214800,307,146),(1596214800,308,138),(1596214800,309,16),(1596214800,310,48),(1596214800,311,98),(1596214800,312,203),(1596214800,313,181),(1596214800,314,53),(1596214800,315,194),(1596214800,316,148),(1596214800,317,231),(1596214800,318,238),(1596214800,319,296),(1596214800,320,108),(1596214800,321,198),(1596214800,322,76),(1596214800,323,111),(1596214800,325,76),(1596214800,401,705),(1596214800,402,79),(1596214800,403,141),(1596214800,404,164),(1596214800,405,84),(1596214800,406,141),(1596214800,407,142),(1596214800,408,92),(1596214800,409,69),(1596214800,410,519),(1596214800,411,361),(1596214800,412,77),(1596214800,413,182),(1596214800,414,66),(1596214800,415,201),(1596214800,416,339),(1596214800,417,183),(1596214800,418,135),(1596214800,501,201),(1596214800,502,83),(1596214800,503,254),(1596214800,504,465),(1596214800,505,27),(1596214800,506,371),(1596214800,601,587),(1596214800,603,54),(1596214800,606,264),(1596214800,610,193),(1596214800,611,51),(1596214800,612,109),(1596214800,614,10),(1596214800,616,107),(1596214800,617,207),(1596214800,620,61),(1596214800,621,68),(1596214800,622,321),(1596214800,623,68),(1596214800,701,446),(1596214800,702,300),(1596214800,703,414),(1596214800,704,381),(1596214800,705,549),(1596214800,706,1007),(1596214800,707,156),(1596214800,708,63),(1596214800,709,360),(1596214800,801,275),(1596214800,802,287),(1596214800,803,167),(1596214800,804,228),(1596214800,900,5025),(1596218400,101,20),(1596218400,102,1),(1596218400,103,33),(1596218400,104,31),(1596218400,105,10),(1596218400,106,81),(1596218400,107,69),(1596218400,108,28),(1596218400,109,146),(1596218400,201,104),(1596218400,202,25),(1596218400,203,5),(1596218400,204,51),(1596218400,205,54),(1596218400,206,48),(1596218400,207,51),(1596218400,208,55),(1596218400,209,51),(1596218400,210,16),(1596218400,301,45),(1596218400,302,111),(1596218400,303,27),(1596218400,304,88),(1596218400,305,322),(1596218400,306,228),(1596218400,307,146),(1596218400,308,138),(1596218400,309,16),(1596218400,310,48),(1596218400,311,98),(1596218400,312,203),(1596218400,313,181),(1596218400,314,53),(1596218400,315,194),(1596218400,316,148),(1596218400,317,231),(1596218400,318,238),(1596218400,319,296),(1596218400,320,108),(1596218400,321,198),(1596218400,322,76),(1596218400,323,111),(1596218400,325,76),(1596218400,401,705),(1596218400,402,79),(1596218400,403,141),(1596218400,404,165),(1596218400,405,84),(1596218400,406,141),(1596218400,407,142),(1596218400,408,92),(1596218400,409,69),(1596218400,410,519),(1596218400,411,361),(1596218400,412,77),(1596218400,413,182),(1596218400,414,66),(1596218400,415,201),(1596218400,416,339),(1596218400,417,183),(1596218400,418,135),(1596218400,501,201),(1596218400,502,83),(1596218400,503,254),(1596218400,504,465),(1596218400,505,27),(1596218400,506,371),(1596218400,601,587),(1596218400,603,54),(1596218400,606,264),(1596218400,610,193),(1596218400,611,51),(1596218400,612,109),(1596218400,614,10),(1596218400,616,107),(1596218400,617,207),(1596218400,620,61),(1596218400,621,68),(1596218400,622,321),(1596218400,623,68),(1596218400,701,446),(1596218400,702,300),(1596218400,703,414),(1596218400,704,381),(1596218400,705,549),(1596218400,706,1007),(1596218400,707,156),(1596218400,708,63),(1596218400,709,360),(1596218400,801,275),(1596218400,802,287),(1596218400,803,167),(1596218400,804,228),(1596218400,900,5027),(1596222000,101,20),(1596222000,102,1),(1596222000,103,33),(1596222000,104,31),(1596222000,105,10),(1596222000,106,81),(1596222000,107,69),(1596222000,108,28),(1596222000,109,146),(1596222000,201,104),(1596222000,202,25),(1596222000,203,5),(1596222000,204,51),(1596222000,205,54),(1596222000,206,48),(1596222000,207,51),(1596222000,208,55),(1596222000,209,51),(1596222000,210,16),(1596222000,301,45),(1596222000,302,111),(1596222000,303,27),(1596222000,304,88),(1596222000,305,322),(1596222000,306,228),(1596222000,307,146),(1596222000,308,138),(1596222000,309,16),(1596222000,310,48),(1596222000,311,98),(1596222000,312,203),(1596222000,313,181),(1596222000,314,53),(1596222000,315,194),(1596222000,316,148),(1596222000,317,231),(1596222000,318,238),(1596222000,319,296),(1596222000,320,108),(1596222000,321,198),(1596222000,322,76),(1596222000,323,111),(1596222000,325,76),(1596222000,401,705),(1596222000,402,79),(1596222000,403,141),(1596222000,404,165),(1596222000,405,84),(1596222000,406,141),(1596222000,407,144),(1596222000,408,92),(1596222000,409,69),(1596222000,410,519),(1596222000,411,361),(1596222000,412,77),(1596222000,413,182),(1596222000,414,66),(1596222000,415,201),(1596222000,416,339),(1596222000,417,183),(1596222000,418,135),(1596222000,501,201),(1596222000,502,83),(1596222000,503,254),(1596222000,504,465),(1596222000,505,27),(1596222000,506,371),(1596222000,601,587),(1596222000,603,54),(1596222000,606,264),(1596222000,610,193),(1596222000,611,51),(1596222000,612,109),(1596222000,614,10),(1596222000,616,107),(1596222000,617,207),(1596222000,620,61),(1596222000,621,68),(1596222000,622,321),(1596222000,623,68),(1596222000,701,446),(1596222000,702,300),(1596222000,703,414),(1596222000,704,381),(1596222000,705,549),(1596222000,706,1007),(1596222000,707,156),(1596222000,708,63),(1596222000,709,360),(1596222000,801,275),(1596222000,802,287),(1596222000,803,167),(1596222000,804,228),(1596222000,900,5044),(1596225600,305,322),(1596225600,306,228),(1596225600,307,147),(1596225600,404,165),(1596225600,621,68),(1596225600,801,275),(1596225600,802,287);
/*!40000 ALTER TABLE `districts_infected` ENABLE KEYS */;
UNLOCK TABLES;

--
-- Table structure for table `infected`
--

DROP TABLE IF EXISTS `infected`;
/*!40101 SET @saved_cs_client     = @@character_set_client */;
/*!40101 SET character_set_client = utf8 */;
CREATE TABLE `infected` (
  `timestamp` int(11) NOT NULL,
  `b` int(11) NOT NULL,
  `k` int(11) NOT NULL,
  `n` int(11) NOT NULL,
  `o` int(11) NOT NULL,
  `s` int(11) NOT NULL,
  `st` int(11) NOT NULL,
  `t` int(11) NOT NULL,
  `v` int(11) NOT NULL,
  `w` int(11) NOT NULL,
  PRIMARY KEY (`timestamp`)
) ENGINE=InnoDB DEFAULT CHARSET=latin1;
/*!40101 SET character_set_client = @saved_cs_client */;

--
-- Dumping data for table `infected`
--

LOCK TABLES `infected` WRITE;
/*!40000 ALTER TABLE `infected` DISABLE KEYS */;
INSERT INTO `infected` VALUES (1595779200,398,454,3290,3496,1337,2037,3655,944,4837),(1595930400,404,456,3329,3556,1349,2050,3661,947,4900),(1595934000,404,456,3329,3556,1349,2050,3661,947,4900),(1595937600,404,456,3329,3556,1349,2050,3661,947,4900),(1595941200,404,456,3329,3556,1349,2050,3661,947,4900),(1595944800,404,456,3329,3556,1349,2050,3661,947,4900),(1595948400,404,456,3329,3556,1349,2050,3661,947,4900),(1595952000,404,456,3329,3556,1349,2050,3661,947,4900),(1595955600,404,456,3329,3556,1349,2050,3661,947,4906),(1595959200,404,456,3329,3556,1349,2050,3661,947,4908),(1595962800,404,456,3329,3556,1349,2050,3661,947,4908),(1595966400,404,456,3329,3556,1349,2050,3661,947,4908),(1595970000,404,456,3329,3556,1349,2050,3661,947,4908),(1595973600,404,456,3329,3556,1349,2050,3661,947,4908),(1595977200,404,456,3329,3556,1349,2050,3661,947,4908),(1595980800,404,456,3329,3556,1349,2050,3661,947,4908),(1595984400,404,456,3329,3556,1349,2050,3661,947,4908),(1595988000,404,456,3329,3556,1349,2050,3661,947,4908),(1595991600,404,456,3329,3556,1349,2050,3661,947,4908),(1595995200,404,456,3329,3556,1349,2050,3661,947,4908),(1595998800,404,456,3329,3556,1349,2050,3661,947,4908),(1596006000,404,456,3329,3556,1349,2050,3661,947,4908),(1596009600,407,456,3339,3585,1351,2063,3688,952,4989),(1596013200,407,456,3339,3585,1351,2063,3688,952,4989),(1596016800,407,456,3339,3585,1351,2063,3688,952,4989),(1596020400,407,456,3339,3585,1351,2063,3688,952,4989),(1596024000,407,456,3339,3586,1351,2063,3688,952,4990),(1596027600,407,456,3339,3586,1351,2063,3688,952,4990),(1596031200,407,456,3339,3586,1351,2063,3688,952,4990),(1596034800,407,456,3339,3586,1351,2063,3688,952,4990),(1596038400,407,456,3339,3586,1351,2063,3688,952,4990),(1596042000,407,456,3339,3586,1351,2063,3688,952,4990),(1596045600,407,456,3339,3586,1351,2063,3688,952,4990),(1596049200,407,456,3339,3586,1351,2063,3688,952,4990),(1596052800,407,456,3339,3586,1351,2063,3688,952,4990),(1596056400,407,456,3339,3586,1351,2063,3688,952,4990),(1596060000,407,456,3339,3586,1351,2063,3688,952,4990),(1596063600,407,456,3339,3586,1351,2063,3688,952,4990),(1596067200,407,456,3339,3586,1351,2063,3688,952,4990),(1596070800,407,456,3339,3586,1351,2063,3688,952,4990),(1596074400,407,456,3339,3586,1351,2063,3688,952,4990),(1596078000,407,456,3339,3586,1351,2063,3688,952,4990),(1596081600,407,456,3339,3586,1351,2063,3688,952,4990),(1596085200,407,456,3339,3586,1351,2063,3688,952,4990),(1596088800,407,456,3339,3586,1351,2063,3688,952,4990),(1596092400,407,456,3339,3586,1351,2063,3688,952,4990),(1596096000,409,457,3351,3617,1362,2075,3697,956,5011),(1596099600,409,457,3351,3617,1362,2075,3697,956,5011),(1596103200,409,457,3351,3617,1362,2075,3697,956,5011),(1596106800,409,457,3351,3617,1362,2075,3697,956,5011),(1596110400,409,457,3351,3617,1362,2075,3697,956,5011),(1596114000,409,457,3351,3617,1362,2075,3697,956,5011),(1596117600,409,457,3351,3617,1362,2075,3697,956,5011),(1596121200,409,457,3351,3617,1362,2075,3697,956,5011),(1596124800,409,457,3351,3617,1362,2075,3697,956,5011),(1596128400,409,457,3351,3617,1362,2075,3697,956,5011),(1596132000,409,457,3351,3617,1362,2075,3697,956,5011),(1596135600,409,457,3351,3617,1362,2075,3697,956,5011),(1596139200,409,457,3351,3617,1362,2075,3697,956,5011),(1596142800,409,457,3351,3617,1362,2075,3697,956,5011),(1596146400,409,457,3351,3617,1362,2075,3697,956,5011),(1596150000,409,457,3351,3617,1362,2075,3697,956,5011),(1596153600,409,457,3351,3617,1362,2075,3697,956,5011),(1596157200,409,457,3351,3617,1362,2075,3697,956,5011),(1596160800,409,457,3351,3617,1362,2075,3697,956,5011),(1596164400,409,457,3351,3617,1362,2075,3697,956,5011),(1596168000,409,457,3351,3617,1362,2075,3697,956,5011),(1596171600,409,457,3351,3617,1362,2075,3697,956,5011),(1596175200,409,457,3351,3617,1362,2075,3697,956,5011),(1596178800,409,457,3351,3617,1362,2075,3697,956,5011),(1596182400,419,459,3366,3662,1377,2079,3700,959,5089),(1596186000,419,459,3366,3662,1377,2079,3700,959,5089),(1596189600,419,459,3366,3662,1377,2079,3700,959,5089),(1596193200,419,459,3366,3662,1377,2079,3700,959,5089),(1596196800,419,459,3366,3662,1377,2079,3700,959,5089),(1596200400,419,459,3366,3662,1377,2079,3700,959,5089),(1596204000,419,459,3366,3662,1377,2079,3700,959,5089),(1596207600,419,459,3366,3662,1377,2079,3700,959,5089),(1596211200,419,459,3366,3662,1377,2079,3700,959,5089),(1596214800,419,459,3366,3662,1377,2079,3700,959,5089),(1596218400,419,459,3366,3662,1377,2079,3700,959,5089),(1596222000,419,459,3366,3662,1377,2079,3700,959,5089),(1596225600,419,459,3366,3662,1377,2079,3700,959,5089);
/*!40000 ALTER TABLE `infected` ENABLE KEYS */;
UNLOCK TABLES;

--
-- Table structure for table `recovered`
--

DROP TABLE IF EXISTS `recovered`;
/*!40101 SET @saved_cs_client     = @@character_set_client */;
/*!40101 SET character_set_client = utf8 */;
CREATE TABLE `recovered` (
  `timestamp` int(11) NOT NULL,
  `b` int(11) NOT NULL,
  `k` int(11) NOT NULL,
  `n` int(11) NOT NULL,
  `o` int(11) NOT NULL,
  `s` int(11) NOT NULL,
  `st` int(11) NOT NULL,
  `t` int(11) NOT NULL,
  `v` int(11) NOT NULL,
  `w` int(11) NOT NULL,
  PRIMARY KEY (`timestamp`)
) ENGINE=InnoDB DEFAULT CHARSET=latin1;
/*!40101 SET character_set_client = @saved_cs_client */;

--
-- Dumping data for table `recovered`
--

LOCK TABLES `recovered` WRITE;
/*!40000 ALTER TABLE `recovered` DISABLE KEYS */;
INSERT INTO `recovered` VALUES (1595779200,362,430,2936,2978,1226,1786,3500,901,4090),(1595930400,363,431,2971,3032,1232,1791,3510,902,4147),(1595934000,363,431,2971,3032,1232,1791,3510,902,4147),(1595937600,363,431,2971,3032,1232,1791,3510,902,4147),(1595941200,363,431,2971,3032,1232,1791,3510,902,4147),(1595944800,363,431,2971,3032,1232,1791,3510,902,4147),(1595948400,363,431,2971,3032,1232,1791,3510,902,4147),(1595952000,363,431,2971,3032,1232,1791,3510,902,4147),(1595955600,363,431,2971,3032,1232,1791,3510,902,4147),(1595959200,363,431,2971,3032,1232,1791,3510,902,4147),(1595962800,363,431,2971,3032,1232,1791,3510,902,4147),(1595966400,363,431,2971,3032,1232,1791,3510,902,4147),(1595970000,363,431,2971,3032,1232,1791,3510,902,4147),(1595973600,363,431,2971,3032,1232,1791,3510,902,4147),(1595977200,363,431,2971,3032,1232,1791,3510,902,4147),(1595980800,363,431,2971,3032,1232,1791,3510,902,4147),(1595984400,363,431,2971,3032,1232,1791,3510,902,4147),(1595988000,363,431,2971,3032,1232,1791,3510,902,4147),(1595991600,363,431,2971,3032,1232,1791,3510,902,4147),(1595995200,363,431,2971,3032,1232,1791,3510,902,4147),(1595998800,363,431,2971,3032,1232,1791,3510,902,4147),(1596006000,363,431,2971,3032,1232,1791,3510,902,4147),(1596009600,368,431,2981,3089,1235,1810,3519,902,4193),(1596013200,368,431,2981,3089,1235,1810,3519,902,4193),(1596016800,368,431,2981,3089,1235,1810,3519,902,4193),(1596020400,368,431,2981,3089,1235,1810,3519,902,4193),(1596024000,368,431,2981,3089,1235,1810,3519,902,4193),(1596027600,368,431,2981,3089,1235,1810,3519,902,4193),(1596031200,368,431,2981,3089,1235,1810,3519,902,4193),(1596034800,368,431,2981,3089,1235,1810,3519,902,4193),(1596038400,368,431,2981,3089,1235,1810,3519,902,4193),(1596042000,368,431,2981,3089,1235,1810,3519,902,4193),(1596045600,368,431,2981,3089,1235,1810,3519,902,4193),(1596049200,368,431,2981,3089,1235,1810,3519,902,4193),(1596052800,368,431,2981,3089,1235,1810,3519,902,4193),(1596056400,368,431,2981,3089,1235,1810,3519,902,4193),(1596060000,368,431,2981,3089,1235,1810,3519,902,4193),(1596063600,368,431,2981,3089,1235,1810,3519,902,4193),(1596067200,368,431,2981,3089,1235,1810,3519,902,4193),(1596070800,368,431,2981,3089,1235,1810,3519,902,4193),(1596074400,368,431,2981,3089,1235,1810,3519,902,4193),(1596078000,368,431,2981,3089,1235,1810,3519,902,4193),(1596081600,368,431,2981,3089,1235,1810,3519,902,4193),(1596085200,368,431,2981,3089,1235,1810,3519,902,4193),(1596088800,368,431,2981,3089,1235,1810,3519,902,4193),(1596092400,368,431,2981,3089,1235,1810,3519,902,4193),(1596096000,366,434,2989,3123,1245,1821,3524,902,4224),(1596099600,366,434,2989,3123,1245,1821,3524,902,4224),(1596103200,366,434,2989,3123,1245,1821,3524,902,4224),(1596106800,366,434,2989,3123,1245,1821,3524,902,4224),(1596110400,366,434,2989,3123,1245,1821,3524,902,4224),(1596114000,366,434,2989,3123,1245,1821,3524,902,4224),(1596117600,366,434,2989,3123,1245,1821,3524,902,4224),(1596121200,366,434,2989,3123,1245,1821,3524,902,4224),(1596124800,366,434,2989,3123,1245,1821,3524,902,4224),(1596128400,366,434,2989,3123,1245,1821,3524,902,4224),(1596132000,366,434,2989,3123,1245,1821,3524,902,4224),(1596135600,366,434,2989,3123,1245,1821,3524,902,4224),(1596139200,366,434,2989,3123,1245,1821,3524,902,4224),(1596142800,366,434,2989,3123,1245,1821,3524,902,4224),(1596146400,366,434,2989,3123,1245,1821,3524,902,4224),(1596150000,366,434,2989,3123,1245,1821,3524,902,4224),(1596153600,366,434,2989,3123,1245,1821,3524,902,4224),(1596157200,366,434,2989,3123,1245,1821,3524,902,4224),(1596160800,366,434,2989,3123,1245,1821,3524,902,4224),(1596164400,366,434,2989,3123,1245,1821,3524,902,4224),(1596168000,366,434,2989,3123,1245,1821,3524,902,4224),(1596171600,366,434,2989,3123,1245,1821,3524,902,4224),(1596175200,366,434,2989,3123,1245,1821,3524,902,4224),(1596178800,366,434,2989,3123,1245,1821,3524,902,4224),(1596182400,373,435,3004,3151,1251,1829,3531,903,4281),(1596186000,373,435,3004,3151,1251,1829,3531,903,4281),(1596189600,373,435,3004,3151,1251,1829,3531,903,4281),(1596193200,373,435,3004,3151,1251,1829,3531,903,4281),(1596196800,373,435,3004,3151,1251,1829,3531,903,4281),(1596200400,373,435,3004,3151,1251,1829,3531,903,4281),(1596204000,373,435,3004,3151,1251,1829,3531,903,4281),(1596207600,373,435,3004,3151,1251,1829,3531,903,4281),(1596211200,373,435,3004,3151,1251,1829,3531,903,4281),(1596214800,373,435,3004,3151,1251,1829,3531,903,4281),(1596218400,373,435,3004,3151,1251,1829,3531,903,4281),(1596222000,373,435,3004,3151,1251,1829,3531,903,4281),(1596225600,373,435,3004,3151,1251,1829,3531,903,4281);
/*!40000 ALTER TABLE `recovered` ENABLE KEYS */;
UNLOCK TABLES;

--
-- Table structure for table `total`
--

DROP TABLE IF EXISTS `total`;
/*!40101 SET @saved_cs_client     = @@character_set_client */;
/*!40101 SET character_set_client = utf8 */;
CREATE TABLE `total` (
  `timestamp` int(11) NOT NULL,
  `tested_persons` int(11) NOT NULL,
  `infected` int(11) NOT NULL,
  `recovered` int(11) NOT NULL,
  `dead` int(11) NOT NULL,
  `currently_sick` int(11) NOT NULL,
  PRIMARY KEY (`timestamp`)
) ENGINE=InnoDB DEFAULT CHARSET=latin1;
/*!40101 SET character_set_client = @saved_cs_client */;

--
-- Dumping data for table `total`
--

LOCK TABLES `total` WRITE;
/*!40000 ALTER TABLE `total` DISABLE KEYS */;
INSERT INTO `total` VALUES (1582671600,0,0,0,0,0),(1582758000,0,0,0,0,0),(1582844400,0,0,0,0,0),(1582930800,0,0,0,0,0),(1583017200,0,0,0,0,0),(1583103600,0,0,0,0,0),(1583190000,0,0,0,0,0),(1583276400,0,0,0,0,0),(1583362800,0,0,2,0,0),(1583449200,0,0,2,0,0),(1583535600,0,0,2,0,0),(1583622000,0,0,3,0,0),(1583708400,0,0,3,0,0),(1583794800,0,0,5,0,0),(1583881200,0,0,6,0,0),(1583967600,0,0,6,1,0),(1584054000,0,0,6,1,0),(1584140400,0,0,7,2,0),(1584226800,0,0,10,3,0),(1584313200,0,0,22,5,0),(1584399600,0,0,23,7,0),(1584486000,0,0,27,11,0),(1584572400,0,0,31,14,0),(1584658800,0,0,43,19,0),(1584745200,0,0,52,23,0),(1584831600,0,0,59,31,0),(1584918000,0,0,96,43,0),(1585004400,0,0,156,53,0),(1585090800,0,0,226,62,0),(1585177200,0,0,329,78,0),(1585263600,0,0,481,96,0),(1585350000,0,0,612,113,0),(1585436400,0,0,783,127,0),(1585519200,0,0,1005,147,0),(1585605600,0,0,1238,164,0),(1585692000,0,0,1453,175,0),(1585778400,0,0,1749,194,0),(1585864800,0,0,2022,211,0),(1585951200,0,0,2507,231,0),(1586037600,0,0,2998,252,0),(1586124000,0,0,3463,279,0),(1586210400,0,0,4046,305,0),(1586296800,0,0,4512,323,0),(1586383200,0,0,5240,343,0),(1586469600,0,0,6064,364,0),(1586556000,0,0,6604,379,0),(1586642400,0,0,6984,391,0),(1586728800,0,0,7343,412,0),(1586815200,0,0,7633,424,0),(1586901600,0,0,8098,439,0),(1586988000,0,0,8986,461,0),(1587074400,0,0,9704,474,0),(1587160800,0,0,10214,489,0),(1587247200,0,0,10501,504,0),(1587333600,0,0,10631,511,0),(1587420000,0,0,10971,528,0),(1587506400,0,0,11328,539,0),(1587592800,0,0,11694,543,0),(1587679200,0,0,11872,549,0),(1587765600,0,0,12103,562,0),(1587852000,0,0,12282,571,0),(1587938400,0,0,12362,574,0),(1588024800,0,0,12580,586,0),(1588111200,0,0,12779,591,0),(1588197600,0,0,12907,596,0),(1588284000,0,0,13092,599,0),(1588370400,0,0,13180,601,0),(1588456800,0,0,13238,606,0),(1588543200,0,0,13316,609,0),(1588629600,0,0,13462,612,0),(1588716000,0,0,13639,615,0),(1588802400,0,0,13698,617,0),(1588888800,0,0,13836,622,0),(1588975200,0,0,13928,624,0),(1589061600,0,0,13991,626,0),(1589148000,0,0,14061,627,0),(1589234400,0,0,14148,628,0),(1589320800,0,0,14304,629,0),(1589407200,0,0,14405,632,0),(1589493600,0,0,14471,632,0),(1589580000,0,0,14524,633,0),(1589666400,0,0,14563,634,0),(1589752800,0,0,14614,636,0),(1589839200,0,0,14678,637,0),(1589925600,0,0,14882,640,0),(1590012000,0,0,14951,642,0),(1590098400,0,0,15005,644,0),(1590184800,0,0,15037,645,0),(1590271200,0,0,15063,645,0),(1590357600,0,0,15138,646,0),(1590444000,0,0,15182,648,0),(1590530400,0,0,15228,648,0),(1590616800,0,0,15286,648,0),(1590703200,0,0,15347,649,0),(1590789600,0,0,15520,649,0),(1590876000,0,0,15593,649,0),(1590962400,0,0,15596,650,0),(1591048800,0,0,15629,650,0),(1591135200,0,0,15672,651,0),(1591221600,0,0,15717,653,0),(1591308000,0,0,15742,653,0),(1591394400,0,0,15789,653,0),(1591480800,0,0,15793,653,0),(1591567200,0,0,15839,653,0),(1591653600,0,0,15875,653,0),(1591740000,0,0,15910,655,0),(1591826400,0,0,15949,655,0),(1591912800,0,0,15985,655,0),(1591999200,0,0,16012,655,0),(1592085600,0,0,16059,658,0),(1592172000,0,0,16066,663,0),(1592258400,0,0,16089,665,0),(1592344800,0,0,16099,666,0),(1592431200,0,0,16101,666,0),(1592517600,0,0,16141,667,0),(1592604000,0,0,16175,669,0),(1592690400,0,0,16197,670,0),(1592776800,0,0,16241,671,0),(1592863200,0,0,16261,673,0),(1592949600,0,0,16282,675,0),(1593036000,0,0,16320,676,0),(1593122400,0,0,16348,676,0),(1593208800,0,0,16371,678,0),(1593295200,0,0,16401,679,0),(1593381600,0,0,16420,680,0),(1593468000,0,0,16478,680,0),(1593554400,0,0,16491,680,0),(1593640800,0,0,16514,680,0),(1593727200,0,0,16558,681,0),(1593813600,0,0,16607,681,0),(1593900000,0,0,16615,681,0),(1593986400,0,0,16647,681,0),(1594072800,0,0,16686,681,0),(1594159200,0,0,16721,681,0),(1594245600,0,0,16758,681,0),(1594332000,0,0,16808,681,0),(1594418400,0,0,16864,682,0),(1594504800,0,0,16952,683,0),(1594591200,0,0,17000,684,0),(1594677600,0,0,17073,684,0),(1594764000,0,0,17175,685,0),(1594850400,0,0,17244,685,0),(1594936800,0,0,17335,685,0),(1595023200,0,0,17501,685,0),(1595109600,0,0,17599,685,0),(1595196000,0,0,17659,686,0),(1595282400,0,0,17704,686,0),(1595368800,0,0,17849,686,0),(1595455200,0,0,17943,687,0),(1595541600,0,0,18042,687,0),(1595628000,0,0,18124,688,0),(1595714400,0,0,18209,688,0),(1595779200,847898,20482,18209,688,1551),(1595782800,847898,20486,18209,688,1551),(1595786400,847898,20487,18209,688,1551),(1595790000,847898,20498,18209,688,1551),(1595793600,847898,20508,18209,688,1551),(1595797200,847898,20509,18209,688,1551),(1595800800,847898,20510,18209,688,1551),(1595804400,847898,20510,18209,688,1551),(1595808000,847898,20510,18209,688,1551),(1595811600,847898,20510,18209,688,1551),(1595815200,847898,20510,18209,688,1551),(1595818800,847898,20510,18209,688,1551),(1595822400,847898,20510,18209,688,1551),(1595826000,847898,20511,18209,688,1551),(1595829600,847898,20510,18209,688,1551),(1595833200,847898,20512,18209,688,1551),(1595836800,853169,20515,18246,688,1599),(1595840400,853169,20519,18246,688,1599),(1595844000,853169,20525,18246,688,1599),(1595847600,853169,20531,18246,688,1599),(1595851200,853169,20533,18246,688,1599),(1595854800,853169,20542,18246,688,1599),(1595858400,853169,20550,18246,688,1599),(1595862000,853169,20568,18246,688,1599),(1595865600,853169,20579,18246,688,1599),(1595869200,853169,20591,18246,688,1599),(1595872800,853169,20595,18246,688,1599),(1595876400,853169,20601,18246,688,1599),(1595880000,853169,20603,18246,688,1599),(1595883600,853169,20614,18246,688,1599),(1595887200,853169,20617,18246,688,1599),(1595890800,853169,20619,18246,688,1599),(1595894400,853169,20620,18246,688,1599),(1595898000,853169,20625,18246,688,1599),(1595901600,853169,20625,18246,688,1599),(1595905200,853169,20625,18246,688,1599),(1595908800,853169,20626,18246,688,1599),(1595912400,853169,20630,18246,688,1599),(1595916000,853169,20632,18246,688,1599),(1595919600,853169,20636,18246,688,1599),(1595923200,861050,20639,18378,688,1583),(1595926800,861206,20642,18379,688,1585),(1595930400,861206,20658,18379,688,1585),(1595934000,861206,20660,18379,688,1585),(1595937600,861206,20672,18379,688,1585),(1595941200,861206,20680,18379,688,1585),(1595944800,861206,20682,18379,688,1585),(1595948400,861206,20691,18379,688,1585),(1595952000,861206,20699,18379,688,1585),(1595955600,861206,20732,18379,694,1585),(1595959200,861206,20741,18379,696,1585),(1595962800,861206,20755,18379,696,1585),(1595966400,861206,20763,18379,696,1585),(1595970000,861206,20782,18379,696,1585),(1595973600,861206,20782,18379,696,1585),(1595977200,861206,20785,18379,696,1585),(1595980800,861206,20785,18379,696,1585),(1595984400,861206,20785,18379,696,1585),(1595988000,861206,20785,18379,696,1585),(1595991600,861206,20785,18379,696,1585),(1595995200,861206,20785,18379,696,1585),(1595998800,861206,20786,18379,696,1585),(1596006000,861206,20798,18379,696,1585),(1596009600,870602,20797,18528,696,1606),(1596013200,870602,20811,18528,696,1606),(1596016800,870602,20814,18528,696,1606),(1596020400,870602,20821,18528,696,1606),(1596024000,870602,20822,18528,698,1606),(1596027600,870602,20831,18528,698,1606),(1596031200,870602,20837,18528,698,1606),(1596034800,870602,20846,18528,698,1606),(1596038400,870602,20851,18528,698,1606),(1596042000,870602,20852,18528,698,1606),(1596045600,870602,20861,18528,698,1606),(1596049200,870602,20864,18528,698,1606),(1596052800,870602,20866,18528,698,1606),(1596056400,870602,20877,18528,698,1606),(1596060000,870602,20878,18528,698,1606),(1596063600,870602,20878,18528,698,1606),(1596067200,870602,20878,18528,698,1606),(1596070800,870602,20878,18528,698,1606),(1596074400,870602,20878,18528,698,1606),(1596078000,870602,20878,18528,698,1606),(1596081600,870602,20878,18528,698,1606),(1596085200,870602,20884,18528,698,1606),(1596088800,870602,20889,18528,698,1606),(1596092400,870602,20896,18528,698,1606),(1596096000,880036,20898,18628,698,1609),(1596099600,880036,20901,18628,698,1609),(1596103200,880036,20915,18628,698,1609),(1596106800,880036,20954,18628,698,1609),(1596110400,880036,20965,18628,698,1609),(1596114000,880036,20980,18628,698,1609),(1596117600,880036,21002,18628,698,1609),(1596121200,880036,21009,18628,698,1609),(1596124800,880036,21027,18628,698,1609),(1596128400,880036,21037,18628,698,1609),(1596132000,880036,21038,18628,698,1609),(1596135600,880036,21039,18628,698,1609),(1596139200,880036,21048,18628,698,1609),(1596142800,880036,21059,18628,698,1609),(1596146400,880036,21065,18628,698,1609),(1596150000,880036,21066,18628,698,1609),(1596153600,880036,21069,18628,698,1609),(1596157200,880036,21069,18628,698,1609),(1596160800,880036,21069,18628,698,1609),(1596164400,880036,21069,18628,698,1609),(1596168000,880036,21069,18628,698,1609),(1596171600,880036,21069,18628,698,1609),(1596175200,880036,21072,18628,698,1609),(1596178800,880036,21075,18628,698,1609),(1596182400,890461,21078,18758,698,1654),(1596186000,890461,21077,18758,698,1654),(1596189600,890461,21081,18758,698,1654),(1596193200,890461,21075,18758,698,1654),(1596196800,890461,21082,18758,698,1654),(1596200400,890461,21082,18758,698,1654),(1596204000,890461,21083,18758,698,1654),(1596207600,890461,21088,18758,698,1654),(1596211200,890461,21091,18758,698,1654),(1596214800,890461,21098,18758,698,1654),(1596218400,890461,21101,18758,698,1654),(1596222000,890461,21120,18758,698,1654),(1596225600,890461,21131,18758,698,1654);
/*!40000 ALTER TABLE `total` ENABLE KEYS */;
UNLOCK TABLES;
/*!40103 SET TIME_ZONE=@OLD_TIME_ZONE */;

/*!40101 SET SQL_MODE=@OLD_SQL_MODE */;
/*!40014 SET FOREIGN_KEY_CHECKS=@OLD_FOREIGN_KEY_CHECKS */;
/*!40014 SET UNIQUE_CHECKS=@OLD_UNIQUE_CHECKS */;
/*!40101 SET CHARACTER_SET_CLIENT=@OLD_CHARACTER_SET_CLIENT */;
/*!40101 SET CHARACTER_SET_RESULTS=@OLD_CHARACTER_SET_RESULTS */;
/*!40101 SET COLLATION_CONNECTION=@OLD_COLLATION_CONNECTION */;
/*!40111 SET SQL_NOTES=@OLD_SQL_NOTES */;

-- Dump completed on 2020-07-31 23:00:04
