-- MySQL dump 10.13  Distrib 5.7.31, for Linux (x86_64)
--
-- Host: localhost    Database: corona
-- ------------------------------------------------------
-- Server version	5.7.31-0ubuntu0.18.04.1

/*!40101 SET @OLD_CHARACTER_SET_CLIENT=@@CHARACTER_SET_CLIENT */;
/*!40101 SET @OLD_CHARACTER_SET_RESULTS=@@CHARACTER_SET_RESULTS */;
/*!40101 SET @OLD_COLLATION_CONNECTION=@@COLLATION_CONNECTION */;
/*!40101 SET NAMES utf8 */;
/*!40103 SET @OLD_TIME_ZONE=@@TIME_ZONE */;
/*!40103 SET TIME_ZONE='+00:00' */;
/*!40014 SET @OLD_UNIQUE_CHECKS=@@UNIQUE_CHECKS, UNIQUE_CHECKS=0 */;
/*!40014 SET @OLD_FOREIGN_KEY_CHECKS=@@FOREIGN_KEY_CHECKS, FOREIGN_KEY_CHECKS=0 */;
/*!40101 SET @OLD_SQL_MODE=@@SQL_MODE, SQL_MODE='NO_AUTO_VALUE_ON_ZERO' */;
/*!40111 SET @OLD_SQL_NOTES=@@SQL_NOTES, SQL_NOTES=0 */;

--
-- Table structure for table `dead`
--

DROP TABLE IF EXISTS `dead`;
/*!40101 SET @saved_cs_client     = @@character_set_client */;
/*!40101 SET character_set_client = utf8 */;
CREATE TABLE `dead` (
  `timestamp` int(11) NOT NULL,
  `b` int(11) NOT NULL,
  `k` int(11) NOT NULL,
  `n` int(11) NOT NULL,
  `o` int(11) NOT NULL,
  `s` int(11) NOT NULL,
  `st` int(11) NOT NULL,
  `t` int(11) NOT NULL,
  `v` int(11) NOT NULL,
  `w` int(11) NOT NULL,
  PRIMARY KEY (`timestamp`)
) ENGINE=InnoDB DEFAULT CHARSET=latin1;
/*!40101 SET character_set_client = @saved_cs_client */;

--
-- Dumping data for table `dead`
--

LOCK TABLES `dead` WRITE;
/*!40000 ALTER TABLE `dead` DISABLE KEYS */;
INSERT INTO `dead` VALUES (1595779200,11,13,107,58,37,142,101,18,201),(1595970000,11,13,107,58,37,142,101,18,209),(1596056400,11,13,107,59,37,142,101,18,210),(1596142800,11,13,107,59,37,142,101,18,210),(1596229200,11,13,107,59,37,142,101,18,210),(1596315600,11,13,107,59,37,142,101,18,210),(1596402000,11,13,107,59,37,142,101,18,210),(1596488400,11,13,107,61,37,142,101,18,210),(1596574800,11,13,107,61,37,142,101,18,210),(1596661200,11,13,112,61,37,142,101,19,210),(1596747600,11,13,113,61,38,142,101,19,210),(1596834000,11,13,114,61,38,142,101,19,210),(1596920400,11,13,114,63,38,142,101,19,210),(1597006800,11,13,114,63,38,142,101,19,210),(1597093200,11,13,114,63,38,142,101,19,210),(1597179600,11,13,114,63,39,142,101,19,210),(1597266000,11,13,114,63,39,142,101,19,211),(1597352400,11,13,115,63,38,142,101,19,211),(1597438800,11,13,115,63,37,143,101,20,213),(1597525200,11,13,115,64,37,143,101,20,213),(1597611600,11,13,115,64,37,143,101,20,213),(1597698000,11,13,115,64,39,143,101,20,213),(1597784400,11,13,115,64,39,143,101,20,215),(1597870800,11,13,115,64,39,143,101,20,217),(1597957200,11,13,115,64,39,143,101,20,218),(1598043600,11,13,115,64,39,144,101,20,218),(1598130000,11,13,115,64,39,144,101,20,218),(1598216400,11,13,115,64,39,144,101,20,218),(1598302800,11,13,115,64,39,144,101,20,218),(1598389200,11,13,115,64,39,144,101,20,218),(1598475600,11,13,115,64,39,144,101,20,219),(1598562000,11,13,115,64,39,144,101,20,219),(1598648400,11,13,115,64,39,144,101,20,219),(1598734800,11,13,115,64,39,144,101,20,219),(1598821200,11,13,115,64,39,144,101,20,219),(1598907600,11,13,115,64,39,144,101,20,220),(1598994000,11,13,115,64,39,144,101,20,220),(1599080400,11,13,115,64,39,144,101,20,220),(1599166800,11,13,115,64,39,144,101,20,220),(1599253200,11,13,115,64,39,144,101,20,220),(1599339600,11,13,115,64,39,144,101,20,220),(1599426000,11,13,115,64,39,144,101,20,221),(1599512400,11,13,115,64,39,144,101,20,222),(1599598800,11,13,115,64,39,144,101,20,222),(1599685200,11,13,115,64,39,144,101,20,222),(1599771600,11,13,115,64,39,144,101,20,225),(1599858000,11,13,115,64,39,144,101,20,225),(1599944400,11,13,115,65,40,144,101,20,226),(1600030800,11,13,115,65,40,144,101,20,229),(1600117200,11,13,115,65,40,144,101,20,229),(1600203600,11,13,115,65,40,144,102,20,229),(1600290000,11,13,115,65,40,144,102,20,229),(1600376400,11,13,115,65,40,145,102,20,229),(1600462800,11,13,115,65,40,146,102,20,232),(1600549200,11,13,115,66,40,147,102,20,232),(1600635600,11,13,115,66,40,147,102,20,235),(1600722000,11,13,115,67,40,149,102,20,235),(1600808400,11,13,116,69,40,150,102,20,235),(1600894800,11,13,116,70,40,151,102,20,239),(1600981200,11,13,117,71,40,151,102,21,239),(1601067600,11,13,117,71,40,151,102,21,240),(1601154000,11,13,117,71,40,151,102,21,240),(1601240400,11,13,117,71,40,151,102,21,242),(1601326800,11,13,118,71,40,152,102,22,245),(1601413200,11,13,118,71,41,152,102,22,245),(1601499600,11,13,119,71,41,152,102,22,248),(1601586000,11,13,119,71,41,153,102,22,249),(1601672400,11,13,119,71,42,153,102,22,252),(1601758800,11,13,119,71,42,154,102,22,252),(1601845200,11,13,119,71,42,155,102,23,257),(1601931600,11,13,120,71,43,158,102,23,258),(1602018000,11,13,123,71,43,158,102,23,262),(1602072121,11,13,123,71,43,159,102,24,262),(1602158521,11,13,126,73,43,159,102,24,266),(1602244921,11,13,128,73,43,159,102,24,268),(1602331321,11,13,128,73,43,157,103,25,268),(1602417721,11,13,128,73,43,159,103,25,271),(1602504121,11,13,130,73,43,160,103,27,272),(1602590522,11,13,130,74,43,165,104,27,275),(1602676921,13,13,131,74,44,167,104,27,277);
/*!40000 ALTER TABLE `dead` ENABLE KEYS */;
UNLOCK TABLES;

--
-- Table structure for table `districts`
--

DROP TABLE IF EXISTS `districts`;
/*!40101 SET @saved_cs_client     = @@character_set_client */;
/*!40101 SET character_set_client = utf8 */;
CREATE TABLE `districts` (
  `GKZ` int(11) NOT NULL,
  `Bezirk` varchar(30) NOT NULL,
  PRIMARY KEY (`GKZ`)
) ENGINE=InnoDB DEFAULT CHARSET=latin1;
/*!40101 SET character_set_client = @saved_cs_client */;

--
-- Dumping data for table `districts`
--

LOCK TABLES `districts` WRITE;
/*!40000 ALTER TABLE `districts` DISABLE KEYS */;
INSERT INTO `districts` VALUES (101,'Eisenstadt(Stadt)'),(102,'Rust(Stadt)'),(103,'Eisenstadt-Umgebung'),(104,'Güssing'),(105,'Jennersdorf'),(106,'Mattersburg'),(107,'Neusiedl am See'),(108,'Oberpullendorf'),(109,'Oberwart'),(201,'Klagenfurt Stadt'),(202,'Villach Stadt'),(203,'Hermagor'),(204,'Klagenfurt Land'),(205,'Sankt Veit an der Glan'),(206,'Spittal an der Drau'),(207,'Villach Land'),(208,'Völkermarkt'),(209,'Wolfsberg'),(210,'Feldkirchen'),(301,'Krems an der Donau(Stadt)'),(302,'Sankt Pölten(Stadt)'),(303,'Waidhofen an der Ybbs(Stadt)'),(304,'Wiener Neustadt(Stadt)'),(305,'Amstetten'),(306,'Baden'),(307,'Bruck an der Leitha'),(308,'Gänserndorf'),(309,'Gmünd'),(310,'Hollabrunn'),(311,'Horn'),(312,'Korneuburg'),(313,'Krems(Land)'),(314,'Lilienfeld'),(315,'Melk'),(316,'Mistelbach'),(317,'Mödling'),(318,'Neunkirchen'),(319,'Sankt Pölten(Land)'),(320,'Scheibbs'),(321,'Tulln'),(322,'Waidhofen an der Thaya'),(323,'Wiener Neustadt(Land)'),(325,'Zwettl'),(401,'Linz(Stadt)'),(402,'Steyr(Stadt)'),(403,'Wels(Stadt)'),(404,'Braunau am Inn'),(405,'Eferding'),(406,'Freistadt'),(407,'Gmunden'),(408,'Grieskirchen'),(409,'Kirchdorf an der Krems'),(410,'Linz-Land'),(411,'Perg'),(412,'Ried im Innkreis'),(413,'Rohrbach'),(414,'Schärding'),(415,'Steyr-Land'),(416,'Urfahr-Umgebung'),(417,'Vöcklabruck'),(418,'Wels-Land'),(501,'Salzburg(Stadt)'),(502,'Hallein'),(503,'Salzburg-Umgebung'),(504,'Sankt Johann im Pongau'),(505,'Tamsweg'),(506,'Zell am See'),(601,'Graz(Stadt)'),(603,'Deutschlandsberg'),(606,'Graz-Umgebung'),(610,'Leibnitz'),(611,'Leoben'),(612,'Liezen (inkl. Gröbming)'),(614,'Murau'),(616,'Voitsberg'),(617,'Weiz'),(620,'Murtal'),(621,'Bruck-Mürzzuschlag'),(622,'Hartberg-Fürstenfeld'),(623,'Südoststeiermark'),(701,'Innsbruck-Stadt'),(702,'Imst'),(703,'Innsbruck-Land'),(704,'Kitzbühel'),(705,'Kufstein'),(706,'Landeck'),(707,'Lienz'),(708,'Reutte'),(709,'Schwaz'),(801,'Bludenz'),(802,'Bregenz'),(803,'Dornbirn'),(804,'Feldkirch'),(900,'Wien(Stadt)');
/*!40000 ALTER TABLE `districts` ENABLE KEYS */;
UNLOCK TABLES;

--
-- Table structure for table `districts_gkz`
--

DROP TABLE IF EXISTS `districts_gkz`;
/*!40101 SET @saved_cs_client     = @@character_set_client */;
/*!40101 SET character_set_client = utf8 */;
CREATE TABLE `districts_gkz` (
  `timestamp` int(11) NOT NULL,
  `gkz` int(11) NOT NULL,
  `einwohner` int(11) NOT NULL,
  `infected` int(11) NOT NULL,
  `dead` int(11) NOT NULL,
  `7days` int(11) NOT NULL,
  PRIMARY KEY (`timestamp`,`gkz`),
  KEY `gkz_binding` (`gkz`),
  CONSTRAINT `gkz_binding` FOREIGN KEY (`gkz`) REFERENCES `districts` (`GKZ`) ON DELETE CASCADE ON UPDATE CASCADE
) ENGINE=InnoDB DEFAULT CHARSET=latin1;
/*!40101 SET character_set_client = @saved_cs_client */;

--
-- Dumping data for table `districts_gkz`
--

LOCK TABLES `districts_gkz` WRITE;
/*!40000 ALTER TABLE `districts_gkz` DISABLE KEYS */;
INSERT INTO `districts_gkz` VALUES (1602083306,101,14637,47,0,3),(1602083306,102,1940,3,0,0),(1602083306,103,42927,125,1,15),(1602083306,104,25797,95,0,27),(1602083306,105,17066,19,0,0),(1602083306,106,39925,148,1,15),(1602083306,107,59552,240,4,59),(1602083306,108,37513,82,1,25),(1602083306,109,54076,237,4,19),(1602083306,201,100817,222,3,18),(1602083306,202,62243,116,0,14),(1602083306,203,18224,57,0,17),(1602083306,204,59800,109,2,13),(1602083306,205,54555,90,0,14),(1602083306,206,76091,83,1,3),(1602083306,207,64668,128,2,8),(1602083306,208,41878,122,4,44),(1602083306,209,52726,89,1,3),(1602083306,210,29937,37,0,1),(1602083306,301,24876,142,4,20),(1602083306,302,55044,304,4,72),(1602083306,303,11261,31,3,1),(1602083306,304,45277,269,0,26),(1602083306,305,116114,425,16,39),(1602083306,306,146203,704,6,101),(1602083306,307,102010,475,5,93),(1602083306,308,103686,484,5,71),(1602083306,309,36773,131,1,34),(1602083306,310,50858,113,0,29),(1602083306,311,31090,119,5,7),(1602083306,312,90889,466,6,62),(1602083306,313,56596,333,8,39),(1602083306,314,25812,103,5,8),(1602083306,315,77962,375,4,39),(1602083306,316,75483,358,7,49),(1602083306,317,118998,629,8,95),(1602083306,318,86291,508,8,45),(1602083306,319,131044,593,11,82),(1602083306,320,41403,167,2,6),(1602083306,321,103771,410,6,46),(1602083306,322,25888,155,2,22),(1602083306,323,77991,285,9,32),(1602083306,325,42222,193,2,22),(1602083306,401,205726,1500,19,190),(1602083306,402,38193,178,2,9),(1602083306,403,61727,406,0,46),(1602083306,404,104408,354,5,33),(1602083306,405,33156,128,6,1),(1602083306,406,66621,326,6,33),(1602083306,407,101631,346,2,73),(1602083306,408,64721,202,1,16),(1602083306,409,56866,148,2,7),(1602083306,410,150273,1025,9,106),(1602083306,411,68459,463,4,18),(1602083306,412,61204,299,0,57),(1602083306,413,56524,276,0,47),(1602083306,414,57307,142,1,18),(1602083306,415,60427,286,7,14),(1602083306,416,85505,493,6,63),(1602083306,417,136253,541,4,106),(1602083306,418,73094,326,1,28),(1602083306,501,154211,594,3,63),(1602083306,502,60374,273,1,73),(1602083306,503,152281,530,11,71),(1602083306,504,80573,614,18,34),(1602083306,505,20320,47,1,13),(1602083306,506,87462,477,9,17),(1602083306,601,288806,1331,52,84),(1602083306,603,60821,110,2,9),(1602083306,606,154260,494,36,50),(1602083306,610,82484,272,9,10),(1602083306,611,60060,117,3,24),(1602083306,612,79901,212,1,32),(1602083306,614,27659,39,0,2),(1602083306,616,51161,168,5,20),(1602083306,617,90343,299,18,14),(1602083306,620,72004,134,1,19),(1602083306,621,98984,191,5,42),(1602083306,622,90622,407,41,11),(1602083306,623,85947,99,2,5),(1602083306,701,132110,1407,6,190),(1602083306,702,60056,453,6,39),(1602083306,703,179318,1055,14,150),(1602083306,704,63881,482,11,18),(1602083306,705,109682,982,35,54),(1602083306,706,44362,1186,16,55),(1602083306,707,48753,183,6,0),(1602083306,708,32670,120,1,1),(1602083306,709,83873,741,14,80),(1602083306,801,63714,474,5,28),(1602083306,802,134383,639,10,81),(1602083306,803,89041,515,5,57),(1602083306,804,107159,582,4,133),(1602083306,900,1897491,18895,267,2796),(1602162003,101,14637,48,0,4),(1602162003,102,1940,3,0,0),(1602162003,103,42927,128,1,16),(1602162003,104,25797,97,0,18),(1602162003,105,17066,19,0,0),(1602162003,106,39925,152,1,14),(1602162003,107,59552,247,4,59),(1602162003,108,37513,87,1,26),(1602162003,109,54076,245,4,25),(1602162003,201,100817,227,3,21),(1602162003,202,62243,122,0,19),(1602162003,203,18224,57,0,13),(1602162003,204,59800,110,2,15),(1602162003,205,54555,100,0,23),(1602162003,206,76091,88,1,8),(1602162003,207,64668,128,2,7),(1602162003,208,41878,126,4,48),(1602162003,209,52726,89,1,3),(1602162003,210,29937,37,0,1),(1602162003,301,24876,143,4,16),(1602162003,302,55044,315,5,77),(1602162003,303,11261,31,3,1),(1602162003,304,45277,274,0,30),(1602162003,305,116114,437,16,47),(1602162003,306,146203,725,6,111),(1602162003,307,102010,487,5,93),(1602162003,308,103686,494,5,75),(1602162003,309,36773,136,1,36),(1602162003,310,50858,116,1,32),(1602162003,311,31090,123,5,9),(1602162003,312,90889,491,6,77),(1602162003,313,56596,344,8,46),(1602162003,314,25812,108,5,11),(1602162003,315,77962,387,4,39),(1602162003,316,75483,368,7,55),(1602162003,317,118998,656,9,112),(1602162003,318,86291,513,8,42),(1602162003,319,131044,617,11,95),(1602162003,320,41403,169,2,7),(1602162003,321,103771,427,6,61),(1602162003,322,25888,158,2,22),(1602162003,323,77991,291,9,34),(1602162003,325,42222,194,2,20),(1602162003,401,205726,1512,20,179),(1602162003,402,38193,183,2,13),(1602162003,403,61727,423,0,57),(1602162003,404,104408,367,5,33),(1602162003,405,33156,129,6,2),(1602162003,406,66621,328,6,26),(1602162003,407,101631,371,3,86),(1602162003,408,64721,204,1,15),(1602162003,409,56866,151,2,9),(1602162003,410,150273,1035,9,110),(1602162003,411,68459,470,4,23),(1602162003,412,61204,307,0,56),(1602162003,413,56524,289,0,54),(1602162003,414,57307,152,1,25),(1602162003,415,60427,289,7,16),(1602162003,416,85505,496,6,50),(1602162003,417,136253,560,4,106),(1602162003,418,73094,330,1,26),(1602162003,501,154211,612,3,76),(1602162003,502,60374,292,1,80),(1602162003,503,152281,542,11,77),(1602162003,504,80573,627,18,44),(1602162003,505,20320,47,1,12),(1602162003,506,87462,481,9,20),(1602162003,601,288806,1362,52,107),(1602162003,603,60821,113,2,10),(1602162003,606,154260,499,36,41),(1602162003,610,82484,276,9,12),(1602162003,611,60060,129,3,34),(1602162003,612,79901,215,1,29),(1602162003,614,27659,40,0,3),(1602162003,616,51161,173,5,23),(1602162003,617,90343,305,18,17),(1602162003,620,72004,134,1,17),(1602162003,621,98984,206,5,51),(1602162003,622,90622,411,41,12),(1602162003,623,85947,100,2,6),(1602162003,701,132110,1443,6,212),(1602162003,702,60056,459,6,38),(1602162003,703,179318,1079,14,160),(1602162003,704,63881,482,11,16),(1602162003,705,109682,1001,35,64),(1602162003,706,44362,1193,16,41),(1602162003,707,48753,185,6,2),(1602162003,708,32670,123,1,4),(1602162003,709,83873,760,14,87),(1602162003,801,63714,474,5,28),(1602162003,802,134383,652,10,86),(1602162003,803,89041,519,5,57),(1602162003,804,107159,591,4,133),(1602162003,900,1897491,19368,271,2903),(1602248402,101,14637,47,0,3),(1602248402,102,1940,3,0,0),(1602248402,103,42927,133,1,17),(1602248402,104,25797,97,0,17),(1602248402,105,17066,20,0,1),(1602248402,106,39925,152,1,13),(1602248402,107,59552,258,4,61),(1602248402,108,37513,88,1,26),(1602248402,109,54076,252,4,30),(1602248402,201,100817,233,3,26),(1602248402,202,62243,127,0,22),(1602248402,203,18224,53,0,9),(1602248402,204,59800,111,2,15),(1602248402,205,54555,101,0,22),(1602248402,206,76091,91,1,10),(1602248402,207,64668,130,2,6),(1602248402,208,41878,127,4,44),(1602248402,209,52726,91,1,4),(1602248402,210,29937,38,0,2),(1602248402,301,24876,143,4,12),(1602248402,302,55044,319,5,72),(1602248402,303,11261,31,3,1),(1602248402,304,45277,278,0,26),(1602248402,305,116114,442,16,48),(1602248402,306,146203,742,7,115),(1602248402,307,102010,501,5,100),(1602248402,308,103686,515,5,89),(1602248402,309,36773,140,1,29),(1602248402,310,50858,117,2,26),(1602248402,311,31090,124,5,9),(1602248402,312,90889,501,6,84),(1602248402,313,56596,344,8,44),(1602248402,314,25812,111,5,13),(1602248402,315,77962,392,5,38),(1602248402,316,75483,373,7,52),(1602248402,317,118998,669,9,112),(1602248402,318,86291,519,8,43),(1602248402,319,131044,623,11,95),(1602248402,320,41403,170,2,5),(1602248402,321,103771,438,6,60),(1602248402,322,25888,160,2,21),(1602248402,323,77991,297,9,39),(1602248402,325,42222,199,2,24),(1602248402,401,205726,1533,20,175),(1602248402,402,38193,185,2,15),(1602248402,403,61727,458,0,87),(1602248402,404,104408,371,5,36),(1602248402,405,33156,131,6,4),(1602248402,406,66621,330,6,24),(1602248402,407,101631,378,3,89),(1602248402,408,64721,225,1,34),(1602248402,409,56866,151,2,8),(1602248402,410,150273,1046,9,110),(1602248402,411,68459,473,4,24),(1602248402,412,61204,313,0,48),(1602248402,413,56524,302,0,66),(1602248402,414,57307,160,1,31),(1602248402,415,60427,291,7,17),(1602248402,416,85505,500,6,46),(1602248402,417,136253,571,4,111),(1602248402,418,73094,331,1,27),(1602248402,501,154211,627,3,85),(1602248402,502,60374,316,1,93),(1602248402,503,152281,562,11,76),(1602248402,504,80573,638,18,47),(1602248402,505,20320,50,1,15),(1602248402,506,87462,483,9,20),(1602248402,601,288806,1376,52,109),(1602248402,603,60821,115,2,12),(1602248402,606,154260,509,36,43),(1602248402,610,82484,279,9,15),(1602248402,611,60060,145,3,50),(1602248402,612,79901,224,1,31),(1602248402,614,27659,39,0,2),(1602248402,616,51161,178,5,23),(1602248402,617,90343,313,18,21),(1602248402,620,72004,135,1,20),(1602248402,621,98984,211,5,55),(1602248402,622,90622,416,41,16),(1602248402,623,85947,101,2,7),(1602248402,701,132110,1472,6,220),(1602248402,702,60056,470,6,47),(1602248402,703,179318,1097,14,156),(1602248402,704,63881,482,11,12),(1602248402,705,109682,1000,35,52),(1602248402,706,44362,1196,16,36),(1602248402,707,48753,186,6,3),(1602248402,708,32670,124,1,5),(1602248402,709,83873,781,14,103),(1602248402,801,63714,480,5,34),(1602248402,802,134383,656,10,76),(1602248402,803,89041,522,5,48),(1602248402,804,107159,608,4,129),(1602248402,900,1897491,19827,273,3048),(1602334802,101,14637,47,0,2),(1602334802,102,1940,3,0,0),(1602334802,103,42927,136,1,18),(1602334802,104,25797,100,0,16),(1602334802,105,17066,19,0,0),(1602334802,106,39925,158,1,18),(1602334802,107,59552,261,4,61),(1602334802,108,37513,90,1,21),(1602334802,109,54076,252,4,30),(1602334802,201,100817,249,3,40),(1602334802,202,62243,129,0,21),(1602334802,203,18224,58,0,7),(1602334802,204,59800,118,2,20),(1602334802,205,54555,105,0,26),(1602334802,206,76091,91,1,9),(1602334802,207,64668,132,2,7),(1602334802,208,41878,134,4,44),(1602334802,209,52726,93,1,5),(1602334802,210,29937,40,0,4),(1602334802,301,24876,145,4,10),(1602334802,302,55044,331,5,78),(1602334802,303,11261,31,3,1),(1602334802,304,45277,282,0,29),(1602334802,305,116114,445,16,34),(1602334802,306,146203,767,7,125),(1602334802,307,102010,509,5,93),(1602334802,308,103686,532,5,100),(1602334802,309,36773,145,1,27),(1602334802,310,50858,118,2,24),(1602334802,311,31090,124,5,9),(1602334802,312,90889,511,6,82),(1602334802,313,56596,351,8,46),(1602334802,314,25812,111,5,10),(1602334802,315,77962,397,5,37),(1602334802,316,75483,384,7,54),(1602334802,317,118998,706,9,139),(1602334802,318,86291,521,8,42),(1602334802,319,131044,632,11,93),(1602334802,320,41403,171,2,6),(1602334802,321,103771,447,6,67),(1602334802,322,25888,162,2,21),(1602334802,323,77991,306,9,41),(1602334802,325,42222,204,2,26),(1602334802,401,205726,1559,20,170),(1602334802,402,38193,188,2,14),(1602334802,403,61727,471,0,93),(1602334802,404,104408,383,5,45),(1602334802,405,33156,133,6,6),(1602334802,406,66621,333,6,25),(1602334802,407,101631,396,3,94),(1602334802,408,64721,226,1,35),(1602334802,409,56866,157,2,12),(1602334802,410,150273,1060,9,114),(1602334802,411,68459,476,4,25),(1602334802,412,61204,327,0,53),(1602334802,413,56524,321,0,81),(1602334802,414,57307,169,1,39),(1602334802,415,60427,297,7,21),(1602334802,416,85505,502,6,44),(1602334802,417,136253,605,4,128),(1602334802,418,73094,341,1,36),(1602334802,501,154211,639,3,83),(1602334802,502,60374,367,1,132),(1602334802,503,152281,581,11,90),(1602334802,504,80573,663,18,67),(1602334802,505,20320,51,1,13),(1602334802,506,87462,489,9,24),(1602334802,601,288806,1391,52,118),(1602334802,603,60821,116,2,13),(1602334802,606,154260,515,36,45),(1602334802,610,82484,281,9,16),(1602334802,611,60060,154,3,58),(1602334802,612,79901,228,1,30),(1602334802,614,27659,39,0,1),(1602334802,616,51161,181,5,24),(1602334802,617,90343,321,18,26),(1602334802,620,72004,138,1,22),(1602334802,621,98984,219,5,56),(1602334802,622,90622,417,41,14),(1602334802,701,132110,1474,7,182),(1602334802,702,60056,482,6,55),(1602334802,703,179318,1119,14,149),(1602334802,704,63881,484,11,11),(1602334802,705,109682,1021,35,65),(1602334802,706,44362,1198,16,29),(1602334802,707,48753,187,6,4),(1602334802,708,32670,124,1,5),(1602334802,709,83873,791,14,100),(1602334802,801,63714,488,5,34),(1602334802,802,134383,668,11,78),(1602334802,803,89041,536,5,52),(1602334802,804,107159,630,4,128),(1602334802,900,1897491,20202,273,2945),(1602421203,101,14637,49,0,4),(1602421203,102,1940,3,0,0),(1602421203,103,42927,138,1,19),(1602421203,104,25797,104,0,19),(1602421203,105,17066,19,0,0),(1602421203,106,39925,160,1,19),(1602421203,107,59552,278,4,76),(1602421203,108,37513,96,1,26),(1602421203,109,54076,266,4,43),(1602421203,201,100817,251,3,37),(1602421203,202,62243,130,0,22),(1602421203,203,18224,59,0,6),(1602421203,204,59800,119,2,21),(1602421203,205,54555,124,0,45),(1602421203,206,76091,91,1,9),(1602421203,207,64668,136,2,9),(1602421203,208,41878,146,4,44),(1602421203,209,52726,93,1,5),(1602421203,210,29937,41,0,5),(1602421203,301,24876,146,4,8),(1602421203,302,55044,336,5,71),(1602421203,303,11261,33,3,3),(1602421203,304,45277,281,0,26),(1602421203,305,116114,450,16,35),(1602421203,306,146203,783,7,129),(1602421203,307,102010,510,5,78),(1602421203,308,103686,539,5,93),(1602421203,309,36773,145,1,23),(1602421203,310,50858,120,2,16),(1602421203,311,31090,125,5,10),(1602421203,312,90889,517,6,84),(1602421203,313,56596,351,8,39),(1602421203,314,25812,111,5,10),(1602421203,315,77962,399,5,38),(1602421203,316,75483,389,7,53),(1602421203,317,118998,710,9,127),(1602421203,318,86291,524,8,40),(1602421203,319,131044,641,11,97),(1602421203,320,41403,172,2,7),(1602421203,321,103771,454,6,65),(1602421203,322,25888,162,2,19),(1602421203,323,77991,306,9,40),(1602421203,325,42222,206,2,23),(1602421203,401,205726,1575,20,137),(1602421203,402,38193,191,2,17),(1602421203,403,61727,490,0,106),(1602421203,404,104408,391,5,52),(1602421203,405,33156,134,6,6),(1602421203,406,66621,335,6,27),(1602421203,407,101631,400,3,97),(1602421203,408,64721,244,1,51),(1602421203,409,56866,157,2,12),(1602421203,410,150273,1078,9,91),(1602421203,411,68459,477,4,25),(1602421203,412,61204,335,0,61),(1602421203,413,56524,331,0,83),(1602421203,414,57307,185,1,55),(1602421203,415,60427,302,7,23),(1602421203,416,85505,513,6,54),(1602421203,417,136253,606,4,120),(1602421203,418,73094,354,1,47),(1602421203,501,154211,655,3,93),(1602421203,502,60374,388,1,145),(1602421203,503,152281,592,11,96),(1602421203,504,80573,679,18,82),(1602421203,505,20320,56,1,18),(1602421203,506,87462,491,9,22),(1602421203,601,288806,1394,52,102),(1602421203,603,60821,117,2,13),(1602421203,606,154260,519,36,45),(1602421203,610,82484,287,9,21),(1602421203,611,60060,154,3,58),(1602421203,612,79901,227,1,27),(1602421203,614,27659,39,0,1),(1602421203,616,51161,187,5,26),(1602421203,617,90343,324,18,29),(1602421203,620,72004,139,1,21),(1602421203,621,98984,219,5,55),(1602421203,622,90622,417,41,13),(1602421203,623,85947,103,2,8),(1602421203,701,132110,1521,7,212),(1602421203,702,60056,496,6,67),(1602421203,703,179318,1122,14,138),(1602421203,704,63881,486,11,10),(1602421203,705,109682,1027,35,59),(1602421203,706,44362,1206,16,36),(1602421203,707,48753,187,6,4),(1602421203,708,32670,126,1,7),(1602421203,709,83873,805,14,99),(1602421203,801,63714,492,5,32),(1602421203,802,134383,697,11,100),(1602421203,803,89041,541,5,54),(1602421203,804,107159,650,4,128),(1602421203,900,1897491,20549,276,3039),(1602507603,101,14637,49,0,4),(1602507603,102,1940,3,0,0),(1602507603,103,42927,141,1,22),(1602507603,104,25797,105,0,17),(1602507603,105,17066,19,0,0),(1602507603,106,39925,160,1,17),(1602507603,107,59552,294,4,87),(1602507603,108,37513,98,1,26),(1602507603,109,54076,270,4,44),(1602507603,201,100817,270,3,56),(1602507603,202,62243,133,0,24),(1602507603,203,18224,59,0,6),(1602507603,204,59800,123,2,23),(1602507603,205,54555,129,0,47),(1602507603,206,76091,93,1,11),(1602507603,207,64668,136,2,9),(1602507603,208,41878,149,4,42),(1602507603,209,52726,94,1,4),(1602507603,210,29937,43,0,7),(1602507603,301,24876,149,4,11),(1602507603,302,55044,348,5,73),(1602507603,303,11261,33,3,3),(1602507603,304,45277,286,0,29),(1602507603,305,116114,455,16,40),(1602507603,306,146203,802,7,126),(1602507603,307,102010,521,5,79),(1602507603,308,103686,551,5,103),(1602507603,309,36773,150,1,28),(1602507603,310,50858,120,2,14),(1602507603,311,31090,128,5,13),(1602507603,312,90889,523,6,84),(1602507603,313,56596,356,8,41),(1602507603,314,25812,112,5,10),(1602507603,315,77962,401,5,38),(1602507603,316,75483,395,7,56),(1602507603,317,118998,726,11,129),(1602507603,318,86291,534,8,42),(1602507603,319,131044,653,11,90),(1602507603,320,41403,174,2,8),(1602507603,321,103771,458,6,67),(1602507603,322,25888,163,2,17),(1602507603,323,77991,315,9,49),(1602507603,325,42222,212,2,26),(1602507603,401,205726,1588,20,139),(1602507603,402,38193,193,2,19),(1602507603,403,61727,498,0,112),(1602507603,404,104408,392,5,53),(1602507603,405,33156,135,6,7),(1602507603,406,66621,336,6,26),(1602507603,407,101631,405,3,94),(1602507603,408,64721,248,1,55),(1602507603,409,56866,159,2,13),(1602507603,410,150273,1084,9,82),(1602507603,411,68459,482,4,26),(1602507603,412,61204,340,0,63),(1602507603,413,56524,341,0,85),(1602507603,414,57307,187,1,55),(1602507603,415,60427,318,7,39),(1602507603,416,85505,525,6,48),(1602507603,417,136253,631,4,134),(1602507603,418,73094,355,1,46),(1602507603,501,154211,655,3,86),(1602507603,502,60374,393,1,143),(1602507603,503,152281,602,11,97),(1602507603,504,80573,679,18,72),(1602507603,505,20320,55,1,15),(1602507603,506,87462,496,9,24),(1602507603,601,288806,1412,52,101),(1602507603,603,60821,119,2,13),(1602507603,606,154260,529,36,49),(1602507603,610,82484,294,9,27),(1602507603,611,60060,159,3,48),(1602507603,612,79901,234,1,30),(1602507603,614,27659,39,0,1),(1602507603,616,51161,200,5,38),(1602507603,617,90343,331,18,35),(1602507603,620,72004,149,2,29),(1602507603,621,98984,227,5,59),(1602507603,622,90622,423,41,19),(1602507603,623,85947,105,2,9),(1602507603,701,132110,1574,7,223),(1602507603,702,60056,508,6,76),(1602507603,703,179318,1143,14,132),(1602507603,704,63881,487,11,9),(1602507603,705,109682,1035,35,60),(1602507603,706,44362,1214,16,37),(1602507603,707,48753,187,6,4),(1602507603,708,32670,131,1,10),(1602507603,709,83873,828,14,111),(1602507603,801,63714,500,6,38),(1602507603,802,134383,724,11,113),(1602507603,803,89041,550,6,59),(1602507603,804,107159,663,4,123),(1602507603,900,1897491,20796,277,3011),(1602594003,101,14637,49,0,3),(1602594003,102,1940,3,0,0),(1602594003,103,42927,143,1,18),(1602594003,104,25797,107,0,13),(1602594003,105,17066,19,0,0),(1602594003,106,39925,163,1,20),(1602594003,107,59552,304,4,76),(1602594003,108,37513,104,1,26),(1602594003,109,54076,284,4,53),(1602594003,201,100817,280,3,64),(1602594003,202,62243,135,0,25),(1602594003,203,18224,59,0,4),(1602594003,204,59800,135,2,33),(1602594003,205,54555,140,0,58),(1602594003,206,76091,92,1,11),(1602594003,207,64668,143,2,16),(1602594003,208,41878,149,4,33),(1602594003,209,52726,94,1,4),(1602594003,210,29937,44,0,9),(1602594003,301,24876,150,4,8),(1602594003,302,55044,359,5,74),(1602594003,303,11261,34,3,4),(1602594003,304,45277,290,0,28),(1602594003,305,116114,458,16,41),(1602594003,306,146203,812,7,135),(1602594003,307,102010,527,5,76),(1602594003,308,103686,564,5,102),(1602594003,309,36773,154,1,29),(1602594003,310,50858,121,2,14),(1602594003,311,31090,129,5,11),(1602594003,312,90889,535,6,94),(1602594003,313,56596,367,8,41),(1602594003,314,25812,114,5,12),(1602594003,315,77962,403,5,39),(1602594003,316,75483,402,7,55),(1602594003,317,118998,738,11,128),(1602594003,318,86291,539,8,46),(1602594003,319,131044,679,11,93),(1602594003,320,41403,175,2,8),(1602594003,321,103771,468,6,69),(1602594003,322,25888,168,2,20),(1602594003,323,77991,324,9,50),(1602594003,325,42222,221,2,32),(1602594003,401,205726,1604,20,129),(1602594003,402,38193,198,2,24),(1602594003,403,61727,521,0,128),(1602594003,404,104408,413,5,70),(1602594003,405,33156,135,6,7),(1602594003,406,66621,340,6,25),(1602594003,407,101631,412,3,87),(1602594003,408,64721,246,1,53),(1602594003,409,56866,161,2,13),(1602594003,410,150273,1089,10,80),(1602594003,411,68459,487,4,28),(1602594003,412,61204,357,0,72),(1602594003,413,56524,352,0,82),(1602594003,414,57307,204,1,70),(1602594003,415,60427,325,7,45),(1602594003,416,85505,529,6,48),(1602594003,417,136253,646,4,136),(1602594003,418,73094,362,1,50),(1602594003,501,154211,677,3,100),(1602594003,502,60374,455,1,191),(1602594003,503,152281,640,11,117),(1602594003,504,80573,712,18,103),(1602594003,505,20320,56,1,16),(1602594003,506,87462,502,9,27),(1602594003,601,288806,1432,52,114),(1602594003,603,60821,122,2,14),(1602594003,606,154260,538,36,53),(1602594003,610,82484,298,9,29),(1602594003,611,60060,172,3,59),(1602594003,612,79901,237,2,33),(1602594003,614,27659,41,0,3),(1602594003,616,51161,205,5,42),(1602594003,617,90343,338,18,41),(1602594003,620,72004,152,2,31),(1602594003,621,98984,234,9,61),(1602594003,622,90622,428,41,23),(1602594003,623,85947,110,2,14),(1602594003,701,132110,1621,7,238),(1602594003,702,60056,515,6,77),(1602594003,703,179318,1194,14,165),(1602594003,704,63881,495,11,17),(1602594003,705,109682,1040,35,65),(1602594003,706,44362,1220,16,41),(1602594003,707,48753,188,6,5),(1602594003,708,32670,131,1,10),(1602594003,709,83873,845,15,121),(1602594003,801,63714,506,6,41),(1602594003,802,134383,724,11,105),(1602594003,803,89041,552,6,50),(1602594003,804,107159,669,4,123),(1602594003,900,1897491,21154,280,2944),(1602680402,101,14637,49,0,3),(1602680402,102,1940,3,0,0),(1602680402,103,42927,145,3,19),(1602680402,104,25797,109,0,14),(1602680402,105,17066,19,0,0),(1602680402,106,39925,167,1,19);
/*!40000 ALTER TABLE `districts_gkz` ENABLE KEYS */;
UNLOCK TABLES;

--
-- Table structure for table `infected`
--

DROP TABLE IF EXISTS `infected`;
/*!40101 SET @saved_cs_client     = @@character_set_client */;
/*!40101 SET character_set_client = utf8 */;
CREATE TABLE `infected` (
  `timestamp` int(11) NOT NULL,
  `b` int(11) NOT NULL,
  `k` int(11) NOT NULL,
  `n` int(11) NOT NULL,
  `o` int(11) NOT NULL,
  `s` int(11) NOT NULL,
  `st` int(11) NOT NULL,
  `t` int(11) NOT NULL,
  `v` int(11) NOT NULL,
  `w` int(11) NOT NULL,
  PRIMARY KEY (`timestamp`)
) ENGINE=InnoDB DEFAULT CHARSET=latin1;
/*!40101 SET character_set_client = @saved_cs_client */;

--
-- Dumping data for table `infected`
--

LOCK TABLES `infected` WRITE;
/*!40000 ALTER TABLE `infected` DISABLE KEYS */;
INSERT INTO `infected` VALUES (1595779200,398,454,3290,3496,1337,2037,3655,944,4837),(1595970000,404,456,3329,3556,1349,2050,3661,947,4908),(1596056400,407,456,3339,3586,1351,2063,3688,952,4990),(1596142800,409,457,3351,3617,1362,2075,3697,956,5011),(1596229200,419,459,3366,3662,1377,2079,3700,959,5089),(1596315600,419,461,3387,3679,1380,2087,3686,962,5131),(1596402000,420,465,3399,3692,1382,2089,3690,963,5184),(1596488400,420,467,3404,3700,1382,2093,3703,963,5235),(1596574800,422,471,3424,3724,1393,2091,3703,964,5278),(1596661200,423,473,3440,3744,1395,2100,3710,966,5302),(1596747600,423,482,3453,3773,1398,2102,3716,969,5369),(1596834000,424,485,3464,3792,1408,2108,3720,972,5453),(1596920400,424,490,3474,3818,1411,2114,3722,976,5480),(1597006800,427,494,3481,3825,1424,2118,3723,976,5555),(1597093200,427,494,3489,3834,1431,2120,3725,984,5590),(1597179600,428,501,3502,3857,1435,2126,3738,986,5661),(1597266000,430,503,3523,3888,1439,2139,3766,987,5753),(1597352400,433,510,3546,3911,1451,2154,3793,991,5793),(1597438800,436,532,3562,3956,1458,2167,3851,998,5907),(1597525200,436,565,3569,4008,1474,2179,3888,1013,6036),(1597611600,437,573,3608,4032,1488,2182,3900,1017,6122),(1597698000,439,582,3627,4062,1492,2191,3920,1019,6192),(1597784400,438,586,3659,4099,1499,2216,3961,1023,6340),(1597870800,441,592,3686,4173,1522,2230,3983,1029,6424),(1597957200,446,598,3707,4240,1540,2241,4003,1039,6612),(1598043600,450,604,3734,4299,1550,2256,4037,1044,6783),(1598130000,454,609,3757,4334,1562,2283,4084,1050,6922),(1598216400,455,615,3781,4361,1564,2289,4108,1052,7021),(1598302800,462,620,3813,4390,1584,2324,4121,1056,7117),(1598389200,464,623,3835,4425,1600,2335,4153,1059,7204),(1598475600,468,628,3857,4474,1618,2347,4186,1065,7383),(1598562000,476,633,3885,4534,1628,2380,4237,1068,7513),(1598648400,475,639,3916,4585,1634,2416,4257,1078,7583),(1598734800,483,643,3951,4642,1645,2440,4306,1082,7786),(1598821200,488,643,3991,4661,1655,2460,4339,1085,7837),(1598907600,491,645,4023,4683,1665,2472,4361,1087,8005),(1598994000,496,647,4043,4699,1678,2493,4395,1098,8086),(1599080400,506,650,4089,4732,1680,2517,4456,1106,8226),(1599166800,507,653,4148,4761,1692,2547,4512,1115,8429),(1599253200,518,654,4179,4794,1694,2580,4554,1123,8625),(1599339600,524,656,4209,4838,1698,2594,4592,1137,8831),(1599426000,532,658,4245,4874,1698,2605,4607,1149,8895),(1599512400,543,662,4301,4907,1723,2637,4638,1172,8961),(1599598800,547,668,4350,4934,1733,2647,4694,1190,9300),(1599685200,556,670,4407,5007,1735,2658,4770,1204,9558),(1599771600,569,675,4501,5057,1744,2689,4834,1215,9947),(1599858000,571,682,4563,5112,1759,2733,4927,1252,10210),(1599944400,580,688,4698,5190,1785,2790,5014,1280,10652),(1600030800,592,700,4790,5242,1801,2819,5065,1329,10803),(1600117200,595,707,4849,5300,1803,2853,5086,1363,10966),(1600203600,601,714,4944,5357,1823,2897,5197,1388,11366),(1600290000,612,722,5103,5441,1832,2938,5280,1441,11685),(1600376400,626,734,5203,5565,1859,2960,5345,1492,12051),(1600462800,644,742,5362,5636,1882,3044,5420,1520,12392),(1600549200,654,747,5432,5744,1900,3103,5500,1552,12823),(1600635600,662,764,5526,5793,1921,3116,5562,1590,13144),(1600722000,670,779,5707,5860,1935,3150,5595,1632,13315),(1600808400,684,790,5793,5946,2012,3236,5649,1659,13519),(1600894800,717,809,5893,6038,2023,3265,5715,1684,13825),(1600981200,721,820,6074,6105,2039,3296,5773,1717,14253),(1601067600,729,842,6210,6156,2054,3334,5835,1757,14563),(1601154000,749,858,6329,6252,2099,3365,5896,1786,14859),(1601240400,758,876,6438,6326,2126,3441,5947,1805,15140),(1601326800,768,882,6555,6379,2157,3486,5974,1832,15383),(1601413200,791,896,6599,6471,2165,3519,6042,1850,15687),(1601499600,808,919,6772,6567,2200,3528,6108,1874,16017),(1601586000,830,928,6861,6719,2247,3586,6178,1898,16418),(1601672400,855,948,6964,6794,2280,3623,6266,1940,16686),(1601758800,870,970,7154,6904,2331,3664,6392,1966,17158),(1601845200,882,989,7288,7031,2365,3703,6461,1999,17408),(1601931600,891,1001,7386,7137,2389,3736,6567,2048,17722),(1602018000,918,1017,7558,7237,2424,3787,6639,2099,18124),(1602072121,960,1033,7727,7377,2466,3817,6762,2134,18550),(1602158521,978,1064,7899,7528,2516,3857,6857,2174,19163),(1602244921,1001,1091,8123,7690,2574,3947,6973,2213,19555),(1602331321,1033,1091,8304,7864,2646,4033,7066,2253,20064),(1602417721,1033,1091,8304,7864,2646,4035,7066,2253,20067),(1602504121,1094,1207,8511,8173,2790,4134,7324,2355,20687),(1602590522,1124,1239,8693,8285,2863,4234,7476,2397,20996),(1602676921,1166,1311,8833,8519,2998,4293,7660,2474,21396);
/*!40000 ALTER TABLE `infected` ENABLE KEYS */;
UNLOCK TABLES;

--
-- Table structure for table `recovered`
--

DROP TABLE IF EXISTS `recovered`;
/*!40101 SET @saved_cs_client     = @@character_set_client */;
/*!40101 SET character_set_client = utf8 */;
CREATE TABLE `recovered` (
  `timestamp` int(11) NOT NULL,
  `b` int(11) NOT NULL,
  `k` int(11) NOT NULL,
  `n` int(11) NOT NULL,
  `o` int(11) NOT NULL,
  `s` int(11) NOT NULL,
  `st` int(11) NOT NULL,
  `t` int(11) NOT NULL,
  `v` int(11) NOT NULL,
  `w` int(11) NOT NULL,
  PRIMARY KEY (`timestamp`)
) ENGINE=InnoDB DEFAULT CHARSET=latin1;
/*!40101 SET character_set_client = @saved_cs_client */;

--
-- Dumping data for table `recovered`
--

LOCK TABLES `recovered` WRITE;
/*!40000 ALTER TABLE `recovered` DISABLE KEYS */;
INSERT INTO `recovered` VALUES (1595779200,362,430,2936,2978,1226,1786,3500,901,4090),(1595970000,363,431,2971,3032,1232,1791,3510,902,4147),(1596056400,368,431,2981,3089,1235,1810,3519,902,4193),(1596142800,366,434,2989,3123,1245,1821,3524,902,4224),(1596229200,373,435,3004,3151,1251,1829,3531,903,4281),(1596315600,375,436,3025,3191,1259,1848,3538,906,4333),(1596402000,375,436,3040,3211,1262,1852,3540,913,4355),(1596488400,375,436,3053,3235,1265,1852,3541,913,4393),(1596574800,377,437,3087,3416,1265,1860,3547,922,4425),(1596661200,379,441,3102,3445,1282,1877,3554,925,4459),(1596747600,385,442,3126,3461,1296,1880,3556,928,4522),(1596834000,386,443,3142,3497,1299,1886,3558,930,4549),(1596920400,386,443,3172,3529,1300,1892,3562,937,4591),(1597006800,393,444,3183,3553,1302,1895,3563,939,4651),(1597093200,396,445,3195,3590,1305,1895,3564,942,4678),(1597179600,397,448,3218,3609,1316,1901,3578,942,4714),(1597266000,397,452,3242,3609,1328,1907,3595,943,4795),(1597352400,401,455,3256,3634,1331,1911,3596,946,4816),(1597438800,407,458,3274,3652,1333,1934,3601,946,4894),(1597525200,408,463,3282,3676,1337,1939,3604,946,4972),(1597611600,410,468,3286,3694,1339,1939,3608,948,4989),(1597698000,410,470,3288,3714,1341,1939,3608,955,5040),(1597784400,410,475,3304,3734,1345,1952,3612,955,5083),(1597870800,411,480,3331,3751,1349,1953,3620,958,5107),(1597957200,412,494,3339,3767,1355,1953,3640,959,5174),(1598043600,412,495,3352,3804,1361,1968,3651,959,5258),(1598130000,414,505,3385,3834,1369,1973,3675,966,5285),(1598216400,417,521,3400,3862,1372,1976,3680,970,5360),(1598302800,418,523,3422,3895,1372,1976,3685,971,5395),(1598389200,420,554,3447,3949,1374,1988,3719,971,5466),(1598475600,420,564,3467,3993,1391,2015,3758,980,5557),(1598562000,422,572,3497,4031,1396,2028,3783,990,5598),(1598648400,425,581,3525,4061,1423,2058,3821,990,5710),(1598734800,430,584,3548,4134,1440,2062,3832,995,5841),(1598821200,432,588,3561,4181,1461,2068,3852,1000,5927),(1598907600,432,592,3581,4228,1470,2068,3858,1000,5997),(1598994000,440,598,3609,4262,1472,2111,3925,1005,6143),(1599080400,445,604,3653,4300,1472,2120,3977,1024,6225),(1599166800,450,609,3712,4331,1485,2139,3994,1039,6412),(1599253200,453,610,3746,4370,1494,2164,4047,1045,6584),(1599339600,457,613,3772,4438,1524,2181,4067,1051,6725),(1599426000,458,618,3791,4484,1525,2187,4097,1059,6824),(1599512400,458,625,3832,4519,1545,2187,4150,1064,6920),(1599598800,460,630,3864,4569,1586,2257,4188,1068,7007),(1599685200,464,632,3918,4592,1583,2273,4216,1079,7007),(1599771600,474,632,3958,4624,1592,2292,4254,1080,7137),(1599858000,478,634,3980,4651,1610,2315,4295,1087,7207),(1599944400,488,636,4010,4681,1611,2338,4316,1089,7410),(1600030800,495,639,4047,4709,1618,2345,4357,1088,7462),(1600117200,498,640,4077,4731,1618,2346,4370,1101,7629),(1600203600,508,641,4137,4768,1646,2397,4445,1101,7711),(1600290000,509,645,4176,4811,1654,2422,4474,1113,7851),(1600376400,517,649,4209,4839,1656,2448,4557,1115,8054),(1600462800,522,655,4275,4868,1660,2465,4632,1124,8250),(1600549200,529,656,4362,4948,1686,2491,4697,1137,8455),(1600635600,542,662,4415,5007,1689,2504,4741,1150,8519),(1600722000,543,671,4495,5051,1691,2506,4812,1153,8594),(1600808400,555,680,4603,5140,1709,2557,4950,1184,8934),(1600894800,565,680,4698,5218,1718,2605,5058,1215,9192),(1600981200,570,695,4793,5287,1751,2643,5107,1236,9579),(1601067600,583,702,4924,5346,1767,2670,5184,1281,9844),(1601154000,597,714,5062,5432,1797,2720,5235,1309,10288),(1601240400,606,726,5151,5515,1813,2731,5275,1335,10437),(1601326800,612,735,5241,5608,1838,2732,5320,1366,10600),(1601413200,616,735,5386,5706,1878,2778,5427,1390,11000),(1601499600,630,759,5481,5772,1891,2856,5509,1427,11319),(1601586000,642,770,5622,5854,1921,2912,5581,1489,11685),(1601672400,664,782,5753,5925,1941,2943,5625,1527,12026),(1601758800,683,790,5903,6016,1981,2987,5673,1554,12458),(1601845200,687,811,5981,6073,2002,3024,5699,1575,12777),(1601931600,698,824,6070,6118,2014,3073,5714,1634,12949),(1602018000,705,844,6216,6228,2052,3097,5806,1688,13154),(1602072121,722,863,6299,6300,2077,3154,5864,1761,13459),(1602158521,723,879,6404,6378,2113,3192,5915,1795,13890),(1602244921,746,892,6540,6482,2146,3228,5992,1814,14199),(1602331321,770,913,6697,6594,2169,3262,6083,1845,14496),(1602417721,770,913,6697,6594,2169,3262,6083,1845,14496),(1602504121,810,939,6927,6780,2206,3275,6251,1860,15017),(1602590522,824,957,7097,6917,2252,3335,6334,1908,15325),(1602676921,842,1000,7242,7034,2281,3417,6436,1942,15652);
/*!40000 ALTER TABLE `recovered` ENABLE KEYS */;
UNLOCK TABLES;

--
-- Table structure for table `total`
--

DROP TABLE IF EXISTS `total`;
/*!40101 SET @saved_cs_client     = @@character_set_client */;
/*!40101 SET character_set_client = utf8 */;
CREATE TABLE `total` (
  `timestamp` int(11) NOT NULL,
  `tested_persons` int(11) NOT NULL,
  `infected` int(11) NOT NULL,
  `recovered` int(11) NOT NULL,
  `dead` int(11) NOT NULL,
  `currently_sick` int(11) NOT NULL,
  PRIMARY KEY (`timestamp`)
) ENGINE=InnoDB DEFAULT CHARSET=latin1;
/*!40101 SET character_set_client = @saved_cs_client */;

--
-- Dumping data for table `total`
--

LOCK TABLES `total` WRITE;
/*!40000 ALTER TABLE `total` DISABLE KEYS */;
INSERT INTO `total` VALUES (1582671600,0,0,0,0,0),(1582758000,0,0,0,0,0),(1582844400,0,0,0,0,0),(1582930800,0,0,0,0,0),(1583017200,0,0,0,0,0),(1583103600,0,0,0,0,0),(1583190000,0,0,0,0,0),(1583276400,0,0,0,0,0),(1583362800,0,0,2,0,0),(1583449200,0,0,2,0,0),(1583535600,0,0,2,0,0),(1583622000,0,0,3,0,0),(1583708400,0,0,3,0,0),(1583794800,0,0,5,0,0),(1583881200,0,0,6,0,0),(1583967600,0,0,6,1,0),(1584054000,0,0,6,1,0),(1584140400,0,0,7,2,0),(1584226800,0,0,10,3,0),(1584313200,0,0,22,5,0),(1584399600,0,0,23,7,0),(1584486000,0,0,27,11,0),(1584572400,0,0,31,14,0),(1584658800,0,0,43,19,0),(1584745200,0,0,52,23,0),(1584831600,0,0,59,31,0),(1584918000,0,0,96,43,0),(1585004400,0,0,156,53,0),(1585090800,0,0,226,62,0),(1585177200,0,0,329,78,0),(1585263600,0,0,481,96,0),(1585350000,0,0,612,113,0),(1585436400,0,0,783,127,0),(1585519200,0,0,1005,147,0),(1585605600,0,0,1238,164,0),(1585692000,0,0,1453,175,0),(1585778400,0,0,1749,194,0),(1585864800,0,0,2022,211,0),(1585951200,0,0,2507,231,0),(1586037600,0,0,2998,252,0),(1586124000,0,0,3463,279,0),(1586210400,0,0,4046,305,0),(1586296800,0,0,4512,323,0),(1586383200,0,0,5240,343,0),(1586469600,0,0,6064,364,0),(1586556000,0,0,6604,379,0),(1586642400,0,0,6984,391,0),(1586728800,0,0,7343,412,0),(1586815200,0,0,7633,424,0),(1586901600,0,0,8098,439,0),(1586988000,0,0,8986,461,0),(1587074400,0,0,9704,474,0),(1587160800,0,0,10214,489,0),(1587247200,0,0,10501,504,0),(1587333600,0,0,10631,511,0),(1587420000,0,0,10971,528,0),(1587506400,0,0,11328,539,0),(1587592800,0,0,11694,543,0),(1587679200,0,0,11872,549,0),(1587765600,0,0,12103,562,0),(1587852000,0,0,12282,571,0),(1587938400,0,0,12362,574,0),(1588024800,0,0,12580,586,0),(1588111200,0,0,12779,591,0),(1588197600,0,0,12907,596,0),(1588284000,0,0,13092,599,0),(1588370400,0,0,13180,601,0),(1588456800,0,0,13238,606,0),(1588543200,0,0,13316,609,0),(1588629600,0,0,13462,612,0),(1588716000,0,0,13639,615,0),(1588802400,0,0,13698,617,0),(1588888800,0,0,13836,622,0),(1588975200,0,0,13928,624,0),(1589061600,0,0,13991,626,0),(1589148000,0,0,14061,627,0),(1589234400,0,0,14148,628,0),(1589320800,0,0,14304,629,0),(1589407200,0,0,14405,632,0),(1589493600,0,0,14471,632,0),(1589580000,0,0,14524,633,0),(1589666400,0,0,14563,634,0),(1589752800,0,0,14614,636,0),(1589839200,0,0,14678,637,0),(1589925600,0,0,14882,640,0),(1590012000,0,0,14951,642,0),(1590098400,0,0,15005,644,0),(1590184800,0,0,15037,645,0),(1590271200,0,0,15063,645,0),(1590357600,0,0,15138,646,0),(1590444000,0,0,15182,648,0),(1590530400,0,0,15228,648,0),(1590616800,0,0,15286,648,0),(1590703200,0,0,15347,649,0),(1590789600,0,0,15520,649,0),(1590876000,0,0,15593,649,0),(1590962400,0,0,15596,650,0),(1591048800,0,0,15629,650,0),(1591135200,0,0,15672,651,0),(1591221600,0,0,15717,653,0),(1591308000,0,0,15742,653,0),(1591394400,0,0,15789,653,0),(1591480800,0,0,15793,653,0),(1591567200,0,0,15839,653,0),(1591653600,0,0,15875,653,0),(1591740000,0,0,15910,655,0),(1591826400,0,0,15949,655,0),(1591912800,0,0,15985,655,0),(1591999200,0,0,16012,655,0),(1592085600,0,0,16059,658,0),(1592172000,0,0,16066,663,0),(1592258400,0,0,16089,665,0),(1592344800,0,0,16099,666,0),(1592431200,0,0,16101,666,0),(1592517600,0,0,16141,667,0),(1592604000,0,0,16175,669,0),(1592690400,0,0,16197,670,0),(1592776800,0,0,16241,671,0),(1592863200,0,0,16261,673,0),(1592949600,0,0,16282,675,0),(1593036000,0,0,16320,676,0),(1593122400,0,0,16348,676,0),(1593208800,0,0,16371,678,0),(1593295200,0,0,16401,679,0),(1593381600,0,0,16420,680,0),(1593468000,0,0,16478,680,0),(1593554400,0,0,16491,680,0),(1593640800,0,0,16514,680,0),(1593727200,0,0,16558,681,0),(1593813600,0,0,16607,681,0),(1593900000,0,0,16615,681,0),(1593986400,0,0,16647,681,0),(1594072800,0,0,16686,681,0),(1594159200,0,0,16721,681,0),(1594245600,0,0,16758,681,0),(1594332000,0,0,16808,681,0),(1594418400,0,0,16864,682,0),(1594504800,0,0,16952,683,0),(1594591200,0,0,17000,684,0),(1594677600,0,0,17073,684,0),(1594764000,0,0,17175,685,0),(1594850400,0,0,17244,685,0),(1594936800,0,0,17335,685,0),(1595023200,0,0,17501,685,0),(1595109600,0,0,17599,685,0),(1595196000,0,0,17659,686,0),(1595282400,0,0,17704,686,0),(1595368800,0,0,17849,686,0),(1595455200,0,0,17943,687,0),(1595541600,0,0,18042,687,0),(1595628000,0,0,18124,688,0),(1595797200,847898,20509,18209,688,1551),(1595883600,853169,20614,18246,688,1599),(1595970000,861206,20782,18379,696,1585),(1596056400,870602,20877,18528,698,1606),(1596142800,880036,21059,18628,698,1609),(1596229200,890461,21154,18758,698,1654),(1596315600,897819,21229,18911,698,1583),(1596402000,905314,21309,18984,698,1602),(1596488400,910437,21405,19063,700,1604),(1596574800,916778,21488,19336,700,1434),(1596661200,923902,21624,19464,706,1383),(1596747600,937275,21767,19596,708,1381),(1596834000,947305,21864,19690,709,1427),(1596920400,955239,21973,19812,711,1386),(1597006800,961868,22043,19923,711,1389),(1597093200,965758,22185,20010,711,1373),(1597179600,974508,22366,20123,712,1399),(1597266000,983018,22537,20268,713,1447),(1597352400,991508,22755,20346,713,1523),(1597438800,1003432,23067,20499,716,1652),(1597525200,1009354,23278,20627,717,1824),(1597611600,1018490,23438,20681,717,1961),(1597698000,1024067,23686,20765,719,2040),(1597784400,1037888,23924,20870,721,2230),(1597870800,1049171,24280,20960,723,2397),(1597957200,1061437,24582,21093,724,2609),(1598043600,1075409,24876,21260,725,2772),(1598130000,1087155,25088,21406,725,2924),(1598216400,1094987,25339,21558,725,2963),(1598302800,1101206,25524,21657,725,3105),(1598389200,1110089,25828,21888,725,3085),(1598475600,1119199,26120,22145,726,3155),(1598562000,1133243,26357,22317,726,3311),(1598648400,1147944,26734,22594,726,3263),(1598734800,1160743,26930,22866,726,3386),(1598821200,1172092,27198,23070,726,3363),(1598907600,1180711,27395,23226,727,3479),(1598994000,1193127,27678,23565,727,3343),(1599080400,1210568,28103,23820,727,3415),(1599166800,1222257,28488,24171,727,3466),(1599253200,1236489,28813,24513,727,3481),(1599339600,1247807,29052,24828,727,3524),(1599426000,1255825,29295,25043,728,3492),(1599512400,1266223,29845,25300,729,3515),(1599598800,1276477,30347,25629,729,3705),(1599685200,1288059,31067,25764,729,4072),(1599771600,1303030,31648,26043,732,4456),(1599858000,1316819,32582,26257,732,4820),(1599944400,1331493,33001,26579,735,5363),(1600030800,1342066,33417,26760,738,5643),(1600117200,1351408,34173,27010,738,5774),(1600203600,1364508,34930,27354,739,6194),(1600290000,1379839,35720,27655,739,6660),(1600376400,1395111,36561,28044,740,7051),(1600462800,1413965,37500,28451,744,7447),(1600549200,1432099,38168,28961,746,7748),(1600635600,1444683,38696,29229,749,8100),(1600722000,1458095,39328,29516,752,8375),(1600808400,1472647,40004,30312,756,8220),(1600894800,1489264,40821,30949,762,8258),(1600981200,1507782,41497,31661,765,8372),(1601067600,1528191,42248,32301,766,8413),(1601154000,1545634,42846,33154,766,8273),(1601240400,1555499,43436,33589,768,8500),(1601326800,1569992,44116,34052,774,8590),(1601413200,1586578,44808,34916,775,8329),(1601499600,1617987,45697,35644,779,8370),(1601586000,1636573,46428,36476,781,8408),(1601672400,1658412,47469,37186,785,8385),(1601758800,1673868,48180,38045,786,8578),(1601845200,1686373,48703,38629,793,8704),(1601931600,1698268,49783,39094,799,8984),(1602018000,1716505,50836,39790,806,9207),(1602072121,1735094,51382,40499,808,9519),(1602158521,1756856,52603,41289,817,9930),(1602244921,1775431,53667,42039,821,10307),(1602331321,1795387,54685,42829,821,10704),(1602417721,1795387,55703,42829,826,10704),(1602504121,1822931,56591,44065,832,11378),(1602590522,1844639,57762,44949,842,11516),(1602676921,1861672,59368,45846,850,11954);
/*!40000 ALTER TABLE `total` ENABLE KEYS */;
UNLOCK TABLES;
/*!40103 SET TIME_ZONE=@OLD_TIME_ZONE */;

/*!40101 SET SQL_MODE=@OLD_SQL_MODE */;
/*!40014 SET FOREIGN_KEY_CHECKS=@OLD_FOREIGN_KEY_CHECKS */;
/*!40014 SET UNIQUE_CHECKS=@OLD_UNIQUE_CHECKS */;
/*!40101 SET CHARACTER_SET_CLIENT=@OLD_CHARACTER_SET_CLIENT */;
/*!40101 SET CHARACTER_SET_RESULTS=@OLD_CHARACTER_SET_RESULTS */;
/*!40101 SET COLLATION_CONNECTION=@OLD_COLLATION_CONNECTION */;
/*!40111 SET SQL_NOTES=@OLD_SQL_NOTES */;

-- Dump completed on 2020-10-14 15:00:03
