-- MySQL dump 10.13  Distrib 5.7.31, for Linux (x86_64)
--
-- Host: localhost    Database: corona
-- ------------------------------------------------------
-- Server version	5.7.31-0ubuntu0.18.04.1

/*!40101 SET @OLD_CHARACTER_SET_CLIENT=@@CHARACTER_SET_CLIENT */;
/*!40101 SET @OLD_CHARACTER_SET_RESULTS=@@CHARACTER_SET_RESULTS */;
/*!40101 SET @OLD_COLLATION_CONNECTION=@@COLLATION_CONNECTION */;
/*!40101 SET NAMES utf8 */;
/*!40103 SET @OLD_TIME_ZONE=@@TIME_ZONE */;
/*!40103 SET TIME_ZONE='+00:00' */;
/*!40014 SET @OLD_UNIQUE_CHECKS=@@UNIQUE_CHECKS, UNIQUE_CHECKS=0 */;
/*!40014 SET @OLD_FOREIGN_KEY_CHECKS=@@FOREIGN_KEY_CHECKS, FOREIGN_KEY_CHECKS=0 */;
/*!40101 SET @OLD_SQL_MODE=@@SQL_MODE, SQL_MODE='NO_AUTO_VALUE_ON_ZERO' */;
/*!40111 SET @OLD_SQL_NOTES=@@SQL_NOTES, SQL_NOTES=0 */;

--
-- Table structure for table `dead`
--

DROP TABLE IF EXISTS `dead`;
/*!40101 SET @saved_cs_client     = @@character_set_client */;
/*!40101 SET character_set_client = utf8 */;
CREATE TABLE `dead` (
  `timestamp` int(11) NOT NULL,
  `b` int(11) NOT NULL,
  `k` int(11) NOT NULL,
  `n` int(11) NOT NULL,
  `o` int(11) NOT NULL,
  `s` int(11) NOT NULL,
  `st` int(11) NOT NULL,
  `t` int(11) NOT NULL,
  `v` int(11) NOT NULL,
  `w` int(11) NOT NULL,
  PRIMARY KEY (`timestamp`)
) ENGINE=InnoDB DEFAULT CHARSET=latin1;
/*!40101 SET character_set_client = @saved_cs_client */;

--
-- Dumping data for table `dead`
--

LOCK TABLES `dead` WRITE;
/*!40000 ALTER TABLE `dead` DISABLE KEYS */;
INSERT INTO `dead` VALUES (1595779200,11,13,107,58,37,142,101,18,201),(1595930400,11,13,107,58,37,142,101,18,201),(1595934000,11,13,107,58,37,142,101,18,201),(1595937600,11,13,107,58,37,142,101,18,201),(1595941200,11,13,107,58,37,142,101,18,201),(1595944800,11,13,107,58,37,142,101,18,201),(1595948400,11,13,107,58,37,142,101,18,201),(1595952000,11,13,107,58,37,142,101,18,201),(1595955600,11,13,107,58,37,142,101,18,207),(1595959200,11,13,107,58,37,142,101,18,209),(1595962800,11,13,107,58,37,142,101,18,209),(1595966400,11,13,107,58,37,142,101,18,209),(1595970000,11,13,107,58,37,142,101,18,209),(1595973600,11,13,107,58,37,142,101,18,209),(1595977200,11,13,107,58,37,142,101,18,209),(1595980800,11,13,107,58,37,142,101,18,209),(1595984400,11,13,107,58,37,142,101,18,209),(1595988000,11,13,107,58,37,142,101,18,209),(1595991600,11,13,107,58,37,142,101,18,209),(1595995200,11,13,107,58,37,142,101,18,209),(1595998800,11,13,107,58,37,142,101,18,209),(1596006000,11,13,107,58,37,142,101,18,209),(1596009600,11,13,107,58,37,142,101,18,209),(1596013200,11,13,107,58,37,142,101,18,209),(1596016800,11,13,107,58,37,142,101,18,209),(1596020400,11,13,107,58,37,142,101,18,209),(1596024000,11,13,107,59,37,142,101,18,210),(1596027600,11,13,107,59,37,142,101,18,210),(1596031200,11,13,107,59,37,142,101,18,210),(1596034800,11,13,107,59,37,142,101,18,210);
/*!40000 ALTER TABLE `dead` ENABLE KEYS */;
UNLOCK TABLES;

--
-- Table structure for table `district_infected`
--

DROP TABLE IF EXISTS `district_infected`;
/*!40101 SET @saved_cs_client     = @@character_set_client */;
/*!40101 SET character_set_client = utf8 */;
CREATE TABLE `district_infected` (
  `timestamp` int(11) NOT NULL,
  `305` int(11) NOT NULL COMMENT 'Amstetten',
  `306` int(11) NOT NULL COMMENT 'Baden',
  `801` int(11) NOT NULL COMMENT 'Bludenz',
  `404` int(11) NOT NULL COMMENT 'Braunau am Inn',
  `802` int(11) NOT NULL COMMENT 'Bregenz',
  `307` int(11) NOT NULL COMMENT 'Bruck an der Leitha',
  `621` int(11) NOT NULL COMMENT 'Bruck-Mürzzuschlag',
  `603` int(11) NOT NULL COMMENT 'Deutschlandsberg',
  `803` int(11) NOT NULL COMMENT 'Dornbirn',
  `405` int(11) NOT NULL COMMENT 'Eferding',
  `101` int(11) NOT NULL COMMENT 'Eisenstadt(Stadt)',
  `103` int(11) NOT NULL COMMENT 'Eisenstadt-Umgebung',
  `804` int(11) NOT NULL COMMENT 'Feldkirch',
  `210` int(11) NOT NULL COMMENT 'Feldkirchen',
  `406` int(11) NOT NULL COMMENT 'Freistadt',
  `308` int(11) NOT NULL COMMENT 'Gänserndorf',
  `309` int(11) NOT NULL COMMENT 'Gmünd',
  `407` int(11) NOT NULL COMMENT 'Gmunden',
  `601` int(11) NOT NULL COMMENT 'Graz(Stadt)',
  `606` int(11) NOT NULL COMMENT 'Graz-Umgebung',
  `408` int(11) NOT NULL COMMENT 'Grieskirchen',
  `104` int(11) NOT NULL COMMENT 'Güssing',
  `502` int(11) NOT NULL COMMENT 'Hallein',
  `622` int(11) NOT NULL COMMENT 'Hartberg-Fürstenfeld',
  `203` int(11) NOT NULL COMMENT 'Hermagor',
  `310` int(11) NOT NULL COMMENT 'Hollabrunn',
  `311` int(11) NOT NULL COMMENT 'Horn',
  `702` int(11) NOT NULL COMMENT 'Imst',
  `703` int(11) NOT NULL COMMENT 'Innsbruck-Land',
  `701` int(11) NOT NULL COMMENT 'Innsbruck-Stadt',
  `105` int(11) NOT NULL COMMENT 'Jennersdorf',
  `409` int(11) NOT NULL COMMENT 'Kirchdorf an der Krems',
  `704` int(11) NOT NULL COMMENT 'Kitzbühel',
  `204` int(11) NOT NULL COMMENT 'Klagenfurt Land',
  `201` int(11) NOT NULL COMMENT 'Klagenfurt Stadt',
  `312` int(11) NOT NULL COMMENT 'Korneuburg',
  `301` int(11) NOT NULL COMMENT 'Krems an der Donau(Stadt)',
  `313` int(11) NOT NULL COMMENT 'Krems(Land)',
  `705` int(11) NOT NULL COMMENT 'Kufstein',
  `706` int(11) NOT NULL COMMENT 'Landeck',
  `610` int(11) NOT NULL COMMENT 'Leibnitz',
  `611` int(11) NOT NULL COMMENT 'Leoben',
  `707` int(11) NOT NULL COMMENT 'Lienz',
  `612` int(11) NOT NULL COMMENT 'Liezen (inkl. Gröbming)',
  `314` int(11) NOT NULL COMMENT 'Lilienfeld',
  `401` int(11) NOT NULL COMMENT 'Linz(Stadt)',
  `410` int(11) NOT NULL COMMENT 'Linz-Land',
  `106` int(11) NOT NULL COMMENT 'Mattersburg',
  `315` int(11) NOT NULL COMMENT 'Melk',
  `316` int(11) NOT NULL COMMENT 'Mistelbach',
  `317` int(11) NOT NULL COMMENT 'Mödling',
  `614` int(11) NOT NULL COMMENT 'Murau',
  `620` int(11) NOT NULL COMMENT 'Murtal',
  `318` int(11) NOT NULL COMMENT 'Neunkirchen',
  `107` int(11) NOT NULL COMMENT 'Neusiedl am See',
  `108` int(11) NOT NULL COMMENT 'Oberpullendorf',
  `109` int(11) NOT NULL COMMENT 'Oberwart',
  `411` int(11) NOT NULL COMMENT 'Perg',
  `708` int(11) NOT NULL COMMENT 'Reutte',
  `412` int(11) NOT NULL COMMENT 'Ried im Innkreis',
  `413` int(11) NOT NULL COMMENT 'Rohrbach',
  `501` int(11) NOT NULL COMMENT 'Salzburg(Stadt)',
  `503` int(11) NOT NULL COMMENT 'Salzburg-Umgebung',
  `504` int(11) NOT NULL COMMENT 'Sankt Johann im Pongau',
  `319` int(11) NOT NULL COMMENT 'Sankt Pölten(Land)',
  `302` int(11) NOT NULL COMMENT 'Sankt Pölten(Stadt)',
  `205` int(11) NOT NULL COMMENT 'Sankt Veit an der Glan',
  `414` int(11) NOT NULL COMMENT 'Schärding',
  `320` int(11) NOT NULL COMMENT 'Scheibbs',
  `709` int(11) NOT NULL COMMENT 'Schwaz',
  `206` int(11) NOT NULL COMMENT 'Spittal an der Drau',
  `402` int(11) NOT NULL COMMENT 'Steyr(Stadt)',
  `415` int(11) NOT NULL COMMENT 'Steyr-Land',
  `623` int(11) NOT NULL COMMENT 'Südoststeiermark',
  `505` int(11) NOT NULL COMMENT 'Tamsweg',
  `321` int(11) NOT NULL COMMENT 'Tulln',
  `416` int(11) NOT NULL COMMENT 'Urfahr-Umgebung',
  `207` int(11) NOT NULL COMMENT 'Villach Land',
  `202` int(11) NOT NULL COMMENT 'Villach Stadt',
  `417` int(11) NOT NULL COMMENT 'Vöcklabruck',
  `616` int(11) NOT NULL COMMENT 'Voitsberg',
  `208` int(11) NOT NULL COMMENT 'Völkermarkt',
  `322` int(11) NOT NULL COMMENT 'Waidhofen an der Thaya',
  `303` int(11) NOT NULL COMMENT 'Waidhofen an der Ybbs(Stadt)',
  `617` int(11) NOT NULL COMMENT 'Weiz',
  `403` int(11) NOT NULL COMMENT 'Wels(Stadt)',
  `418` int(11) NOT NULL COMMENT 'Wels-Land',
  `900` int(11) NOT NULL COMMENT 'Wien(Stadt)',
  `323` int(11) NOT NULL COMMENT 'Wiener Neustadt(Land)',
  `304` int(11) NOT NULL COMMENT 'Wiener Neustadt(Stadt)',
  `209` int(11) NOT NULL COMMENT 'Wolfsberg',
  `506` int(11) NOT NULL COMMENT 'Zell am See',
  `325` int(11) NOT NULL COMMENT 'Zwettl',
  PRIMARY KEY (`timestamp`)
) ENGINE=InnoDB DEFAULT CHARSET=latin1;
/*!40101 SET character_set_client = @saved_cs_client */;

--
-- Dumping data for table `district_infected`
--

LOCK TABLES `district_infected` WRITE;
/*!40000 ALTER TABLE `district_infected` DISABLE KEYS */;
INSERT INTO `district_infected` VALUES (1595782800,314,221,270,162,283,136,64,54,161,82,19,28,226,15,140,131,16,115,571,261,90,26,80,321,5,48,97,297,409,443,10,65,376,51,102,196,45,173,540,1009,193,38,156,109,54,667,491,81,190,146,227,9,52,238,66,26,145,350,63,76,171,192,242,456,289,109,54,66,105,358,46,75,200,68,26,194,335,51,24,170,106,55,76,27,205,139,128,4797,109,89,50,371,74),(1595930400,319,222,273,164,283,140,66,54,165,82,19,28,226,16,141,132,16,133,576,263,91,27,80,321,5,48,97,297,411,445,10,68,376,51,102,198,45,173,542,1007,193,43,156,109,53,673,497,82,190,146,228,9,57,238,66,26,145,355,63,77,174,193,243,456,291,111,54,66,106,358,49,77,200,68,26,194,335,51,24,171,106,55,75,27,205,140,132,4858,111,88,50,371,75),(1595934000,319,222,273,164,283,139,66,54,165,82,19,28,226,16,141,132,16,133,576,263,91,27,80,321,5,48,97,297,411,445,10,67,376,51,102,198,45,173,542,1007,193,43,156,109,53,673,497,82,190,146,228,9,58,238,66,26,145,355,63,77,174,193,243,456,291,111,54,66,106,358,49,77,200,68,26,194,335,51,24,171,106,55,75,27,205,140,132,4861,111,88,50,371,75),(1595937600,319,222,273,164,283,139,66,54,165,82,19,29,226,16,141,132,16,135,580,263,91,27,80,321,5,48,97,297,411,445,10,67,376,51,102,198,45,173,542,1007,193,43,156,109,53,673,500,83,190,146,228,9,58,238,66,26,145,355,63,77,174,194,243,456,291,111,54,66,106,358,48,77,200,68,26,194,335,51,24,171,106,55,75,27,205,139,132,4863,111,88,50,371,75),(1595941200,319,222,273,164,283,140,66,54,165,82,19,29,226,16,141,132,16,135,580,263,91,27,80,321,5,48,97,297,411,445,10,67,376,51,102,198,45,173,542,1007,193,43,156,109,53,673,500,83,190,146,228,9,58,238,66,26,145,355,63,77,174,194,243,456,291,111,54,66,106,358,48,77,200,68,26,194,337,51,24,171,106,55,75,27,205,139,132,4868,111,88,50,371,75);
/*!40000 ALTER TABLE `district_infected` ENABLE KEYS */;
UNLOCK TABLES;

--
-- Table structure for table `districts`
--

DROP TABLE IF EXISTS `districts`;
/*!40101 SET @saved_cs_client     = @@character_set_client */;
/*!40101 SET character_set_client = utf8 */;
CREATE TABLE `districts` (
  `GKZ` int(11) NOT NULL,
  `Bezirk` varchar(30) NOT NULL,
  PRIMARY KEY (`GKZ`)
) ENGINE=InnoDB DEFAULT CHARSET=latin1;
/*!40101 SET character_set_client = @saved_cs_client */;

--
-- Dumping data for table `districts`
--

LOCK TABLES `districts` WRITE;
/*!40000 ALTER TABLE `districts` DISABLE KEYS */;
INSERT INTO `districts` VALUES (101,'Eisenstadt(Stadt)'),(102,'Rust(Stadt)'),(103,'Eisenstadt-Umgebung'),(104,'Güssing'),(105,'Jennersdorf'),(106,'Mattersburg'),(107,'Neusiedl am See'),(108,'Oberpullendorf'),(109,'Oberwart'),(201,'Klagenfurt Stadt'),(202,'Villach Stadt'),(203,'Hermagor'),(204,'Klagenfurt Land'),(205,'Sankt Veit an der Glan'),(206,'Spittal an der Drau'),(207,'Villach Land'),(208,'Völkermarkt'),(209,'Wolfsberg'),(210,'Feldkirchen'),(301,'Krems an der Donau(Stadt)'),(302,'Sankt Pölten(Stadt)'),(303,'Waidhofen an der Ybbs(Stadt)'),(304,'Wiener Neustadt(Stadt)'),(305,'Amstetten'),(306,'Baden'),(307,'Bruck an der Leitha'),(308,'Gänserndorf'),(309,'Gmünd'),(310,'Hollabrunn'),(311,'Horn'),(312,'Korneuburg'),(313,'Krems(Land)'),(314,'Lilienfeld'),(315,'Melk'),(316,'Mistelbach'),(317,'Mödling'),(318,'Neunkirchen'),(319,'Sankt Pölten(Land)'),(320,'Scheibbs'),(321,'Tulln'),(322,'Waidhofen an der Thaya'),(323,'Wiener Neustadt(Land)'),(325,'Zwettl'),(401,'Linz(Stadt)'),(402,'Steyr(Stadt)'),(403,'Wels(Stadt)'),(404,'Braunau am Inn'),(405,'Eferding'),(406,'Freistadt'),(407,'Gmunden'),(408,'Grieskirchen'),(409,'Kirchdorf an der Krems'),(410,'Linz-Land'),(411,'Perg'),(412,'Ried im Innkreis'),(413,'Rohrbach'),(414,'Schärding'),(415,'Steyr-Land'),(416,'Urfahr-Umgebung'),(417,'Vöcklabruck'),(418,'Wels-Land'),(501,'Salzburg(Stadt)'),(502,'Hallein'),(503,'Salzburg-Umgebung'),(504,'Sankt Johann im Pongau'),(505,'Tamsweg'),(506,'Zell am See'),(601,'Graz(Stadt)'),(603,'Deutschlandsberg'),(606,'Graz-Umgebung'),(610,'Leibnitz'),(611,'Leoben'),(612,'Liezen (inkl. Gröbming)'),(614,'Murau'),(616,'Voitsberg'),(617,'Weiz'),(620,'Murtal'),(621,'Bruck-Mürzzuschlag'),(622,'Hartberg-Fürstenfeld'),(623,'Südoststeiermark'),(701,'Innsbruck-Stadt'),(702,'Imst'),(703,'Innsbruck-Land'),(704,'Kitzbühel'),(705,'Kufstein'),(706,'Landeck'),(707,'Lienz'),(708,'Reutte'),(709,'Schwaz'),(801,'Bludenz'),(802,'Bregenz'),(803,'Dornbirn'),(804,'Feldkirch'),(900,'Wien(Stadt)');
/*!40000 ALTER TABLE `districts` ENABLE KEYS */;
UNLOCK TABLES;

--
-- Table structure for table `districts_infected`
--

DROP TABLE IF EXISTS `districts_infected`;
/*!40101 SET @saved_cs_client     = @@character_set_client */;
/*!40101 SET character_set_client = utf8 */;
CREATE TABLE `districts_infected` (
  `timestamp` int(11) NOT NULL,
  `GKZ` int(11) NOT NULL,
  `number` int(11) NOT NULL,
  UNIQUE KEY `timestamp` (`timestamp`,`GKZ`),
  KEY `FK_districts_GKZ` (`GKZ`),
  CONSTRAINT `FK_districts_GKZ` FOREIGN KEY (`GKZ`) REFERENCES `districts` (`GKZ`) ON DELETE CASCADE ON UPDATE CASCADE
) ENGINE=InnoDB DEFAULT CHARSET=latin1;
/*!40101 SET character_set_client = @saved_cs_client */;

--
-- Dumping data for table `districts_infected`
--

LOCK TABLES `districts_infected` WRITE;
/*!40000 ALTER TABLE `districts_infected` DISABLE KEYS */;
INSERT INTO `districts_infected` VALUES (1595782800,101,19),(1595782800,103,28),(1595782800,104,26),(1595782800,105,10),(1595782800,106,81),(1595782800,107,66),(1595782800,108,26),(1595782800,109,145),(1595782800,201,102),(1595782800,202,24),(1595782800,203,5),(1595782800,204,51),(1595782800,205,54),(1595782800,206,46),(1595782800,207,51),(1595782800,208,55),(1595782800,209,50),(1595782800,210,15),(1595782800,301,45),(1595782800,302,109),(1595782800,303,27),(1595782800,304,89),(1595782800,305,314),(1595782800,306,221),(1595782800,307,136),(1595782800,308,131),(1595782800,309,16),(1595782800,310,48),(1595782800,311,97),(1595782800,312,196),(1595782800,313,173),(1595782800,314,54),(1595782800,315,190),(1595782800,316,146),(1595782800,317,227),(1595782800,318,238),(1595782800,319,289),(1595782800,320,105),(1595782800,321,194),(1595782800,322,76),(1595782800,323,109),(1595782800,325,74),(1595782800,401,667),(1595782800,402,75),(1595782800,403,139),(1595782800,404,162),(1595782800,405,82),(1595782800,406,140),(1595782800,407,115),(1595782800,408,90),(1595782800,409,65),(1595782800,410,491),(1595782800,411,350),(1595782800,412,76),(1595782800,413,171),(1595782800,414,66),(1595782800,415,200),(1595782800,416,335),(1595782800,417,170),(1595782800,418,128),(1595782800,501,192),(1595782800,502,80),(1595782800,503,242),(1595782800,504,456),(1595782800,505,26),(1595782800,506,371),(1595782800,601,571),(1595782800,603,54),(1595782800,606,261),(1595782800,610,193),(1595782800,611,38),(1595782800,612,109),(1595782800,614,9),(1595782800,616,106),(1595782800,617,205),(1595782800,620,52),(1595782800,621,64),(1595782800,622,321),(1595782800,623,68),(1595782800,701,443),(1595782800,702,297),(1595782800,703,409),(1595782800,704,376),(1595782800,705,540),(1595782800,706,1009),(1595782800,707,156),(1595782800,708,63),(1595782800,709,358),(1595782800,801,270),(1595782800,802,283),(1595782800,803,161),(1595782800,804,226),(1595782800,900,4797),(1595930400,101,19),(1595930400,103,28),(1595930400,104,27),(1595930400,105,10),(1595930400,106,82),(1595930400,107,66),(1595930400,108,26),(1595930400,109,145),(1595930400,201,102),(1595930400,202,24),(1595930400,203,5),(1595930400,204,51),(1595930400,205,54),(1595930400,206,49),(1595930400,207,51),(1595930400,208,55),(1595930400,209,50),(1595930400,210,16),(1595930400,301,45),(1595930400,302,111),(1595930400,303,27),(1595930400,304,88),(1595930400,305,319),(1595930400,306,222),(1595930400,307,140),(1595930400,308,132),(1595930400,309,16),(1595930400,310,48),(1595930400,311,97),(1595930400,312,198),(1595930400,313,173),(1595930400,314,53),(1595930400,315,190),(1595930400,316,146),(1595930400,317,228),(1595930400,318,238),(1595930400,319,291),(1595930400,320,106),(1595930400,321,194),(1595930400,322,75),(1595930400,323,111),(1595930400,325,75),(1595930400,401,673),(1595930400,402,77),(1595930400,403,140),(1595930400,404,164),(1595930400,405,82),(1595930400,406,141),(1595930400,407,133),(1595930400,408,91),(1595930400,409,68),(1595930400,410,497),(1595930400,411,355),(1595930400,412,77),(1595930400,413,174),(1595930400,414,66),(1595930400,415,200),(1595930400,416,335),(1595930400,417,171),(1595930400,418,132),(1595930400,501,193),(1595930400,502,80),(1595930400,503,243),(1595930400,504,456),(1595930400,505,26),(1595930400,506,371),(1595930400,601,576),(1595930400,603,54),(1595930400,606,263),(1595930400,610,193),(1595930400,611,43),(1595930400,612,109),(1595930400,614,9),(1595930400,616,106),(1595930400,617,205),(1595930400,620,57),(1595930400,621,66),(1595930400,622,321),(1595930400,623,68),(1595930400,701,445),(1595930400,702,297),(1595930400,703,411),(1595930400,704,376),(1595930400,705,542),(1595930400,706,1007),(1595930400,707,156),(1595930400,708,63),(1595930400,709,358),(1595930400,801,273),(1595930400,802,283),(1595930400,803,165),(1595930400,804,226),(1595930400,900,4858),(1595934000,101,19),(1595934000,103,28),(1595934000,104,27),(1595934000,105,10),(1595934000,106,82),(1595934000,107,66),(1595934000,108,26),(1595934000,109,145),(1595934000,201,102),(1595934000,202,24),(1595934000,203,5),(1595934000,204,51),(1595934000,205,54),(1595934000,206,49),(1595934000,207,51),(1595934000,208,55),(1595934000,209,50),(1595934000,210,16),(1595934000,301,45),(1595934000,302,111),(1595934000,303,27),(1595934000,304,88),(1595934000,305,319),(1595934000,306,222),(1595934000,307,139),(1595934000,308,132),(1595934000,309,16),(1595934000,310,48),(1595934000,311,97),(1595934000,312,198),(1595934000,313,173),(1595934000,314,53),(1595934000,315,190),(1595934000,316,146),(1595934000,317,228),(1595934000,318,238),(1595934000,319,291),(1595934000,320,106),(1595934000,321,194),(1595934000,322,75),(1595934000,323,111),(1595934000,325,75),(1595934000,401,673),(1595934000,402,77),(1595934000,403,140),(1595934000,404,164),(1595934000,405,82),(1595934000,406,141),(1595934000,407,133),(1595934000,408,91),(1595934000,409,67),(1595934000,410,497),(1595934000,411,355),(1595934000,412,77),(1595934000,413,174),(1595934000,414,66),(1595934000,415,200),(1595934000,416,335),(1595934000,417,171),(1595934000,418,132),(1595934000,501,193),(1595934000,502,80),(1595934000,503,243),(1595934000,504,456),(1595934000,505,26),(1595934000,506,371),(1595934000,601,576),(1595934000,603,54),(1595934000,606,263),(1595934000,610,193),(1595934000,611,43),(1595934000,612,109),(1595934000,614,9),(1595934000,616,106),(1595934000,617,205),(1595934000,620,58),(1595934000,621,66),(1595934000,622,321),(1595934000,623,68),(1595934000,701,445),(1595934000,702,297),(1595934000,703,411),(1595934000,704,376),(1595934000,705,542),(1595934000,706,1007),(1595934000,707,156),(1595934000,708,63),(1595934000,709,358),(1595934000,801,273),(1595934000,802,283),(1595934000,803,165),(1595934000,804,226),(1595934000,900,4861),(1595937600,101,19),(1595937600,103,29),(1595937600,104,27),(1595937600,105,10),(1595937600,106,83),(1595937600,107,66),(1595937600,108,26),(1595937600,109,145),(1595937600,201,102),(1595937600,202,24),(1595937600,203,5),(1595937600,204,51),(1595937600,205,54),(1595937600,206,48),(1595937600,207,51),(1595937600,208,55),(1595937600,209,50),(1595937600,210,16),(1595937600,301,45),(1595937600,302,111),(1595937600,303,27),(1595937600,304,88),(1595937600,305,319),(1595937600,306,222),(1595937600,307,139),(1595937600,308,132),(1595937600,309,16),(1595937600,310,48),(1595937600,311,97),(1595937600,312,198),(1595937600,313,173),(1595937600,314,53),(1595937600,315,190),(1595937600,316,146),(1595937600,317,228),(1595937600,318,238),(1595937600,319,291),(1595937600,320,106),(1595937600,321,194),(1595937600,322,75),(1595937600,323,111),(1595937600,325,75),(1595937600,401,673),(1595937600,402,77),(1595937600,403,139),(1595937600,404,164),(1595937600,405,82),(1595937600,406,141),(1595937600,407,135),(1595937600,408,91),(1595937600,409,67),(1595937600,410,500),(1595937600,411,355),(1595937600,412,77),(1595937600,413,174),(1595937600,414,66),(1595937600,415,200),(1595937600,416,335),(1595937600,417,171),(1595937600,418,132),(1595937600,501,194),(1595937600,502,80),(1595937600,503,243),(1595937600,504,456),(1595937600,505,26),(1595937600,506,371),(1595937600,601,580),(1595937600,603,54),(1595937600,606,263),(1595937600,610,193),(1595937600,611,43),(1595937600,612,109),(1595937600,614,9),(1595937600,616,106),(1595937600,617,205),(1595937600,620,58),(1595937600,621,66),(1595937600,622,321),(1595937600,623,68),(1595937600,701,445),(1595937600,702,297),(1595937600,703,411),(1595937600,704,376),(1595937600,705,542),(1595937600,706,1007),(1595937600,707,156),(1595937600,708,63),(1595937600,709,358),(1595937600,801,273),(1595937600,802,283),(1595937600,803,165),(1595937600,804,226),(1595937600,900,4863),(1595941200,101,19),(1595941200,103,29),(1595941200,104,27),(1595941200,105,10),(1595941200,106,83),(1595941200,107,66),(1595941200,108,26),(1595941200,109,145),(1595941200,201,102),(1595941200,202,24),(1595941200,203,5),(1595941200,204,51),(1595941200,205,54),(1595941200,206,48),(1595941200,207,51),(1595941200,208,55),(1595941200,209,50),(1595941200,210,16),(1595941200,301,45),(1595941200,302,111),(1595941200,303,27),(1595941200,304,88),(1595941200,305,319),(1595941200,306,222),(1595941200,307,140),(1595941200,308,132),(1595941200,309,16),(1595941200,310,48),(1595941200,311,97),(1595941200,312,198),(1595941200,313,173),(1595941200,314,53),(1595941200,315,190),(1595941200,316,146),(1595941200,317,228),(1595941200,318,238),(1595941200,319,291),(1595941200,320,106),(1595941200,321,194),(1595941200,322,75),(1595941200,323,111),(1595941200,325,75),(1595941200,401,673),(1595941200,402,77),(1595941200,403,139),(1595941200,404,164),(1595941200,405,82),(1595941200,406,141),(1595941200,407,135),(1595941200,408,91),(1595941200,409,67),(1595941200,410,500),(1595941200,411,355),(1595941200,412,77),(1595941200,413,174),(1595941200,414,66),(1595941200,415,200),(1595941200,416,337),(1595941200,417,171),(1595941200,418,132),(1595941200,501,194),(1595941200,502,80),(1595941200,503,243),(1595941200,504,456),(1595941200,505,26),(1595941200,506,371),(1595941200,601,580),(1595941200,603,54),(1595941200,606,263),(1595941200,610,193),(1595941200,611,43),(1595941200,612,109),(1595941200,614,9),(1595941200,616,106),(1595941200,617,205),(1595941200,620,58),(1595941200,621,66),(1595941200,622,321),(1595941200,623,68),(1595941200,701,445),(1595941200,702,297),(1595941200,703,411),(1595941200,704,376),(1595941200,705,542),(1595941200,706,1007),(1595941200,707,156),(1595941200,708,63),(1595941200,709,358),(1595941200,801,273),(1595941200,802,283),(1595941200,803,165),(1595941200,804,226),(1595941200,900,4868),(1596031200,101,19),(1596031200,102,1),(1596031200,103,30),(1596031200,104,27),(1596031200,105,10),(1596031200,106,82),(1596031200,107,67),(1596031200,108,26),(1596031200,109,145),(1596031200,201,103),(1596031200,202,24),(1596031200,203,5),(1596031200,204,51),(1596031200,205,54),(1596031200,206,48),(1596031200,207,51),(1596031200,208,55),(1596031200,209,50),(1596031200,210,16),(1596031200,301,45),(1596031200,302,111),(1596031200,303,27),(1596031200,304,88),(1596031200,305,320),(1596031200,306,223),(1596031200,307,141),(1596031200,308,135),(1596031200,309,16),(1596031200,310,48),(1596031200,311,98),(1596031200,312,200),(1596031200,313,176),(1596031200,314,53),(1596031200,315,190),(1596031200,316,147),(1596031200,317,231),(1596031200,318,238),(1596031200,319,292),(1596031200,320,106),(1596031200,321,194),(1596031200,322,75),(1596031200,323,111),(1596031200,325,76),(1596031200,401,687),(1596031200,402,78),(1596031200,403,139),(1596031200,404,164),(1596031200,405,82),(1596031200,406,141),(1596031200,407,136),(1596031200,408,91),(1596031200,409,66),(1596031200,410,500),(1596031200,411,359),(1596031200,412,77),(1596031200,413,175),(1596031200,414,66),(1596031200,415,201),(1596031200,416,337),(1596031200,417,177),(1596031200,418,134),(1596031200,501,195),(1596031200,502,81),(1596031200,503,247),(1596031200,504,457),(1596031200,505,26),(1596031200,506,371),(1596031200,601,580),(1596031200,603,54),(1596031200,606,264),(1596031200,610,193),(1596031200,611,49),(1596031200,612,109),(1596031200,614,10),(1596031200,616,107),(1596031200,617,205),(1596031200,620,58),(1596031200,621,68),(1596031200,622,321),(1596031200,623,68),(1596031200,701,446),(1596031200,702,297),(1596031200,703,413),(1596031200,704,382),(1596031200,705,560),(1596031200,706,1007),(1596031200,707,156),(1596031200,708,63),(1596031200,709,360),(1596031200,801,274),(1596031200,802,285),(1596031200,803,167),(1596031200,804,227),(1596031200,900,4922),(1596034800,305,320),(1596034800,306,223),(1596034800,404,164),(1596034800,801,274),(1596034800,802,285);
/*!40000 ALTER TABLE `districts_infected` ENABLE KEYS */;
UNLOCK TABLES;

--
-- Table structure for table `infected`
--

DROP TABLE IF EXISTS `infected`;
/*!40101 SET @saved_cs_client     = @@character_set_client */;
/*!40101 SET character_set_client = utf8 */;
CREATE TABLE `infected` (
  `timestamp` int(11) NOT NULL,
  `b` int(11) NOT NULL,
  `k` int(11) NOT NULL,
  `n` int(11) NOT NULL,
  `o` int(11) NOT NULL,
  `s` int(11) NOT NULL,
  `st` int(11) NOT NULL,
  `t` int(11) NOT NULL,
  `v` int(11) NOT NULL,
  `w` int(11) NOT NULL,
  PRIMARY KEY (`timestamp`)
) ENGINE=InnoDB DEFAULT CHARSET=latin1;
/*!40101 SET character_set_client = @saved_cs_client */;

--
-- Dumping data for table `infected`
--

LOCK TABLES `infected` WRITE;
/*!40000 ALTER TABLE `infected` DISABLE KEYS */;
INSERT INTO `infected` VALUES (1595779200,398,454,3290,3496,1337,2037,3655,944,4837),(1595930400,404,456,3329,3556,1349,2050,3661,947,4900),(1595934000,404,456,3329,3556,1349,2050,3661,947,4900),(1595937600,404,456,3329,3556,1349,2050,3661,947,4900),(1595941200,404,456,3329,3556,1349,2050,3661,947,4900),(1595944800,404,456,3329,3556,1349,2050,3661,947,4900),(1595948400,404,456,3329,3556,1349,2050,3661,947,4900),(1595952000,404,456,3329,3556,1349,2050,3661,947,4900),(1595955600,404,456,3329,3556,1349,2050,3661,947,4906),(1595959200,404,456,3329,3556,1349,2050,3661,947,4908),(1595962800,404,456,3329,3556,1349,2050,3661,947,4908),(1595966400,404,456,3329,3556,1349,2050,3661,947,4908),(1595970000,404,456,3329,3556,1349,2050,3661,947,4908),(1595973600,404,456,3329,3556,1349,2050,3661,947,4908),(1595977200,404,456,3329,3556,1349,2050,3661,947,4908),(1595980800,404,456,3329,3556,1349,2050,3661,947,4908),(1595984400,404,456,3329,3556,1349,2050,3661,947,4908),(1595988000,404,456,3329,3556,1349,2050,3661,947,4908),(1595991600,404,456,3329,3556,1349,2050,3661,947,4908),(1595995200,404,456,3329,3556,1349,2050,3661,947,4908),(1595998800,404,456,3329,3556,1349,2050,3661,947,4908),(1596006000,404,456,3329,3556,1349,2050,3661,947,4908),(1596009600,407,456,3339,3585,1351,2063,3688,952,4989),(1596013200,407,456,3339,3585,1351,2063,3688,952,4989),(1596016800,407,456,3339,3585,1351,2063,3688,952,4989),(1596020400,407,456,3339,3585,1351,2063,3688,952,4989),(1596024000,407,456,3339,3586,1351,2063,3688,952,4990),(1596027600,407,456,3339,3586,1351,2063,3688,952,4990),(1596031200,407,456,3339,3586,1351,2063,3688,952,4990),(1596034800,407,456,3339,3586,1351,2063,3688,952,4990);
/*!40000 ALTER TABLE `infected` ENABLE KEYS */;
UNLOCK TABLES;

--
-- Table structure for table `recovered`
--

DROP TABLE IF EXISTS `recovered`;
/*!40101 SET @saved_cs_client     = @@character_set_client */;
/*!40101 SET character_set_client = utf8 */;
CREATE TABLE `recovered` (
  `timestamp` int(11) NOT NULL,
  `b` int(11) NOT NULL,
  `k` int(11) NOT NULL,
  `n` int(11) NOT NULL,
  `o` int(11) NOT NULL,
  `s` int(11) NOT NULL,
  `st` int(11) NOT NULL,
  `t` int(11) NOT NULL,
  `v` int(11) NOT NULL,
  `w` int(11) NOT NULL,
  PRIMARY KEY (`timestamp`)
) ENGINE=InnoDB DEFAULT CHARSET=latin1;
/*!40101 SET character_set_client = @saved_cs_client */;

--
-- Dumping data for table `recovered`
--

LOCK TABLES `recovered` WRITE;
/*!40000 ALTER TABLE `recovered` DISABLE KEYS */;
INSERT INTO `recovered` VALUES (1595779200,362,430,2936,2978,1226,1786,3500,901,4090),(1595930400,363,431,2971,3032,1232,1791,3510,902,4147),(1595934000,363,431,2971,3032,1232,1791,3510,902,4147),(1595937600,363,431,2971,3032,1232,1791,3510,902,4147),(1595941200,363,431,2971,3032,1232,1791,3510,902,4147),(1595944800,363,431,2971,3032,1232,1791,3510,902,4147),(1595948400,363,431,2971,3032,1232,1791,3510,902,4147),(1595952000,363,431,2971,3032,1232,1791,3510,902,4147),(1595955600,363,431,2971,3032,1232,1791,3510,902,4147),(1595959200,363,431,2971,3032,1232,1791,3510,902,4147),(1595962800,363,431,2971,3032,1232,1791,3510,902,4147),(1595966400,363,431,2971,3032,1232,1791,3510,902,4147),(1595970000,363,431,2971,3032,1232,1791,3510,902,4147),(1595973600,363,431,2971,3032,1232,1791,3510,902,4147),(1595977200,363,431,2971,3032,1232,1791,3510,902,4147),(1595980800,363,431,2971,3032,1232,1791,3510,902,4147),(1595984400,363,431,2971,3032,1232,1791,3510,902,4147),(1595988000,363,431,2971,3032,1232,1791,3510,902,4147),(1595991600,363,431,2971,3032,1232,1791,3510,902,4147),(1595995200,363,431,2971,3032,1232,1791,3510,902,4147),(1595998800,363,431,2971,3032,1232,1791,3510,902,4147),(1596006000,363,431,2971,3032,1232,1791,3510,902,4147),(1596009600,368,431,2981,3089,1235,1810,3519,902,4193),(1596013200,368,431,2981,3089,1235,1810,3519,902,4193),(1596016800,368,431,2981,3089,1235,1810,3519,902,4193),(1596020400,368,431,2981,3089,1235,1810,3519,902,4193),(1596024000,368,431,2981,3089,1235,1810,3519,902,4193),(1596027600,368,431,2981,3089,1235,1810,3519,902,4193),(1596031200,368,431,2981,3089,1235,1810,3519,902,4193),(1596034800,368,431,2981,3089,1235,1810,3519,902,4193);
/*!40000 ALTER TABLE `recovered` ENABLE KEYS */;
UNLOCK TABLES;

--
-- Table structure for table `total`
--

DROP TABLE IF EXISTS `total`;
/*!40101 SET @saved_cs_client     = @@character_set_client */;
/*!40101 SET character_set_client = utf8 */;
CREATE TABLE `total` (
  `timestamp` int(11) NOT NULL,
  `tested_persons` int(11) NOT NULL,
  `infected` int(11) NOT NULL,
  `recovered` int(11) NOT NULL,
  `dead` int(11) NOT NULL,
  `currently_sick` int(11) NOT NULL,
  PRIMARY KEY (`timestamp`)
) ENGINE=InnoDB DEFAULT CHARSET=latin1;
/*!40101 SET character_set_client = @saved_cs_client */;

--
-- Dumping data for table `total`
--

LOCK TABLES `total` WRITE;
/*!40000 ALTER TABLE `total` DISABLE KEYS */;
INSERT INTO `total` VALUES (1582671600,0,0,0,0,0),(1582758000,0,0,0,0,0),(1582844400,0,0,0,0,0),(1582930800,0,0,0,0,0),(1583017200,0,0,0,0,0),(1583103600,0,0,0,0,0),(1583190000,0,0,0,0,0),(1583276400,0,0,0,0,0),(1583362800,0,0,2,0,0),(1583449200,0,0,2,0,0),(1583535600,0,0,2,0,0),(1583622000,0,0,3,0,0),(1583708400,0,0,3,0,0),(1583794800,0,0,5,0,0),(1583881200,0,0,6,0,0),(1583967600,0,0,6,1,0),(1584054000,0,0,6,1,0),(1584140400,0,0,7,2,0),(1584226800,0,0,10,3,0),(1584313200,0,0,22,5,0),(1584399600,0,0,23,7,0),(1584486000,0,0,27,11,0),(1584572400,0,0,31,14,0),(1584658800,0,0,43,19,0),(1584745200,0,0,52,23,0),(1584831600,0,0,59,31,0),(1584918000,0,0,96,43,0),(1585004400,0,0,156,53,0),(1585090800,0,0,226,62,0),(1585177200,0,0,329,78,0),(1585263600,0,0,481,96,0),(1585350000,0,0,612,113,0),(1585436400,0,0,783,127,0),(1585519200,0,0,1005,147,0),(1585605600,0,0,1238,164,0),(1585692000,0,0,1453,175,0),(1585778400,0,0,1749,194,0),(1585864800,0,0,2022,211,0),(1585951200,0,0,2507,231,0),(1586037600,0,0,2998,252,0),(1586124000,0,0,3463,279,0),(1586210400,0,0,4046,305,0),(1586296800,0,0,4512,323,0),(1586383200,0,0,5240,343,0),(1586469600,0,0,6064,364,0),(1586556000,0,0,6604,379,0),(1586642400,0,0,6984,391,0),(1586728800,0,0,7343,412,0),(1586815200,0,0,7633,424,0),(1586901600,0,0,8098,439,0),(1586988000,0,0,8986,461,0),(1587074400,0,0,9704,474,0),(1587160800,0,0,10214,489,0),(1587247200,0,0,10501,504,0),(1587333600,0,0,10631,511,0),(1587420000,0,0,10971,528,0),(1587506400,0,0,11328,539,0),(1587592800,0,0,11694,543,0),(1587679200,0,0,11872,549,0),(1587765600,0,0,12103,562,0),(1587852000,0,0,12282,571,0),(1587938400,0,0,12362,574,0),(1588024800,0,0,12580,586,0),(1588111200,0,0,12779,591,0),(1588197600,0,0,12907,596,0),(1588284000,0,0,13092,599,0),(1588370400,0,0,13180,601,0),(1588456800,0,0,13238,606,0),(1588543200,0,0,13316,609,0),(1588629600,0,0,13462,612,0),(1588716000,0,0,13639,615,0),(1588802400,0,0,13698,617,0),(1588888800,0,0,13836,622,0),(1588975200,0,0,13928,624,0),(1589061600,0,0,13991,626,0),(1589148000,0,0,14061,627,0),(1589234400,0,0,14148,628,0),(1589320800,0,0,14304,629,0),(1589407200,0,0,14405,632,0),(1589493600,0,0,14471,632,0),(1589580000,0,0,14524,633,0),(1589666400,0,0,14563,634,0),(1589752800,0,0,14614,636,0),(1589839200,0,0,14678,637,0),(1589925600,0,0,14882,640,0),(1590012000,0,0,14951,642,0),(1590098400,0,0,15005,644,0),(1590184800,0,0,15037,645,0),(1590271200,0,0,15063,645,0),(1590357600,0,0,15138,646,0),(1590444000,0,0,15182,648,0),(1590530400,0,0,15228,648,0),(1590616800,0,0,15286,648,0),(1590703200,0,0,15347,649,0),(1590789600,0,0,15520,649,0),(1590876000,0,0,15593,649,0),(1590962400,0,0,15596,650,0),(1591048800,0,0,15629,650,0),(1591135200,0,0,15672,651,0),(1591221600,0,0,15717,653,0),(1591308000,0,0,15742,653,0),(1591394400,0,0,15789,653,0),(1591480800,0,0,15793,653,0),(1591567200,0,0,15839,653,0),(1591653600,0,0,15875,653,0),(1591740000,0,0,15910,655,0),(1591826400,0,0,15949,655,0),(1591912800,0,0,15985,655,0),(1591999200,0,0,16012,655,0),(1592085600,0,0,16059,658,0),(1592172000,0,0,16066,663,0),(1592258400,0,0,16089,665,0),(1592344800,0,0,16099,666,0),(1592431200,0,0,16101,666,0),(1592517600,0,0,16141,667,0),(1592604000,0,0,16175,669,0),(1592690400,0,0,16197,670,0),(1592776800,0,0,16241,671,0),(1592863200,0,0,16261,673,0),(1592949600,0,0,16282,675,0),(1593036000,0,0,16320,676,0),(1593122400,0,0,16348,676,0),(1593208800,0,0,16371,678,0),(1593295200,0,0,16401,679,0),(1593381600,0,0,16420,680,0),(1593468000,0,0,16478,680,0),(1593554400,0,0,16491,680,0),(1593640800,0,0,16514,680,0),(1593727200,0,0,16558,681,0),(1593813600,0,0,16607,681,0),(1593900000,0,0,16615,681,0),(1593986400,0,0,16647,681,0),(1594072800,0,0,16686,681,0),(1594159200,0,0,16721,681,0),(1594245600,0,0,16758,681,0),(1594332000,0,0,16808,681,0),(1594418400,0,0,16864,682,0),(1594504800,0,0,16952,683,0),(1594591200,0,0,17000,684,0),(1594677600,0,0,17073,684,0),(1594764000,0,0,17175,685,0),(1594850400,0,0,17244,685,0),(1594936800,0,0,17335,685,0),(1595023200,0,0,17501,685,0),(1595109600,0,0,17599,685,0),(1595196000,0,0,17659,686,0),(1595282400,0,0,17704,686,0),(1595368800,0,0,17849,686,0),(1595455200,0,0,17943,687,0),(1595541600,0,0,18042,687,0),(1595628000,0,0,18124,688,0),(1595714400,0,0,18209,688,0),(1595779200,847898,20482,18209,688,1551),(1595782800,847898,20486,18209,688,1551),(1595786400,847898,20487,18209,688,1551),(1595790000,847898,20498,18209,688,1551),(1595793600,847898,20508,18209,688,1551),(1595797200,847898,20509,18209,688,1551),(1595800800,847898,20510,18209,688,1551),(1595804400,847898,20510,18209,688,1551),(1595808000,847898,20510,18209,688,1551),(1595811600,847898,20510,18209,688,1551),(1595815200,847898,20510,18209,688,1551),(1595818800,847898,20510,18209,688,1551),(1595822400,847898,20510,18209,688,1551),(1595826000,847898,20511,18209,688,1551),(1595829600,847898,20510,18209,688,1551),(1595833200,847898,20512,18209,688,1551),(1595836800,853169,20515,18246,688,1599),(1595840400,853169,20519,18246,688,1599),(1595844000,853169,20525,18246,688,1599),(1595847600,853169,20531,18246,688,1599),(1595851200,853169,20533,18246,688,1599),(1595854800,853169,20542,18246,688,1599),(1595858400,853169,20550,18246,688,1599),(1595862000,853169,20568,18246,688,1599),(1595865600,853169,20579,18246,688,1599),(1595869200,853169,20591,18246,688,1599),(1595872800,853169,20595,18246,688,1599),(1595876400,853169,20601,18246,688,1599),(1595880000,853169,20603,18246,688,1599),(1595883600,853169,20614,18246,688,1599),(1595887200,853169,20617,18246,688,1599),(1595890800,853169,20619,18246,688,1599),(1595894400,853169,20620,18246,688,1599),(1595898000,853169,20625,18246,688,1599),(1595901600,853169,20625,18246,688,1599),(1595905200,853169,20625,18246,688,1599),(1595908800,853169,20626,18246,688,1599),(1595912400,853169,20630,18246,688,1599),(1595916000,853169,20632,18246,688,1599),(1595919600,853169,20636,18246,688,1599),(1595923200,861050,20639,18378,688,1583),(1595926800,861206,20642,18379,688,1585),(1595930400,861206,20658,18379,688,1585),(1595934000,861206,20660,18379,688,1585),(1595937600,861206,20672,18379,688,1585),(1595941200,861206,20680,18379,688,1585),(1595944800,861206,20682,18379,688,1585),(1595948400,861206,20691,18379,688,1585),(1595952000,861206,20699,18379,688,1585),(1595955600,861206,20732,18379,694,1585),(1595959200,861206,20741,18379,696,1585),(1595962800,861206,20755,18379,696,1585),(1595966400,861206,20763,18379,696,1585),(1595970000,861206,20782,18379,696,1585),(1595973600,861206,20782,18379,696,1585),(1595977200,861206,20785,18379,696,1585),(1595980800,861206,20785,18379,696,1585),(1595984400,861206,20785,18379,696,1585),(1595988000,861206,20785,18379,696,1585),(1595991600,861206,20785,18379,696,1585),(1595995200,861206,20785,18379,696,1585),(1595998800,861206,20786,18379,696,1585),(1596006000,861206,20798,18379,696,1585),(1596009600,870602,20797,18528,696,1606),(1596013200,870602,20811,18528,696,1606),(1596016800,870602,20814,18528,696,1606),(1596020400,870602,20821,18528,696,1606),(1596024000,870602,20822,18528,698,1606),(1596027600,870602,20831,18528,698,1606),(1596031200,870602,20837,18528,698,1606),(1596034800,870602,20846,18528,698,1606);
/*!40000 ALTER TABLE `total` ENABLE KEYS */;
UNLOCK TABLES;
/*!40103 SET TIME_ZONE=@OLD_TIME_ZONE */;

/*!40101 SET SQL_MODE=@OLD_SQL_MODE */;
/*!40014 SET FOREIGN_KEY_CHECKS=@OLD_FOREIGN_KEY_CHECKS */;
/*!40014 SET UNIQUE_CHECKS=@OLD_UNIQUE_CHECKS */;
/*!40101 SET CHARACTER_SET_CLIENT=@OLD_CHARACTER_SET_CLIENT */;
/*!40101 SET CHARACTER_SET_RESULTS=@OLD_CHARACTER_SET_RESULTS */;
/*!40101 SET COLLATION_CONNECTION=@OLD_COLLATION_CONNECTION */;
/*!40111 SET SQL_NOTES=@OLD_SQL_NOTES */;

-- Dump completed on 2020-07-29 18:00:03
