-- MySQL dump 10.13  Distrib 5.7.32, for Linux (x86_64)
--
-- Host: localhost    Database: corona
-- ------------------------------------------------------
-- Server version	5.7.32-0ubuntu0.18.04.1

/*!40101 SET @OLD_CHARACTER_SET_CLIENT=@@CHARACTER_SET_CLIENT */;
/*!40101 SET @OLD_CHARACTER_SET_RESULTS=@@CHARACTER_SET_RESULTS */;
/*!40101 SET @OLD_COLLATION_CONNECTION=@@COLLATION_CONNECTION */;
/*!40101 SET NAMES utf8 */;
/*!40103 SET @OLD_TIME_ZONE=@@TIME_ZONE */;
/*!40103 SET TIME_ZONE='+00:00' */;
/*!40014 SET @OLD_UNIQUE_CHECKS=@@UNIQUE_CHECKS, UNIQUE_CHECKS=0 */;
/*!40014 SET @OLD_FOREIGN_KEY_CHECKS=@@FOREIGN_KEY_CHECKS, FOREIGN_KEY_CHECKS=0 */;
/*!40101 SET @OLD_SQL_MODE=@@SQL_MODE, SQL_MODE='NO_AUTO_VALUE_ON_ZERO' */;
/*!40111 SET @OLD_SQL_NOTES=@@SQL_NOTES, SQL_NOTES=0 */;

--
-- Table structure for table `dead`
--

DROP TABLE IF EXISTS `dead`;
/*!40101 SET @saved_cs_client     = @@character_set_client */;
/*!40101 SET character_set_client = utf8 */;
CREATE TABLE `dead` (
  `timestamp` int(11) NOT NULL,
  `b` int(11) NOT NULL,
  `k` int(11) NOT NULL,
  `n` int(11) NOT NULL,
  `o` int(11) NOT NULL,
  `s` int(11) NOT NULL,
  `st` int(11) NOT NULL,
  `t` int(11) NOT NULL,
  `v` int(11) NOT NULL,
  `w` int(11) NOT NULL,
  PRIMARY KEY (`timestamp`)
) ENGINE=InnoDB DEFAULT CHARSET=latin1;
/*!40101 SET character_set_client = @saved_cs_client */;

--
-- Dumping data for table `dead`
--

LOCK TABLES `dead` WRITE;
/*!40000 ALTER TABLE `dead` DISABLE KEYS */;
INSERT INTO `dead` VALUES (1595779200,11,13,107,58,37,142,101,18,201),(1595970000,11,13,107,58,37,142,101,18,209),(1596056400,11,13,107,59,37,142,101,18,210),(1596142800,11,13,107,59,37,142,101,18,210),(1596229200,11,13,107,59,37,142,101,18,210),(1596315600,11,13,107,59,37,142,101,18,210),(1596402000,11,13,107,59,37,142,101,18,210),(1596488400,11,13,107,61,37,142,101,18,210),(1596574800,11,13,107,61,37,142,101,18,210),(1596661200,11,13,112,61,37,142,101,19,210),(1596747600,11,13,113,61,38,142,101,19,210),(1596834000,11,13,114,61,38,142,101,19,210),(1596920400,11,13,114,63,38,142,101,19,210),(1597006800,11,13,114,63,38,142,101,19,210),(1597093200,11,13,114,63,38,142,101,19,210),(1597179600,11,13,114,63,39,142,101,19,210),(1597266000,11,13,114,63,39,142,101,19,211),(1597352400,11,13,115,63,38,142,101,19,211),(1597438800,11,13,115,63,37,143,101,20,213),(1597525200,11,13,115,64,37,143,101,20,213),(1597611600,11,13,115,64,37,143,101,20,213),(1597698000,11,13,115,64,39,143,101,20,213),(1597784400,11,13,115,64,39,143,101,20,215),(1597870800,11,13,115,64,39,143,101,20,217),(1597957200,11,13,115,64,39,143,101,20,218),(1598043600,11,13,115,64,39,144,101,20,218),(1598130000,11,13,115,64,39,144,101,20,218),(1598216400,11,13,115,64,39,144,101,20,218),(1598302800,11,13,115,64,39,144,101,20,218),(1598389200,11,13,115,64,39,144,101,20,218),(1598475600,11,13,115,64,39,144,101,20,219),(1598562000,11,13,115,64,39,144,101,20,219),(1598648400,11,13,115,64,39,144,101,20,219),(1598734800,11,13,115,64,39,144,101,20,219),(1598821200,11,13,115,64,39,144,101,20,219),(1598907600,11,13,115,64,39,144,101,20,220),(1598994000,11,13,115,64,39,144,101,20,220),(1599080400,11,13,115,64,39,144,101,20,220),(1599166800,11,13,115,64,39,144,101,20,220),(1599253200,11,13,115,64,39,144,101,20,220),(1599339600,11,13,115,64,39,144,101,20,220),(1599426000,11,13,115,64,39,144,101,20,221),(1599512400,11,13,115,64,39,144,101,20,222),(1599598800,11,13,115,64,39,144,101,20,222),(1599685200,11,13,115,64,39,144,101,20,222),(1599771600,11,13,115,64,39,144,101,20,225),(1599858000,11,13,115,64,39,144,101,20,225),(1599944400,11,13,115,65,40,144,101,20,226),(1600030800,11,13,115,65,40,144,101,20,229),(1600117200,11,13,115,65,40,144,101,20,229),(1600203600,11,13,115,65,40,144,102,20,229),(1600290000,11,13,115,65,40,144,102,20,229),(1600376400,11,13,115,65,40,145,102,20,229),(1600462800,11,13,115,65,40,146,102,20,232),(1600549200,11,13,115,66,40,147,102,20,232),(1600635600,11,13,115,66,40,147,102,20,235),(1600722000,11,13,115,67,40,149,102,20,235),(1600808400,11,13,116,69,40,150,102,20,235),(1600894800,11,13,116,70,40,151,102,20,239),(1600981200,11,13,117,71,40,151,102,21,239),(1601067600,11,13,117,71,40,151,102,21,240),(1601154000,11,13,117,71,40,151,102,21,240),(1601240400,11,13,117,71,40,151,102,21,242),(1601326800,11,13,118,71,40,152,102,22,245),(1601413200,11,13,118,71,41,152,102,22,245),(1601499600,11,13,119,71,41,152,102,22,248),(1601586000,11,13,119,71,41,153,102,22,249),(1601672400,11,13,119,71,42,153,102,22,252),(1601758800,11,13,119,71,42,154,102,22,252),(1601845200,11,13,119,71,42,155,102,23,257),(1601931600,11,13,120,71,43,158,102,23,258),(1602018000,11,13,123,71,43,158,102,23,262),(1602072121,11,13,123,71,43,159,102,24,262),(1602158521,11,13,126,73,43,159,102,24,266),(1602244921,11,13,128,73,43,159,102,24,268),(1602331321,11,13,128,73,43,157,103,25,268),(1602417721,11,13,128,73,43,159,103,25,271),(1602504121,11,13,130,73,43,160,103,27,272),(1602590522,11,13,130,74,43,165,104,27,275),(1602676921,13,13,131,74,44,167,104,27,277),(1602763321,13,13,132,75,44,169,104,27,278),(1602849721,13,13,132,75,44,170,104,27,284),(1602936121,13,13,132,76,44,171,104,27,285),(1603022521,13,13,132,76,44,172,105,28,288),(1603108921,13,13,133,76,45,173,105,28,292),(1603195321,14,13,133,77,46,173,106,28,295),(1603281721,15,13,136,80,46,175,109,28,296),(1603368121,15,13,137,81,46,178,109,28,307),(1603456031,16,14,137,83,46,181,109,28,312),(1603540921,17,14,137,83,47,183,109,28,314),(1603630921,17,14,139,83,49,184,109,29,314),(1603717321,17,14,140,84,49,184,109,30,315),(1603803721,19,15,143,88,49,187,109,30,320),(1603890121,20,15,148,91,49,193,113,30,332),(1603976521,20,15,150,96,51,198,113,31,343),(1604062921,21,15,151,98,51,202,115,31,347),(1604149321,23,17,151,102,51,206,116,33,349),(1604235721,24,17,152,107,52,210,116,33,353),(1604408520,26,21,158,119,52,218,118,38,368);
/*!40000 ALTER TABLE `dead` ENABLE KEYS */;
UNLOCK TABLES;

--
-- Table structure for table `districts`
--

DROP TABLE IF EXISTS `districts`;
/*!40101 SET @saved_cs_client     = @@character_set_client */;
/*!40101 SET character_set_client = utf8 */;
CREATE TABLE `districts` (
  `GKZ` int(11) NOT NULL,
  `Bezirk` varchar(30) NOT NULL,
  PRIMARY KEY (`GKZ`)
) ENGINE=InnoDB DEFAULT CHARSET=latin1;
/*!40101 SET character_set_client = @saved_cs_client */;

--
-- Dumping data for table `districts`
--

LOCK TABLES `districts` WRITE;
/*!40000 ALTER TABLE `districts` DISABLE KEYS */;
INSERT INTO `districts` VALUES (101,'Eisenstadt(Stadt)'),(102,'Rust(Stadt)'),(103,'Eisenstadt-Umgebung'),(104,'Güssing'),(105,'Jennersdorf'),(106,'Mattersburg'),(107,'Neusiedl am See'),(108,'Oberpullendorf'),(109,'Oberwart'),(201,'Klagenfurt Stadt'),(202,'Villach Stadt'),(203,'Hermagor'),(204,'Klagenfurt Land'),(205,'Sankt Veit an der Glan'),(206,'Spittal an der Drau'),(207,'Villach Land'),(208,'Völkermarkt'),(209,'Wolfsberg'),(210,'Feldkirchen'),(301,'Krems an der Donau(Stadt)'),(302,'Sankt Pölten(Stadt)'),(303,'Waidhofen an der Ybbs(Stadt)'),(304,'Wiener Neustadt(Stadt)'),(305,'Amstetten'),(306,'Baden'),(307,'Bruck an der Leitha'),(308,'Gänserndorf'),(309,'Gmünd'),(310,'Hollabrunn'),(311,'Horn'),(312,'Korneuburg'),(313,'Krems(Land)'),(314,'Lilienfeld'),(315,'Melk'),(316,'Mistelbach'),(317,'Mödling'),(318,'Neunkirchen'),(319,'Sankt Pölten(Land)'),(320,'Scheibbs'),(321,'Tulln'),(322,'Waidhofen an der Thaya'),(323,'Wiener Neustadt(Land)'),(325,'Zwettl'),(401,'Linz(Stadt)'),(402,'Steyr(Stadt)'),(403,'Wels(Stadt)'),(404,'Braunau am Inn'),(405,'Eferding'),(406,'Freistadt'),(407,'Gmunden'),(408,'Grieskirchen'),(409,'Kirchdorf an der Krems'),(410,'Linz-Land'),(411,'Perg'),(412,'Ried im Innkreis'),(413,'Rohrbach'),(414,'Schärding'),(415,'Steyr-Land'),(416,'Urfahr-Umgebung'),(417,'Vöcklabruck'),(418,'Wels-Land'),(501,'Salzburg(Stadt)'),(502,'Hallein'),(503,'Salzburg-Umgebung'),(504,'Sankt Johann im Pongau'),(505,'Tamsweg'),(506,'Zell am See'),(601,'Graz(Stadt)'),(603,'Deutschlandsberg'),(606,'Graz-Umgebung'),(610,'Leibnitz'),(611,'Leoben'),(612,'Liezen (inkl. Gröbming)'),(614,'Murau'),(616,'Voitsberg'),(617,'Weiz'),(620,'Murtal'),(621,'Bruck-Mürzzuschlag'),(622,'Hartberg-Fürstenfeld'),(623,'Südoststeiermark'),(701,'Innsbruck-Stadt'),(702,'Imst'),(703,'Innsbruck-Land'),(704,'Kitzbühel'),(705,'Kufstein'),(706,'Landeck'),(707,'Lienz'),(708,'Reutte'),(709,'Schwaz'),(801,'Bludenz'),(802,'Bregenz'),(803,'Dornbirn'),(804,'Feldkirch'),(900,'Wien(Stadt)');
/*!40000 ALTER TABLE `districts` ENABLE KEYS */;
UNLOCK TABLES;

--
-- Table structure for table `districts_gkz`
--

DROP TABLE IF EXISTS `districts_gkz`;
/*!40101 SET @saved_cs_client     = @@character_set_client */;
/*!40101 SET character_set_client = utf8 */;
CREATE TABLE `districts_gkz` (
  `timestamp` int(11) NOT NULL,
  `gkz` int(11) NOT NULL,
  `einwohner` int(11) NOT NULL,
  `infected` int(11) NOT NULL,
  `dead` int(11) NOT NULL,
  `7days` int(11) NOT NULL,
  PRIMARY KEY (`timestamp`,`gkz`),
  KEY `gkz_binding` (`gkz`),
  CONSTRAINT `gkz_binding` FOREIGN KEY (`gkz`) REFERENCES `districts` (`GKZ`) ON DELETE CASCADE ON UPDATE CASCADE
) ENGINE=InnoDB DEFAULT CHARSET=latin1;
/*!40101 SET character_set_client = @saved_cs_client */;

--
-- Dumping data for table `districts_gkz`
--

LOCK TABLES `districts_gkz` WRITE;
/*!40000 ALTER TABLE `districts_gkz` DISABLE KEYS */;
INSERT INTO `districts_gkz` VALUES (1602083306,101,14637,47,0,3),(1602083306,102,1940,3,0,0),(1602083306,103,42927,125,1,15),(1602083306,104,25797,95,0,27),(1602083306,105,17066,19,0,0),(1602083306,106,39925,148,1,15),(1602083306,107,59552,240,4,59),(1602083306,108,37513,82,1,25),(1602083306,109,54076,237,4,19),(1602083306,201,100817,222,3,18),(1602083306,202,62243,116,0,14),(1602083306,203,18224,57,0,17),(1602083306,204,59800,109,2,13),(1602083306,205,54555,90,0,14),(1602083306,206,76091,83,1,3),(1602083306,207,64668,128,2,8),(1602083306,208,41878,122,4,44),(1602083306,209,52726,89,1,3),(1602083306,210,29937,37,0,1),(1602083306,301,24876,142,4,20),(1602083306,302,55044,304,4,72),(1602083306,303,11261,31,3,1),(1602083306,304,45277,269,0,26),(1602083306,305,116114,425,16,39),(1602083306,306,146203,704,6,101),(1602083306,307,102010,475,5,93),(1602083306,308,103686,484,5,71),(1602083306,309,36773,131,1,34),(1602083306,310,50858,113,0,29),(1602083306,311,31090,119,5,7),(1602083306,312,90889,466,6,62),(1602083306,313,56596,333,8,39),(1602083306,314,25812,103,5,8),(1602083306,315,77962,375,4,39),(1602083306,316,75483,358,7,49),(1602083306,317,118998,629,8,95),(1602083306,318,86291,508,8,45),(1602083306,319,131044,593,11,82),(1602083306,320,41403,167,2,6),(1602083306,321,103771,410,6,46),(1602083306,322,25888,155,2,22),(1602083306,323,77991,285,9,32),(1602083306,325,42222,193,2,22),(1602083306,401,205726,1500,19,190),(1602083306,402,38193,178,2,9),(1602083306,403,61727,406,0,46),(1602083306,404,104408,354,5,33),(1602083306,405,33156,128,6,1),(1602083306,406,66621,326,6,33),(1602083306,407,101631,346,2,73),(1602083306,408,64721,202,1,16),(1602083306,409,56866,148,2,7),(1602083306,410,150273,1025,9,106),(1602083306,411,68459,463,4,18),(1602083306,412,61204,299,0,57),(1602083306,413,56524,276,0,47),(1602083306,414,57307,142,1,18),(1602083306,415,60427,286,7,14),(1602083306,416,85505,493,6,63),(1602083306,417,136253,541,4,106),(1602083306,418,73094,326,1,28),(1602083306,501,154211,594,3,63),(1602083306,502,60374,273,1,73),(1602083306,503,152281,530,11,71),(1602083306,504,80573,614,18,34),(1602083306,505,20320,47,1,13),(1602083306,506,87462,477,9,17),(1602083306,601,288806,1331,52,84),(1602083306,603,60821,110,2,9),(1602083306,606,154260,494,36,50),(1602083306,610,82484,272,9,10),(1602083306,611,60060,117,3,24),(1602083306,612,79901,212,1,32),(1602083306,614,27659,39,0,2),(1602083306,616,51161,168,5,20),(1602083306,617,90343,299,18,14),(1602083306,620,72004,134,1,19),(1602083306,621,98984,191,5,42),(1602083306,622,90622,407,41,11),(1602083306,623,85947,99,2,5),(1602083306,701,132110,1407,6,190),(1602083306,702,60056,453,6,39),(1602083306,703,179318,1055,14,150),(1602083306,704,63881,482,11,18),(1602083306,705,109682,982,35,54),(1602083306,706,44362,1186,16,55),(1602083306,707,48753,183,6,0),(1602083306,708,32670,120,1,1),(1602083306,709,83873,741,14,80),(1602083306,801,63714,474,5,28),(1602083306,802,134383,639,10,81),(1602083306,803,89041,515,5,57),(1602083306,804,107159,582,4,133),(1602083306,900,1897491,18895,267,2796),(1602162003,101,14637,48,0,4),(1602162003,102,1940,3,0,0),(1602162003,103,42927,128,1,16),(1602162003,104,25797,97,0,18),(1602162003,105,17066,19,0,0),(1602162003,106,39925,152,1,14),(1602162003,107,59552,247,4,59),(1602162003,108,37513,87,1,26),(1602162003,109,54076,245,4,25),(1602162003,201,100817,227,3,21),(1602162003,202,62243,122,0,19),(1602162003,203,18224,57,0,13),(1602162003,204,59800,110,2,15),(1602162003,205,54555,100,0,23),(1602162003,206,76091,88,1,8),(1602162003,207,64668,128,2,7),(1602162003,208,41878,126,4,48),(1602162003,209,52726,89,1,3),(1602162003,210,29937,37,0,1),(1602162003,301,24876,143,4,16),(1602162003,302,55044,315,5,77),(1602162003,303,11261,31,3,1),(1602162003,304,45277,274,0,30),(1602162003,305,116114,437,16,47),(1602162003,306,146203,725,6,111),(1602162003,307,102010,487,5,93),(1602162003,308,103686,494,5,75),(1602162003,309,36773,136,1,36),(1602162003,310,50858,116,1,32),(1602162003,311,31090,123,5,9),(1602162003,312,90889,491,6,77),(1602162003,313,56596,344,8,46),(1602162003,314,25812,108,5,11),(1602162003,315,77962,387,4,39),(1602162003,316,75483,368,7,55),(1602162003,317,118998,656,9,112),(1602162003,318,86291,513,8,42),(1602162003,319,131044,617,11,95),(1602162003,320,41403,169,2,7),(1602162003,321,103771,427,6,61),(1602162003,322,25888,158,2,22),(1602162003,323,77991,291,9,34),(1602162003,325,42222,194,2,20),(1602162003,401,205726,1512,20,179),(1602162003,402,38193,183,2,13),(1602162003,403,61727,423,0,57),(1602162003,404,104408,367,5,33),(1602162003,405,33156,129,6,2),(1602162003,406,66621,328,6,26),(1602162003,407,101631,371,3,86),(1602162003,408,64721,204,1,15),(1602162003,409,56866,151,2,9),(1602162003,410,150273,1035,9,110),(1602162003,411,68459,470,4,23),(1602162003,412,61204,307,0,56),(1602162003,413,56524,289,0,54),(1602162003,414,57307,152,1,25),(1602162003,415,60427,289,7,16),(1602162003,416,85505,496,6,50),(1602162003,417,136253,560,4,106),(1602162003,418,73094,330,1,26),(1602162003,501,154211,612,3,76),(1602162003,502,60374,292,1,80),(1602162003,503,152281,542,11,77),(1602162003,504,80573,627,18,44),(1602162003,505,20320,47,1,12),(1602162003,506,87462,481,9,20),(1602162003,601,288806,1362,52,107),(1602162003,603,60821,113,2,10),(1602162003,606,154260,499,36,41),(1602162003,610,82484,276,9,12),(1602162003,611,60060,129,3,34),(1602162003,612,79901,215,1,29),(1602162003,614,27659,40,0,3),(1602162003,616,51161,173,5,23),(1602162003,617,90343,305,18,17),(1602162003,620,72004,134,1,17),(1602162003,621,98984,206,5,51),(1602162003,622,90622,411,41,12),(1602162003,623,85947,100,2,6),(1602162003,701,132110,1443,6,212),(1602162003,702,60056,459,6,38),(1602162003,703,179318,1079,14,160),(1602162003,704,63881,482,11,16),(1602162003,705,109682,1001,35,64),(1602162003,706,44362,1193,16,41),(1602162003,707,48753,185,6,2),(1602162003,708,32670,123,1,4),(1602162003,709,83873,760,14,87),(1602162003,801,63714,474,5,28),(1602162003,802,134383,652,10,86),(1602162003,803,89041,519,5,57),(1602162003,804,107159,591,4,133),(1602162003,900,1897491,19368,271,2903),(1602248402,101,14637,47,0,3),(1602248402,102,1940,3,0,0),(1602248402,103,42927,133,1,17),(1602248402,104,25797,97,0,17),(1602248402,105,17066,20,0,1),(1602248402,106,39925,152,1,13),(1602248402,107,59552,258,4,61),(1602248402,108,37513,88,1,26),(1602248402,109,54076,252,4,30),(1602248402,201,100817,233,3,26),(1602248402,202,62243,127,0,22),(1602248402,203,18224,53,0,9),(1602248402,204,59800,111,2,15),(1602248402,205,54555,101,0,22),(1602248402,206,76091,91,1,10),(1602248402,207,64668,130,2,6),(1602248402,208,41878,127,4,44),(1602248402,209,52726,91,1,4),(1602248402,210,29937,38,0,2),(1602248402,301,24876,143,4,12),(1602248402,302,55044,319,5,72),(1602248402,303,11261,31,3,1),(1602248402,304,45277,278,0,26),(1602248402,305,116114,442,16,48),(1602248402,306,146203,742,7,115),(1602248402,307,102010,501,5,100),(1602248402,308,103686,515,5,89),(1602248402,309,36773,140,1,29),(1602248402,310,50858,117,2,26),(1602248402,311,31090,124,5,9),(1602248402,312,90889,501,6,84),(1602248402,313,56596,344,8,44),(1602248402,314,25812,111,5,13),(1602248402,315,77962,392,5,38),(1602248402,316,75483,373,7,52),(1602248402,317,118998,669,9,112),(1602248402,318,86291,519,8,43),(1602248402,319,131044,623,11,95),(1602248402,320,41403,170,2,5),(1602248402,321,103771,438,6,60),(1602248402,322,25888,160,2,21),(1602248402,323,77991,297,9,39),(1602248402,325,42222,199,2,24),(1602248402,401,205726,1533,20,175),(1602248402,402,38193,185,2,15),(1602248402,403,61727,458,0,87),(1602248402,404,104408,371,5,36),(1602248402,405,33156,131,6,4),(1602248402,406,66621,330,6,24),(1602248402,407,101631,378,3,89),(1602248402,408,64721,225,1,34),(1602248402,409,56866,151,2,8),(1602248402,410,150273,1046,9,110),(1602248402,411,68459,473,4,24),(1602248402,412,61204,313,0,48),(1602248402,413,56524,302,0,66),(1602248402,414,57307,160,1,31),(1602248402,415,60427,291,7,17),(1602248402,416,85505,500,6,46),(1602248402,417,136253,571,4,111),(1602248402,418,73094,331,1,27),(1602248402,501,154211,627,3,85),(1602248402,502,60374,316,1,93),(1602248402,503,152281,562,11,76),(1602248402,504,80573,638,18,47),(1602248402,505,20320,50,1,15),(1602248402,506,87462,483,9,20),(1602248402,601,288806,1376,52,109),(1602248402,603,60821,115,2,12),(1602248402,606,154260,509,36,43),(1602248402,610,82484,279,9,15),(1602248402,611,60060,145,3,50),(1602248402,612,79901,224,1,31),(1602248402,614,27659,39,0,2),(1602248402,616,51161,178,5,23),(1602248402,617,90343,313,18,21),(1602248402,620,72004,135,1,20),(1602248402,621,98984,211,5,55),(1602248402,622,90622,416,41,16),(1602248402,623,85947,101,2,7),(1602248402,701,132110,1472,6,220),(1602248402,702,60056,470,6,47),(1602248402,703,179318,1097,14,156),(1602248402,704,63881,482,11,12),(1602248402,705,109682,1000,35,52),(1602248402,706,44362,1196,16,36),(1602248402,707,48753,186,6,3),(1602248402,708,32670,124,1,5),(1602248402,709,83873,781,14,103),(1602248402,801,63714,480,5,34),(1602248402,802,134383,656,10,76),(1602248402,803,89041,522,5,48),(1602248402,804,107159,608,4,129),(1602248402,900,1897491,19827,273,3048),(1602334802,101,14637,47,0,2),(1602334802,102,1940,3,0,0),(1602334802,103,42927,136,1,18),(1602334802,104,25797,100,0,16),(1602334802,105,17066,19,0,0),(1602334802,106,39925,158,1,18),(1602334802,107,59552,261,4,61),(1602334802,108,37513,90,1,21),(1602334802,109,54076,252,4,30),(1602334802,201,100817,249,3,40),(1602334802,202,62243,129,0,21),(1602334802,203,18224,58,0,7),(1602334802,204,59800,118,2,20),(1602334802,205,54555,105,0,26),(1602334802,206,76091,91,1,9),(1602334802,207,64668,132,2,7),(1602334802,208,41878,134,4,44),(1602334802,209,52726,93,1,5),(1602334802,210,29937,40,0,4),(1602334802,301,24876,145,4,10),(1602334802,302,55044,331,5,78),(1602334802,303,11261,31,3,1),(1602334802,304,45277,282,0,29),(1602334802,305,116114,445,16,34),(1602334802,306,146203,767,7,125),(1602334802,307,102010,509,5,93),(1602334802,308,103686,532,5,100),(1602334802,309,36773,145,1,27),(1602334802,310,50858,118,2,24),(1602334802,311,31090,124,5,9),(1602334802,312,90889,511,6,82),(1602334802,313,56596,351,8,46),(1602334802,314,25812,111,5,10),(1602334802,315,77962,397,5,37),(1602334802,316,75483,384,7,54),(1602334802,317,118998,706,9,139),(1602334802,318,86291,521,8,42),(1602334802,319,131044,632,11,93),(1602334802,320,41403,171,2,6),(1602334802,321,103771,447,6,67),(1602334802,322,25888,162,2,21),(1602334802,323,77991,306,9,41),(1602334802,325,42222,204,2,26),(1602334802,401,205726,1559,20,170),(1602334802,402,38193,188,2,14),(1602334802,403,61727,471,0,93),(1602334802,404,104408,383,5,45),(1602334802,405,33156,133,6,6),(1602334802,406,66621,333,6,25),(1602334802,407,101631,396,3,94),(1602334802,408,64721,226,1,35),(1602334802,409,56866,157,2,12),(1602334802,410,150273,1060,9,114),(1602334802,411,68459,476,4,25),(1602334802,412,61204,327,0,53),(1602334802,413,56524,321,0,81),(1602334802,414,57307,169,1,39),(1602334802,415,60427,297,7,21),(1602334802,416,85505,502,6,44),(1602334802,417,136253,605,4,128),(1602334802,418,73094,341,1,36),(1602334802,501,154211,639,3,83),(1602334802,502,60374,367,1,132),(1602334802,503,152281,581,11,90),(1602334802,504,80573,663,18,67),(1602334802,505,20320,51,1,13),(1602334802,506,87462,489,9,24),(1602334802,601,288806,1391,52,118),(1602334802,603,60821,116,2,13),(1602334802,606,154260,515,36,45),(1602334802,610,82484,281,9,16),(1602334802,611,60060,154,3,58),(1602334802,612,79901,228,1,30),(1602334802,614,27659,39,0,1),(1602334802,616,51161,181,5,24),(1602334802,617,90343,321,18,26),(1602334802,620,72004,138,1,22),(1602334802,621,98984,219,5,56),(1602334802,622,90622,417,41,14),(1602334802,701,132110,1474,7,182),(1602334802,702,60056,482,6,55),(1602334802,703,179318,1119,14,149),(1602334802,704,63881,484,11,11),(1602334802,705,109682,1021,35,65),(1602334802,706,44362,1198,16,29),(1602334802,707,48753,187,6,4),(1602334802,708,32670,124,1,5),(1602334802,709,83873,791,14,100),(1602334802,801,63714,488,5,34),(1602334802,802,134383,668,11,78),(1602334802,803,89041,536,5,52),(1602334802,804,107159,630,4,128),(1602334802,900,1897491,20202,273,2945),(1602421203,101,14637,49,0,4),(1602421203,102,1940,3,0,0),(1602421203,103,42927,138,1,19),(1602421203,104,25797,104,0,19),(1602421203,105,17066,19,0,0),(1602421203,106,39925,160,1,19),(1602421203,107,59552,278,4,76),(1602421203,108,37513,96,1,26),(1602421203,109,54076,266,4,43),(1602421203,201,100817,251,3,37),(1602421203,202,62243,130,0,22),(1602421203,203,18224,59,0,6),(1602421203,204,59800,119,2,21),(1602421203,205,54555,124,0,45),(1602421203,206,76091,91,1,9),(1602421203,207,64668,136,2,9),(1602421203,208,41878,146,4,44),(1602421203,209,52726,93,1,5),(1602421203,210,29937,41,0,5),(1602421203,301,24876,146,4,8),(1602421203,302,55044,336,5,71),(1602421203,303,11261,33,3,3),(1602421203,304,45277,281,0,26),(1602421203,305,116114,450,16,35),(1602421203,306,146203,783,7,129),(1602421203,307,102010,510,5,78),(1602421203,308,103686,539,5,93),(1602421203,309,36773,145,1,23),(1602421203,310,50858,120,2,16),(1602421203,311,31090,125,5,10),(1602421203,312,90889,517,6,84),(1602421203,313,56596,351,8,39),(1602421203,314,25812,111,5,10),(1602421203,315,77962,399,5,38),(1602421203,316,75483,389,7,53),(1602421203,317,118998,710,9,127),(1602421203,318,86291,524,8,40),(1602421203,319,131044,641,11,97),(1602421203,320,41403,172,2,7),(1602421203,321,103771,454,6,65),(1602421203,322,25888,162,2,19),(1602421203,323,77991,306,9,40),(1602421203,325,42222,206,2,23),(1602421203,401,205726,1575,20,137),(1602421203,402,38193,191,2,17),(1602421203,403,61727,490,0,106),(1602421203,404,104408,391,5,52),(1602421203,405,33156,134,6,6),(1602421203,406,66621,335,6,27),(1602421203,407,101631,400,3,97),(1602421203,408,64721,244,1,51),(1602421203,409,56866,157,2,12),(1602421203,410,150273,1078,9,91),(1602421203,411,68459,477,4,25),(1602421203,412,61204,335,0,61),(1602421203,413,56524,331,0,83),(1602421203,414,57307,185,1,55),(1602421203,415,60427,302,7,23),(1602421203,416,85505,513,6,54),(1602421203,417,136253,606,4,120),(1602421203,418,73094,354,1,47),(1602421203,501,154211,655,3,93),(1602421203,502,60374,388,1,145),(1602421203,503,152281,592,11,96),(1602421203,504,80573,679,18,82),(1602421203,505,20320,56,1,18),(1602421203,506,87462,491,9,22),(1602421203,601,288806,1394,52,102),(1602421203,603,60821,117,2,13),(1602421203,606,154260,519,36,45),(1602421203,610,82484,287,9,21),(1602421203,611,60060,154,3,58),(1602421203,612,79901,227,1,27),(1602421203,614,27659,39,0,1),(1602421203,616,51161,187,5,26),(1602421203,617,90343,324,18,29),(1602421203,620,72004,139,1,21),(1602421203,621,98984,219,5,55),(1602421203,622,90622,417,41,13),(1602421203,623,85947,103,2,8),(1602421203,701,132110,1521,7,212),(1602421203,702,60056,496,6,67),(1602421203,703,179318,1122,14,138),(1602421203,704,63881,486,11,10),(1602421203,705,109682,1027,35,59),(1602421203,706,44362,1206,16,36),(1602421203,707,48753,187,6,4),(1602421203,708,32670,126,1,7),(1602421203,709,83873,805,14,99),(1602421203,801,63714,492,5,32),(1602421203,802,134383,697,11,100),(1602421203,803,89041,541,5,54),(1602421203,804,107159,650,4,128),(1602421203,900,1897491,20549,276,3039),(1602507603,101,14637,49,0,4),(1602507603,102,1940,3,0,0),(1602507603,103,42927,141,1,22),(1602507603,104,25797,105,0,17),(1602507603,105,17066,19,0,0),(1602507603,106,39925,160,1,17),(1602507603,107,59552,294,4,87),(1602507603,108,37513,98,1,26),(1602507603,109,54076,270,4,44),(1602507603,201,100817,270,3,56),(1602507603,202,62243,133,0,24),(1602507603,203,18224,59,0,6),(1602507603,204,59800,123,2,23),(1602507603,205,54555,129,0,47),(1602507603,206,76091,93,1,11),(1602507603,207,64668,136,2,9),(1602507603,208,41878,149,4,42),(1602507603,209,52726,94,1,4),(1602507603,210,29937,43,0,7),(1602507603,301,24876,149,4,11),(1602507603,302,55044,348,5,73),(1602507603,303,11261,33,3,3),(1602507603,304,45277,286,0,29),(1602507603,305,116114,455,16,40),(1602507603,306,146203,802,7,126),(1602507603,307,102010,521,5,79),(1602507603,308,103686,551,5,103),(1602507603,309,36773,150,1,28),(1602507603,310,50858,120,2,14),(1602507603,311,31090,128,5,13),(1602507603,312,90889,523,6,84),(1602507603,313,56596,356,8,41),(1602507603,314,25812,112,5,10),(1602507603,315,77962,401,5,38),(1602507603,316,75483,395,7,56),(1602507603,317,118998,726,11,129),(1602507603,318,86291,534,8,42),(1602507603,319,131044,653,11,90),(1602507603,320,41403,174,2,8),(1602507603,321,103771,458,6,67),(1602507603,322,25888,163,2,17),(1602507603,323,77991,315,9,49),(1602507603,325,42222,212,2,26),(1602507603,401,205726,1588,20,139),(1602507603,402,38193,193,2,19),(1602507603,403,61727,498,0,112),(1602507603,404,104408,392,5,53),(1602507603,405,33156,135,6,7),(1602507603,406,66621,336,6,26),(1602507603,407,101631,405,3,94),(1602507603,408,64721,248,1,55),(1602507603,409,56866,159,2,13),(1602507603,410,150273,1084,9,82),(1602507603,411,68459,482,4,26),(1602507603,412,61204,340,0,63),(1602507603,413,56524,341,0,85),(1602507603,414,57307,187,1,55),(1602507603,415,60427,318,7,39),(1602507603,416,85505,525,6,48),(1602507603,417,136253,631,4,134),(1602507603,418,73094,355,1,46),(1602507603,501,154211,655,3,86),(1602507603,502,60374,393,1,143),(1602507603,503,152281,602,11,97),(1602507603,504,80573,679,18,72),(1602507603,505,20320,55,1,15),(1602507603,506,87462,496,9,24),(1602507603,601,288806,1412,52,101),(1602507603,603,60821,119,2,13),(1602507603,606,154260,529,36,49),(1602507603,610,82484,294,9,27),(1602507603,611,60060,159,3,48),(1602507603,612,79901,234,1,30),(1602507603,614,27659,39,0,1),(1602507603,616,51161,200,5,38),(1602507603,617,90343,331,18,35),(1602507603,620,72004,149,2,29),(1602507603,621,98984,227,5,59),(1602507603,622,90622,423,41,19),(1602507603,623,85947,105,2,9),(1602507603,701,132110,1574,7,223),(1602507603,702,60056,508,6,76),(1602507603,703,179318,1143,14,132),(1602507603,704,63881,487,11,9),(1602507603,705,109682,1035,35,60),(1602507603,706,44362,1214,16,37),(1602507603,707,48753,187,6,4),(1602507603,708,32670,131,1,10),(1602507603,709,83873,828,14,111),(1602507603,801,63714,500,6,38),(1602507603,802,134383,724,11,113),(1602507603,803,89041,550,6,59),(1602507603,804,107159,663,4,123),(1602507603,900,1897491,20796,277,3011),(1602594003,101,14637,49,0,3),(1602594003,102,1940,3,0,0),(1602594003,103,42927,143,1,18),(1602594003,104,25797,107,0,13),(1602594003,105,17066,19,0,0),(1602594003,106,39925,163,1,20),(1602594003,107,59552,304,4,76),(1602594003,108,37513,104,1,26),(1602594003,109,54076,284,4,53),(1602594003,201,100817,280,3,64),(1602594003,202,62243,135,0,25),(1602594003,203,18224,59,0,4),(1602594003,204,59800,135,2,33),(1602594003,205,54555,140,0,58),(1602594003,206,76091,92,1,11),(1602594003,207,64668,143,2,16),(1602594003,208,41878,149,4,33),(1602594003,209,52726,94,1,4),(1602594003,210,29937,44,0,9),(1602594003,301,24876,150,4,8),(1602594003,302,55044,359,5,74),(1602594003,303,11261,34,3,4),(1602594003,304,45277,290,0,28),(1602594003,305,116114,458,16,41),(1602594003,306,146203,812,7,135),(1602594003,307,102010,527,5,76),(1602594003,308,103686,564,5,102),(1602594003,309,36773,154,1,29),(1602594003,310,50858,121,2,14),(1602594003,311,31090,129,5,11),(1602594003,312,90889,535,6,94),(1602594003,313,56596,367,8,41),(1602594003,314,25812,114,5,12),(1602594003,315,77962,403,5,39),(1602594003,316,75483,402,7,55),(1602594003,317,118998,738,11,128),(1602594003,318,86291,539,8,46),(1602594003,319,131044,679,11,93),(1602594003,320,41403,175,2,8),(1602594003,321,103771,468,6,69),(1602594003,322,25888,168,2,20),(1602594003,323,77991,324,9,50),(1602594003,325,42222,221,2,32),(1602594003,401,205726,1604,20,129),(1602594003,402,38193,198,2,24),(1602594003,403,61727,521,0,128),(1602594003,404,104408,413,5,70),(1602594003,405,33156,135,6,7),(1602594003,406,66621,340,6,25),(1602594003,407,101631,412,3,87),(1602594003,408,64721,246,1,53),(1602594003,409,56866,161,2,13),(1602594003,410,150273,1089,10,80),(1602594003,411,68459,487,4,28),(1602594003,412,61204,357,0,72),(1602594003,413,56524,352,0,82),(1602594003,414,57307,204,1,70),(1602594003,415,60427,325,7,45),(1602594003,416,85505,529,6,48),(1602594003,417,136253,646,4,136),(1602594003,418,73094,362,1,50),(1602594003,501,154211,677,3,100),(1602594003,502,60374,455,1,191),(1602594003,503,152281,640,11,117),(1602594003,504,80573,712,18,103),(1602594003,505,20320,56,1,16),(1602594003,506,87462,502,9,27),(1602594003,601,288806,1432,52,114),(1602594003,603,60821,122,2,14),(1602594003,606,154260,538,36,53),(1602594003,610,82484,298,9,29),(1602594003,611,60060,172,3,59),(1602594003,612,79901,237,2,33),(1602594003,614,27659,41,0,3),(1602594003,616,51161,205,5,42),(1602594003,617,90343,338,18,41),(1602594003,620,72004,152,2,31),(1602594003,621,98984,234,9,61),(1602594003,622,90622,428,41,23),(1602594003,623,85947,110,2,14),(1602594003,701,132110,1621,7,238),(1602594003,702,60056,515,6,77),(1602594003,703,179318,1194,14,165),(1602594003,704,63881,495,11,17),(1602594003,705,109682,1040,35,65),(1602594003,706,44362,1220,16,41),(1602594003,707,48753,188,6,5),(1602594003,708,32670,131,1,10),(1602594003,709,83873,845,15,121),(1602594003,801,63714,506,6,41),(1602594003,802,134383,724,11,105),(1602594003,803,89041,552,6,50),(1602594003,804,107159,669,4,123),(1602594003,900,1897491,21154,280,2944),(1602680402,101,14637,49,0,3),(1602680402,102,1940,3,0,0),(1602680402,103,42927,145,3,19),(1602680402,104,25797,109,0,14),(1602680402,105,17066,19,0,0),(1602680402,106,39925,167,1,19),(1602680402,107,59552,309,4,73),(1602680402,108,37513,110,1,27),(1602680402,109,54076,292,4,54),(1602680402,201,100817,284,3,65),(1602680402,202,62243,136,0,24),(1602680402,203,18224,59,0,2),(1602680402,204,59800,138,2,34),(1602680402,205,54555,146,0,61),(1602680402,206,76091,102,1,20),(1602680402,207,64668,146,2,19),(1602680402,208,41878,150,4,28),(1602680402,209,52726,102,1,6),(1602680402,210,29937,48,0,11),(1602680402,301,24876,153,4,11),(1602680402,302,55044,370,7,71),(1602680402,303,11261,37,3,3),(1602680402,304,45277,302,0,35),(1602680402,305,116114,470,16,49),(1602680402,306,146203,826,7,134),(1602680402,307,102010,547,5,72),(1602680402,308,103686,588,5,109),(1602680402,309,36773,162,1,32),(1602680402,310,50858,130,2,17),(1602680402,311,31090,131,5,12),(1602680402,312,90889,544,6,87),(1602680402,313,56596,374,8,40),(1602680402,314,25812,119,5,14),(1602680402,315,77962,405,5,29),(1602680402,316,75483,409,7,56),(1602680402,317,118998,750,11,122),(1602680402,318,86291,551,8,49),(1602680402,319,131044,691,11,94),(1602680402,320,41403,179,2,12),(1602680402,321,103771,491,6,84),(1602680402,322,25888,173,2,19),(1602680402,323,77991,332,9,45),(1602680402,325,42222,226,2,32),(1602680402,401,205726,1636,20,133),(1602680402,402,38193,200,2,23),(1602680402,403,61727,535,0,135),(1602680402,404,104408,424,5,69),(1602680402,405,33156,144,6,16),(1602680402,406,66621,344,6,26),(1602680402,407,101631,441,3,98),(1602680402,408,64721,264,1,65),(1602680402,409,56866,162,2,14),(1602680402,410,150273,1099,10,77),(1602680402,411,68459,491,4,29),(1602680402,412,61204,370,0,72),(1602680402,413,56524,364,0,93),(1602680402,414,57307,219,1,73),(1602680402,415,60427,335,7,49),(1602680402,416,85505,539,6,54),(1602680402,417,136253,664,4,135),(1602680402,418,73094,371,1,55),(1602680402,501,154211,694,3,94),(1602680402,502,60374,486,2,213),(1602680402,503,152281,664,11,132),(1602680402,504,80573,728,18,114),(1602680402,505,20320,60,1,14),(1602680402,506,87462,510,9,32),(1602680402,601,288806,1459,53,131),(1602680402,603,60821,126,2,16),(1602680402,606,154260,549,36,58),(1602680402,610,82484,311,9,38),(1602680402,611,60060,177,3,62),(1602680402,612,79901,243,2,32),(1602680402,614,27659,42,0,4),(1602680402,616,51161,219,6,51),(1602680402,617,90343,345,18,48),(1602680402,620,72004,160,2,25),(1602680402,621,98984,245,9,54),(1602680402,622,90622,433,41,25),(1602680402,623,85947,117,2,19),(1602680402,701,132110,1679,7,247),(1602680402,702,60056,530,6,80),(1602680402,703,179318,1348,14,238),(1602680402,704,63881,501,11,20),(1602680402,705,109682,1084,35,86),(1602680402,706,44362,1243,16,48),(1602680402,707,48753,196,6,13),(1602680402,708,32670,133,1,11),(1602680402,709,83873,883,15,134),(1602680402,801,63714,515,6,48),(1602680402,802,134383,748,11,119),(1602680402,803,89041,571,6,64),(1602680402,804,107159,691,4,121),(1602680402,900,1897491,21602,282,2948),(1602766804,101,14637,53,0,6),(1602766804,102,1940,3,0,0),(1602766804,103,42927,151,3,23),(1602766804,104,25797,110,0,13),(1602766804,105,17066,20,0,1),(1602766804,106,39925,168,1,16),(1602766804,107,59552,321,4,76),(1602766804,108,37513,110,1,24),(1602766804,109,54076,302,4,59),(1602766804,201,100817,295,3,70),(1602766804,202,62243,141,0,25),(1602766804,203,18224,61,0,4),(1602766804,204,59800,138,2,30),(1602766804,205,54555,166,0,74),(1602766804,206,76091,102,1,17),(1602766804,207,64668,148,2,18),(1602766804,208,41878,155,4,28),(1602766804,209,52726,98,1,8),(1602766804,210,29937,47,0,10),(1602766804,301,24876,156,4,10),(1602766804,302,55044,380,8,74),(1602766804,303,11261,38,3,4),(1602766804,304,45277,305,0,34),(1602766804,305,116114,475,16,48),(1602766804,306,146203,856,7,144),(1602766804,307,102010,566,5,71),(1602766804,308,103686,596,5,102),(1602766804,309,36773,165,1,35),(1602766804,310,50858,131,2,17),(1602766804,311,31090,133,5,11),(1602766804,312,90889,551,6,75),(1602766804,313,56596,375,8,36),(1602766804,314,25812,120,5,10),(1602766804,315,77962,413,5,31),(1602766804,316,75483,416,7,51),(1602766804,317,118998,765,11,118),(1602766804,318,86291,557,8,45),(1602766804,319,131044,706,11,90),(1602766804,320,41403,180,2,11),(1602766804,321,103771,498,6,80),(1602766804,322,25888,176,2,18),(1602766804,323,77991,338,9,43),(1602766804,325,42222,229,2,35),(1602766804,401,205726,1676,21,168),(1602766804,402,38193,212,2,30),(1602766804,403,61727,557,0,140),(1602766804,404,104408,428,6,64),(1602766804,405,33156,150,6,22),(1602766804,406,66621,350,6,26),(1602766804,407,101631,458,3,98),(1602766804,408,64721,280,1,78),(1602766804,409,56866,163,2,15),(1602766804,410,150273,1102,10,71),(1602766804,411,68459,491,4,21),(1602766804,412,61204,396,0,90),(1602766804,413,56524,374,0,94),(1602766804,414,57307,240,1,85),(1602766804,415,60427,338,7,49),(1602766804,416,85505,542,6,48),(1602766804,417,136253,695,4,150),(1602766804,418,73094,376,1,50),(1602766804,501,154211,716,3,99),(1602766804,502,60374,532,2,245),(1602766804,503,152281,711,11,172),(1602766804,504,80573,764,18,137),(1602766804,505,20320,62,1,15),(1602766804,506,87462,523,9,44),(1602766804,601,288806,1487,54,139),(1602766804,603,60821,128,2,15),(1602766804,606,154260,561,36,64),(1602766804,610,82484,315,9,37),(1602766804,611,60060,182,3,60),(1602766804,612,79901,249,2,32),(1602766804,614,27659,43,0,4),(1602766804,616,51161,223,6,52),(1602766804,617,90343,353,18,51),(1602766804,620,72004,162,2,27),(1602766804,621,98984,245,10,49),(1602766804,622,90622,438,41,26),(1602766804,623,85947,120,2,22),(1602766804,701,132110,1709,7,244),(1602766804,702,60056,550,6,97),(1602766804,703,179318,1388,14,250),(1602766804,704,63881,502,11,20),(1602766804,705,109682,1095,35,85),(1602766804,706,44362,1253,16,52),(1602766804,707,48753,203,6,19),(1602766804,708,32670,135,1,12),(1602766804,709,83873,897,15,141),(1602766804,801,63714,526,6,56),(1602766804,802,134383,794,11,152),(1602766804,803,89041,599,6,82),(1602766804,804,107159,721,4,139),(1602766804,900,1897491,22036,283,2759),(1602853204,101,14637,51,0,4),(1602853204,102,1940,3,0,0),(1602853204,103,42927,156,3,24),(1602853204,104,25797,111,0,14),(1602853204,105,17066,22,0,3),(1602853204,106,39925,169,1,16),(1602853204,107,59552,331,4,77),(1602853204,108,37513,112,1,24),(1602853204,109,54076,305,4,55),(1602853204,201,100817,304,3,75),(1602853204,202,62243,145,0,25),(1602853204,203,18224,61,0,4),(1602853204,204,59800,138,2,27),(1602853204,205,54555,170,0,69),(1602853204,206,76091,101,1,14),(1602853204,207,64668,151,2,21),(1602853204,208,41878,160,4,33),(1602853204,209,52726,103,1,13),(1602853204,210,29937,48,0,10),(1602853204,301,24876,157,4,11),(1602853204,302,55044,390,8,74),(1602853204,303,11261,40,3,6),(1602853204,304,45277,311,0,34),(1602853204,305,116114,490,16,51),(1602853204,306,146203,864,7,132),(1602853204,307,102010,585,5,81),(1602853204,308,103686,602,5,92),(1602853204,309,36773,166,1,33),(1602853204,310,50858,133,2,17),(1602853204,311,31090,134,5,10),(1602853204,312,90889,566,6,64),(1602853204,313,56596,380,8,35),(1602853204,314,25812,124,5,11),(1602853204,315,77962,425,5,33),(1602853204,316,75483,419,7,45),(1602853204,317,118998,780,11,112),(1602853204,318,86291,569,8,53),(1602853204,319,131044,725,11,94),(1602853204,320,41403,184,2,15),(1602853204,321,103771,511,6,79),(1602853204,322,25888,183,2,23),(1602853204,323,77991,343,9,42),(1602853204,325,42222,234,2,34),(1602853204,401,205726,1707,21,176),(1602853204,402,38193,224,2,40),(1602853204,403,61727,562,0,115),(1602853204,404,104408,437,6,68),(1602853204,405,33156,163,6,31),(1602853204,406,66621,359,6,30),(1602853204,407,101631,471,3,91),(1602853204,408,64721,301,1,80),(1602853204,409,56866,170,2,19),(1602853204,410,150273,1119,10,77),(1602853204,411,68459,495,4,23),(1602853204,412,61204,411,0,98),(1602853204,413,56524,374,0,81),(1602853204,414,57307,251,1,89),(1602853204,415,60427,353,7,64),(1602853204,416,85505,552,6,53),(1602853204,417,136253,712,4,150),(1602853204,418,73094,380,1,50),(1602853204,501,154211,737,3,104),(1602853204,502,60374,590,2,275),(1602853204,503,152281,784,11,222),(1602853204,504,80573,791,18,154),(1602853204,505,20320,67,1,17),(1602853204,506,87462,538,9,54),(1602853204,601,288806,1524,54,153),(1602853204,603,60821,129,2,14),(1602853204,606,154260,576,37,70),(1602853204,610,82484,322,9,42),(1602853204,611,60060,191,3,59),(1602853204,612,79901,257,2,37),(1602853204,614,27659,42,0,3),(1602853204,616,51161,232,6,59),(1602853204,617,90343,373,18,66),(1602853204,620,72004,187,2,49),(1602853204,621,98984,249,10,41),(1602853204,622,90622,451,41,37),(1602853204,623,85947,127,2,27),(1602853204,701,132110,1795,7,302),(1602853204,702,60056,565,6,98),(1602853204,703,179318,1476,14,315),(1602853204,704,63881,507,11,25),(1602853204,705,109682,1106,35,84),(1602853204,706,44362,1261,16,55),(1602853204,707,48753,206,6,21),(1602853204,708,32670,138,1,13),(1602853204,709,83873,961,15,176),(1602853204,801,63714,551,6,74),(1602853204,802,134383,843,11,188),(1602853204,803,89041,625,6,102),(1602853204,804,107159,779,4,179),(1602853204,900,1897491,22478,289,2835),(1602939604,101,14637,51,0,4),(1602939604,102,1940,3,0,0),(1602939604,103,42927,158,3,20),(1602939604,104,25797,114,0,12),(1602939604,105,17066,27,0,8),(1602939604,106,39925,171,1,14),(1602939604,107,59552,353,4,89),(1602939604,108,37513,117,1,24),(1602939604,109,54076,309,4,50),(1602939604,201,100817,345,3,105),(1602939604,202,62243,150,0,24),(1602939604,203,18224,62,0,4),(1602939604,204,59800,140,2,21),(1602939604,205,54555,175,0,72),(1602939604,206,76091,106,1,15),(1602939604,207,64668,154,2,22),(1602939604,208,41878,160,4,27),(1602939604,209,52726,108,1,15),(1602939604,210,29937,49,0,11),(1602939604,301,24876,160,4,12),(1602939604,302,55044,404,8,76),(1602939604,303,11261,40,3,6),(1602939604,304,45277,319,0,37),(1602939604,305,116114,504,16,61),(1602939604,306,146203,876,7,113),(1602939604,307,102010,606,5,92),(1602939604,308,103686,622,5,89),(1602939604,309,36773,168,1,30),(1602939604,310,50858,136,2,19),(1602939604,311,31090,135,5,11),(1602939604,312,90889,585,6,73),(1602939604,313,56596,385,8,33),(1602939604,314,25812,125,5,12),(1602939604,315,77962,432,5,35),(1602939604,316,75483,424,7,39),(1602939604,317,118998,796,11,118),(1602939604,318,86291,583,8,62),(1602939604,319,131044,755,11,114),(1602939604,320,41403,186,2,15),(1602939604,321,103771,526,6,84),(1602939604,322,25888,186,2,23),(1602939604,323,77991,349,9,39),(1602939604,325,42222,241,2,36),(1602939604,401,205726,1747,21,186),(1602939604,402,38193,231,2,43),(1602939604,403,61727,593,0,127),(1602939604,404,104408,450,6,71),(1602939604,405,33156,167,6,34),(1602939604,406,66621,369,6,39),(1602939604,407,101631,505,3,112),(1602939604,408,64721,335,1,113),(1602939604,409,56866,176,2,20),(1602939604,410,150273,1137,10,84),(1602939604,411,68459,495,4,22),(1602939604,412,61204,419,0,100),(1602939604,413,56524,383,1,77),(1602939604,414,57307,275,1,102),(1602939604,415,60427,367,7,70),(1602939604,416,85505,567,6,64),(1602939604,417,136253,759,4,166),(1602939604,418,73094,394,1,54),(1602939604,501,154211,766,3,120),(1602939604,502,60374,641,2,282),(1602939604,503,152281,833,11,254),(1602939604,504,80573,827,18,164),(1602939604,505,20320,73,1,22),(1602939604,506,87462,551,9,61),(1602939604,601,288806,1553,55,171),(1602939604,603,60821,131,2,16),(1602939604,606,154260,585,37,71),(1602939604,610,82484,326,9,43),(1602939604,611,60060,196,3,48),(1602939604,612,79901,262,2,37),(1602939604,614,27659,42,0,3),(1602939604,616,51161,233,6,54),(1602939604,617,90343,375,18,59),(1602939604,620,72004,192,2,50),(1602939604,621,98984,251,10,35),(1602939604,622,90622,470,41,52),(1602939604,623,85947,135,2,33),(1602939604,701,132110,1807,7,293),(1602939604,702,60056,584,6,109),(1602939604,703,179318,1493,14,304),(1602939604,704,63881,510,11,26),(1602939604,705,109682,1125,35,90),(1602939604,706,44362,1273,16,62),(1602939604,707,48753,219,6,33),(1602939604,708,32670,143,1,17),(1602939604,709,83873,980,15,183),(1602939604,801,63714,558,6,71),(1602939604,802,134383,877,11,211),(1602939604,803,89041,642,6,106),(1602939604,804,107159,791,4,163),(1602939604,900,1897491,22996,290,2885),(1603026004,101,14637,52,0,5),(1603026004,102,1940,3,0,0),(1603026004,103,42927,165,3,26),(1603026004,104,25797,118,0,14),(1603026004,105,17066,28,0,9),(1603026004,106,39925,172,1,13),(1603026004,107,59552,360,4,81),(1603026004,108,37513,120,1,23),(1603026004,109,54076,316,4,49),(1603026004,201,100817,346,3,99),(1603026004,202,62243,152,0,23),(1603026004,203,18224,63,0,4),(1603026004,204,59800,142,2,22),(1603026004,205,54555,175,0,51),(1603026004,206,76091,109,1,18),(1603026004,207,64668,156,2,20),(1603026004,208,41878,167,4,32),(1603026004,209,52726,110,1,17),(1603026004,210,29937,49,0,9),(1603026004,301,24876,163,4,14),(1603026004,302,55044,406,8,68),(1603026004,303,11261,42,3,6),(1603026004,304,45277,328,0,46),(1603026004,305,116114,533,16,87),(1603026004,306,146203,896,7,121),(1603026004,307,102010,654,5,137),(1603026004,308,103686,631,5,93),(1603026004,309,36773,174,1,36),(1603026004,310,50858,138,2,19),(1603026004,311,31090,135,5,10),(1603026004,312,90889,618,6,105),(1603026004,313,56596,391,8,39),(1603026004,314,25812,134,5,21),(1603026004,315,77962,443,5,45),(1603026004,316,75483,429,7,40),(1603026004,317,118998,818,11,106),(1603026004,318,86291,585,8,61),(1603026004,319,131044,764,11,119),(1603026004,320,41403,188,2,15),(1603026004,321,103771,559,6,112),(1603026004,322,25888,193,2,30),(1603026004,323,77991,359,9,46),(1603026004,325,42222,251,2,44),(1603026004,401,205726,1763,21,189),(1603026004,402,38193,232,2,41),(1603026004,403,61727,599,0,114),(1603026004,404,104408,457,6,71),(1603026004,405,33156,175,6,39),(1603026004,406,66621,384,6,49),(1603026004,407,101631,522,3,122),(1603026004,408,64721,360,1,127),(1603026004,409,56866,181,2,24),(1603026004,410,150273,1145,10,69),(1603026004,411,68459,497,4,21),(1603026004,412,61204,427,0,92),(1603026004,413,56524,394,1,68),(1603026004,414,57307,292,1,110),(1603026004,415,60427,369,7,68),(1603026004,416,85505,575,6,65),(1603026004,417,136253,767,4,161),(1603026004,418,73094,395,1,46),(1603026004,501,154211,776,3,125),(1603026004,502,60374,666,2,288),(1603026004,503,152281,868,11,277),(1603026004,504,80573,846,18,176),(1603026004,505,20320,78,1,27),(1603026004,506,87462,576,9,86),(1603026004,601,288806,1589,55,195),(1603026004,603,60821,144,2,26),(1603026004,606,154260,609,37,87),(1603026004,610,82484,344,9,53),(1603026004,611,60060,204,3,46),(1603026004,612,79901,270,2,41),(1603026004,614,27659,44,0,5),(1603026004,616,51161,244,6,49),(1603026004,617,90343,388,18,63),(1603026004,620,72004,209,2,64),(1603026004,621,98984,257,11,35),(1603026004,622,90622,481,41,62),(1603026004,623,85947,145,2,37),(1603026004,701,132110,1869,8,314),(1603026004,702,60056,605,6,117),(1603026004,703,179318,1552,14,335),(1603026004,704,63881,512,11,26),(1603026004,705,109682,1137,35,86),(1603026004,706,44362,1288,16,69),(1603026004,707,48753,226,6,40),(1603026004,708,32670,145,1,17),(1603026004,709,83873,1007,15,195),(1603026004,801,63714,571,6,79),(1603026004,802,134383,925,12,224),(1603026004,803,89041,678,6,136),(1603026004,804,107159,844,4,197),(1603026004,900,1897491,23291,293,2830),(1603112403,101,14637,53,0,6),(1603112403,102,1940,3,0,0),(1603112403,103,42927,172,3,33),(1603112403,104,25797,118,0,13),(1603112403,105,17066,30,0,11),(1603112403,106,39925,173,1,12),(1603112403,107,59552,372,4,93),(1603112403,108,37513,124,1,26),(1603112403,109,54076,324,4,56),(1603112403,201,100817,355,3,99),(1603112403,202,62243,155,0,26),(1603112403,203,18224,65,0,6),(1603112403,204,59800,144,2,21),(1603112403,205,54555,179,0,50),(1603112403,206,76091,110,1,19),(1603112403,207,64668,164,2,28),(1603112403,208,41878,168,4,21),(1603112403,209,52726,114,1,21),(1603112403,210,29937,50,0,8),(1603112403,301,24876,169,5,20),(1603112403,302,55044,407,8,65),(1603112403,303,11261,43,3,7),(1603112403,304,45277,336,0,49),(1603112403,305,116114,549,16,96),(1603112403,306,146203,905,7,113),(1603112403,307,102010,665,5,138),(1603112403,308,103686,634,5,84),(1603112403,309,36773,180,1,34),(1603112403,310,50858,141,2,21),(1603112403,311,31090,137,5,9),(1603112403,312,90889,619,6,94),(1603112403,313,56596,399,8,44),(1603112403,314,25812,135,5,21),(1603112403,315,77962,449,5,49),(1603112403,316,75483,435,7,40),(1603112403,317,118998,838,11,112),(1603112403,318,86291,595,8,61),(1603112403,319,131044,774,11,118),(1603112403,320,41403,188,2,14),(1603112403,321,103771,572,6,116),(1603112403,322,25888,196,2,32),(1603112403,323,77991,364,9,44),(1603112403,325,42222,256,2,44),(1603112403,401,205726,1782,21,189),(1603112403,402,38193,232,2,40),(1603112403,403,61727,616,1,126),(1603112403,404,104408,458,6,64),(1603112403,405,33156,175,6,39),(1603112403,406,66621,399,6,63),(1603112403,407,101631,534,3,129),(1603112403,408,64721,362,1,122),(1603112403,409,56866,188,2,29),(1603112403,410,150273,1158,10,74),(1603112403,411,68459,503,4,24),(1603112403,412,61204,442,0,102),(1603112403,413,56524,400,1,65),(1603112403,414,57307,323,1,130),(1603112403,415,60427,370,7,65),(1603112403,416,85505,587,6,61),(1603112403,417,136253,801,4,173),(1603112403,418,73094,397,1,44),(1603112403,501,154211,784,3,121),(1603112403,502,60374,704,3,310),(1603112403,503,152281,917,11,316),(1603112403,504,80573,861,18,182),(1603112403,505,20320,83,1,28),(1603112403,506,87462,588,9,95),(1603112403,601,288806,1625,55,223),(1603112403,603,60821,144,2,26),(1603112403,606,154260,624,37,97),(1603112403,610,82484,356,9,61),(1603112403,611,60060,208,3,50),(1603112403,612,79901,274,2,45),(1603112403,614,27659,44,0,5),(1603112403,616,51161,248,6,50),(1603112403,617,90343,395,18,66),(1603112403,620,72004,212,2,64),(1603112403,621,98984,259,12,37),(1603112403,622,90622,493,42,71),(1603112403,623,85947,149,2,41),(1603112403,701,132110,1903,8,321),(1603112403,702,60056,622,6,115),(1603112403,703,179318,1596,14,338),(1603112403,704,63881,517,11,30),(1603112403,705,109682,1140,35,85),(1603112403,706,44362,1302,16,80),(1603112403,707,48753,227,6,40),(1603112403,708,32670,155,1,24),(1603112403,709,83873,1027,15,193),(1603112403,801,63714,579,6,79),(1603112403,802,134383,944,12,219),(1603112403,803,89041,700,6,143),(1603112403,804,107159,860,4,196),(1603112403,900,1897491,23485,297,2780),(1603198804,101,14637,54,0,7),(1603198804,102,1940,3,0,0),(1603198804,103,42927,183,3,41),(1603198804,104,25797,115,0,13),(1603198804,105,17066,31,0,12),(1603198804,106,39925,176,1,11),(1603198804,107,59552,383,5,79),(1603198804,108,37513,131,1,28),(1603198804,109,54076,332,4,50),(1603198804,201,100817,366,3,93),(1603198804,202,62243,158,0,27),(1603198804,203,18224,66,0,7),(1603198804,204,59800,150,2,25),(1603198804,205,54555,183,0,52),(1603198804,206,76091,111,1,17),(1603198804,207,64668,164,2,27),(1603198804,208,41878,175,4,26),(1603198804,209,52726,120,1,26),(1603198804,210,29937,51,0,7),(1603198804,301,24876,170,5,19),(1603198804,302,55044,417,8,63),(1603198804,303,11261,44,3,7),(1603198804,304,45277,347,0,58),(1603198804,305,116114,565,16,107),(1603198804,306,146203,920,7,112),(1603198804,307,102010,688,5,155),(1603198804,308,103686,655,6,96),(1603198804,309,36773,189,1,39),(1603198804,310,50858,143,2,20),(1603198804,311,31090,138,5,9),(1603198804,312,90889,639,6,102),(1603198804,313,56596,409,8,44),(1603198804,314,25812,137,5,22),(1603198804,315,77962,455,5,53),(1603198804,316,75483,439,7,37),(1603198804,317,118998,867,11,130),(1603198804,318,86291,605,8,66),(1603198804,319,131044,794,11,118),(1603198804,320,41403,192,2,17),(1603198804,321,103771,589,6,128),(1603198804,322,25888,200,2,32),(1603198804,323,77991,368,9,39),(1603198804,325,42222,261,2,40),(1603198804,401,205726,1810,22,207),(1603198804,402,38193,243,2,50),(1603198804,403,61727,645,1,143),(1603198804,404,104408,481,6,64),(1603198804,405,33156,185,6,48),(1603198804,406,66621,412,6,73),(1603198804,407,101631,551,3,139),(1603198804,408,64721,392,1,148),(1603198804,409,56866,194,2,35),(1603198804,410,150273,1162,10,78),(1603198804,411,68459,508,4,26),(1603198804,412,61204,469,0,126),(1603198804,413,56524,402,1,59),(1603198804,414,57307,350,1,145),(1603198804,415,60427,386,7,67),(1603198804,416,85505,590,6,62),(1603198804,417,136253,828,4,192),(1603198804,418,73094,422,1,59),(1603198804,501,154211,829,3,147),(1603198804,502,60374,734,3,281),(1603198804,503,152281,972,12,337),(1603198804,504,80573,913,18,206),(1603198804,505,20320,86,1,30),(1603198804,506,87462,608,9,111),(1603198804,601,288806,1708,55,281),(1603198804,603,60821,147,2,26),(1603198804,606,154260,639,37,101),(1603198804,610,82484,361,9,61),(1603198804,611,60060,221,3,52),(1603198804,612,79901,289,2,51),(1603198804,614,27659,45,0,5),(1603198804,616,51161,255,6,51),(1603198804,617,90343,403,18,66),(1603198804,620,72004,227,2,73),(1603198804,621,98984,269,12,34),(1603198804,622,90622,497,42,68),(1603198804,623,85947,157,2,46),(1603198804,701,132110,1965,9,336),(1603198804,702,60056,636,6,119),(1603198804,703,179318,1652,14,343),(1603198804,704,63881,523,11,35),(1603198804,705,109682,1145,35,86),(1603198804,706,44362,1323,16,93),(1603198804,707,48753,236,6,48),(1603198804,708,32670,157,1,26),(1603198804,709,83873,1075,15,216),(1603198804,801,63714,593,6,82),(1603198804,802,134383,970,12,223),(1603198804,803,89041,720,6,154),(1603198804,804,107159,885,4,208),(1603198804,900,1897491,23961,300,2933),(1603285203,101,14637,55,0,7),(1603285203,102,1940,3,0,0),(1603285203,103,42927,190,4,45),(1603285203,104,25797,119,0,13),(1603285203,105,17066,32,0,13),(1603285203,106,39925,184,1,16),(1603285203,107,59552,387,5,80),(1603285203,108,37513,136,1,29),(1603285203,109,54076,336,4,47),(1603285203,201,100817,388,3,106),(1603285203,202,62243,162,0,28),(1603285203,203,18224,68,0,9),(1603285203,204,59800,158,2,22),(1603285203,205,54555,192,0,50),(1603285203,206,76091,112,1,14),(1603285203,207,64668,164,2,19),(1603285203,208,41878,177,4,27),(1603285203,209,52726,126,1,32),(1603285203,210,29937,56,0,11),(1603285203,301,24876,185,5,31),(1603285203,302,55044,427,8,62),(1603285203,303,11261,51,3,14),(1603285203,304,45277,358,0,59),(1603285203,305,116114,586,16,120),(1603285203,306,146203,951,7,128),(1603285203,307,102010,717,5,169),(1603285203,308,103686,674,6,96),(1603285203,309,36773,203,1,49),(1603285203,310,50858,151,2,23),(1603285203,311,31090,140,5,11),(1603285203,312,90889,657,6,115),(1603285203,313,56596,428,8,57),(1603285203,314,25812,151,5,32),(1603285203,315,77962,471,5,66),(1603285203,316,75483,446,7,38),(1603285203,317,118998,889,13,137),(1603285203,318,86291,618,9,69),(1603285203,319,131044,840,11,152),(1603285203,320,41403,196,2,17),(1603285203,321,103771,623,6,138),(1603285203,322,25888,212,2,40),(1603285203,323,77991,376,9,43),(1603285203,325,42222,273,2,48),(1603285203,401,205726,1860,23,228),(1603285203,402,38193,253,2,55),(1603285203,403,61727,667,1,140),(1603285203,404,104408,502,6,78),(1603285203,405,33156,198,6,53),(1603285203,406,66621,430,6,86),(1603285203,407,101631,590,3,157),(1603285203,408,64721,419,1,160),(1603285203,409,56866,200,2,38),(1603285203,410,150273,1189,11,93),(1603285203,411,68459,518,4,27),(1603285203,412,61204,512,1,149),(1603285203,413,56524,416,1,57),(1603285203,414,57307,372,1,160),(1603285203,415,60427,400,7,75),(1603285203,416,85505,604,6,66),(1603285203,417,136253,891,4,234),(1603285203,418,73094,431,1,66),(1603285203,501,154211,869,3,180),(1603285203,502,60374,768,3,283),(1603285203,503,152281,1020,12,361),(1603285203,504,80573,945,18,219),(1603285203,505,20320,87,1,30),(1603285203,506,87462,643,9,135),(1603285203,601,288806,1759,55,303),(1603285203,603,60821,153,2,30),(1603285203,606,154260,663,38,114),(1603285203,610,82484,370,9,59),(1603285203,611,60060,234,3,57),(1603285203,612,79901,309,2,69),(1603285203,614,27659,45,0,4),(1603285203,616,51161,270,6,53),(1603285203,617,90343,406,18,63),(1603285203,620,72004,243,2,83),(1603285203,621,98984,284,13,42),(1603285203,622,90622,504,42,71),(1603285203,623,85947,168,2,49),(1603285203,701,132110,2051,11,373),(1603285203,702,60056,652,6,126),(1603285203,703,179318,1705,14,356),(1603285203,704,63881,535,11,37),(1603285203,705,109682,1158,35,80),(1603285203,706,44362,1342,17,104),(1603285203,707,48753,225,6,34),(1603285203,708,32670,158,1,23),(1603285203,709,83873,1124,15,230),(1603285203,801,63714,603,6,89),(1603285203,802,134383,1017,12,268),(1603285203,803,89041,760,6,188),(1603285203,804,107159,931,4,243),(1603285203,900,1897491,24648,301,3213),(1603371604,101,14637,60,0,10),(1603371604,102,1940,3,0,0),(1603371604,103,42927,195,4,46),(1603371604,104,25797,124,0,17),(1603371604,105,17066,32,0,12),(1603371604,106,39925,192,1,24),(1603371604,107,59552,401,5,81),(1603371604,108,37513,142,1,32),(1603371604,109,54076,340,4,46),(1603371604,201,100817,405,3,115),(1603371604,202,62243,181,0,42),(1603371604,203,18224,71,0,10),(1603371604,204,59800,171,2,33),(1603371604,205,54555,195,0,39),(1603371604,206,76091,117,1,17),(1603371604,207,64668,168,2,22),(1603371604,208,41878,190,4,39),(1603371604,209,52726,134,1,37),(1603371604,210,29937,56,0,9),(1603371604,301,24876,192,5,37),(1603371604,302,55044,444,9,65),(1603371604,303,11261,55,3,18),(1603371604,304,45277,378,0,74),(1603371604,305,116114,633,16,160),(1603371604,306,146203,995,7,145),(1603371604,307,102010,727,5,162),(1603371604,308,103686,692,6,103),(1603371604,309,36773,214,1,53),(1603371604,310,50858,161,2,30),(1603371604,311,31090,141,5,9),(1603371604,312,90889,688,6,142),(1603371604,313,56596,438,8,62),(1603371604,314,25812,164,5,44),(1603371604,315,77962,478,5,65),(1603371604,316,75483,449,7,33),(1603371604,317,118998,938,13,171),(1603371604,318,86291,635,9,79),(1603371604,319,131044,871,11,165),(1603371604,320,41403,199,2,19),(1603371604,321,103771,669,6,173),(1603371604,322,25888,215,2,40),(1603371604,323,77991,396,9,58),(1603371604,325,42222,277,2,48),(1603371604,401,205726,1914,23,248),(1603371604,402,38193,271,2,68),(1603371604,403,61727,697,1,146),(1603371604,404,104408,506,7,79),(1603371604,405,33156,206,6,55),(1603371604,406,66621,451,6,104),(1603371604,407,101631,601,3,151),(1603371604,408,64721,452,1,176),(1603371604,409,56866,209,2,46),(1603371604,410,150273,1240,11,140),(1603371604,411,68459,533,4,42),(1603371604,412,61204,524,1,135),(1603371604,413,56524,458,1,87),(1603371604,414,57307,374,1,150),(1603371604,415,60427,414,7,79),(1603371604,416,85505,628,6,89),(1603371604,417,136253,904,4,213),(1603371604,418,73094,466,1,93),(1603371604,501,154211,924,3,221),(1603371604,502,60374,814,3,296),(1603371604,503,152281,1079,12,399),(1603371604,504,80573,999,18,250),(1603371604,505,20320,103,1,42),(1603371604,506,87462,665,9,151),(1603371604,601,288806,1816,56,335),(1603371604,603,60821,171,2,45),(1603371604,606,154260,696,40,134),(1603371604,610,82484,386,9,73),(1603371604,611,60060,251,3,71),(1603371604,612,79901,318,2,74),(1603371604,614,27659,46,0,4),(1603371604,616,51161,282,6,60),(1603371604,617,90343,414,18,64),(1603371604,620,72004,252,2,90),(1603371604,621,98984,298,13,53),(1603371604,622,90622,521,43,84),(1603371604,623,85947,185,2,61),(1603371604,701,132110,2116,11,364),(1603371604,702,60056,689,6,147),(1603371604,703,179318,1767,14,385),(1603371604,704,63881,547,11,45),(1603371604,705,109682,1220,35,126),(1603371604,706,44362,1361,17,112),(1603371604,707,48753,238,6,36),(1603371604,708,32670,167,1,30),(1603371604,709,83873,1176,15,247),(1603371604,801,63714,632,6,106),(1603371604,802,134383,1053,12,275),(1603371604,803,89041,795,6,200),(1603371604,804,107159,970,4,253),(1603371604,900,1897491,25314,312,3396),(1603458004,101,14637,61,0,11),(1603458004,102,1940,3,0,0),(1603458004,103,42927,207,4,53),(1603458004,104,25797,129,0,21),(1603458004,105,17066,34,0,12),(1603458004,106,39925,214,1,45),(1603458004,107,59552,408,7,74),(1603458004,108,37513,163,1,52),(1603458004,109,54076,360,4,56),(1603458004,201,100817,445,3,146),(1603458004,202,62243,193,0,50),(1603458004,203,18224,75,0,14),(1603458004,204,59800,177,2,38),(1603458004,205,54555,199,0,31),(1603458004,206,76091,125,1,24),(1603458004,207,64668,179,3,30),(1603458004,208,41878,197,4,43),(1603458004,209,52726,149,1,52),(1603458004,210,29937,60,0,12),(1603458004,301,24876,199,5,42),(1603458004,302,55044,461,9,73),(1603458004,303,11261,60,3,22),(1603458004,304,45277,402,0,91),(1603458004,305,116114,672,16,185),(1603458004,306,146203,1049,7,190),(1603458004,307,102010,761,5,178),(1603458004,308,103686,712,7,114),(1603458004,309,36773,225,1,60),(1603458004,310,50858,166,2,33),(1603458004,311,31090,147,5,13),(1603458004,312,90889,718,6,156),(1603458004,313,56596,454,8,73),(1603458004,314,25812,178,5,54),(1603458004,315,77962,494,5,70),(1603458004,316,75483,456,7,37),(1603458004,317,118998,982,13,201),(1603458004,318,86291,654,9,86),(1603458004,319,131044,910,11,187),(1603458004,320,41403,213,2,28),(1603458004,321,103771,703,6,192),(1603458004,322,25888,223,2,42),(1603458004,323,77991,419,9,75),(1603458004,325,42222,288,2,54),(1603458004,401,205726,2007,24,305),(1603458004,402,38193,290,2,76),(1603458004,403,61727,733,1,171),(1603458004,404,104408,538,7,102),(1603458004,405,33156,230,6,66),(1603458004,406,66621,483,6,125),(1603458004,407,101631,649,3,180),(1603458004,408,64721,508,1,208),(1603458004,409,56866,210,3,43),(1603458004,410,150273,1292,11,176),(1603458004,411,68459,546,4,54),(1603458004,412,61204,567,1,164),(1603458004,413,56524,466,1,93),(1603458004,414,57307,437,1,193),(1603458004,415,60427,437,7,87),(1603458004,416,85505,643,6,94),(1603458004,417,136253,952,4,242),(1603458004,418,73094,496,1,116),(1603458004,501,154211,992,3,262),(1603458004,502,60374,860,3,278),(1603458004,503,152281,1161,12,410),(1603458004,504,80573,1048,18,266),(1603458004,505,20320,109,1,42),(1603458004,506,87462,692,9,155),(1603458004,601,288806,1898,56,387),(1603458004,603,60821,184,3,57),(1603458004,606,154260,745,41,172),(1603458004,610,82484,422,9,102),(1603458004,611,60060,275,3,89),(1603458004,612,79901,351,2,99),(1603458004,614,27659,49,0,7),(1603458004,616,51161,300,6,72),(1603458004,617,90343,438,18,68),(1603458004,620,72004,263,2,85),(1603458004,621,98984,322,14,74),(1603458004,622,90622,544,43,96),(1603458004,623,85947,197,2,72),(1603458004,701,132110,2247,11,452),(1603458004,702,60056,703,6,148),(1603458004,703,179318,1859,14,372),(1603458004,704,63881,560,11,54),(1603458004,705,109682,1278,36,177),(1603458004,706,44362,1365,17,104),(1603458004,707,48753,255,6,51),(1603458004,708,32670,171,1,34),(1603458004,709,83873,1271,15,293),(1603458004,801,63714,650,6,108),(1603458004,802,134383,1104,12,273),(1603458004,803,89041,858,6,240),(1603458004,804,107159,1021,4,257),(1603458004,900,1897491,26181,317,3988),(1603544404,101,14637,68,0,18),(1603544404,102,1940,4,0,1),(1603544404,103,42927,223,4,66),(1603544404,104,25797,132,0,21),(1603544404,105,17066,38,0,13),(1603544404,106,39925,219,1,48),(1603544404,107,59552,416,7,58),(1603544404,108,37513,177,1,62),(1603544404,109,54076,377,5,69),(1603544404,201,100817,464,3,154),(1603544404,202,62243,199,0,54),(1603544404,203,18224,83,0,22),(1603544404,204,59800,182,2,42),(1603544404,205,54555,206,0,36),(1603544404,206,76091,129,1,26),(1603544404,207,64668,183,3,29),(1603544404,208,41878,205,4,46),(1603544404,209,52726,156,1,52),(1603544404,210,29937,62,0,14),(1603544404,301,24876,205,5,45),(1603544404,302,55044,475,9,73),(1603544404,303,11261,61,3,21),(1603544404,304,45277,438,0,120),(1603544404,305,116114,713,16,210),(1603544404,306,146203,1079,7,208),(1603544404,307,102010,775,5,170),(1603544404,308,103686,732,7,113),(1603544404,309,36773,243,1,75),(1603544404,310,50858,175,2,40),(1603544404,311,31090,151,5,16),(1603544404,312,90889,750,6,169),(1603544404,313,56596,464,8,78),(1603544404,314,25812,191,5,66),(1603544404,315,77962,507,5,75),(1603544404,316,75483,466,7,43),(1603544404,317,118998,1007,13,207),(1603544404,318,86291,663,9,80),(1603544404,319,131044,938,11,189),(1603544404,320,41403,218,2,32),(1603544404,321,103771,735,6,207),(1603544404,322,25888,234,2,50),(1603544404,323,77991,440,9,89),(1603544404,325,42222,302,2,60),(1603544404,401,205726,2083,24,342),(1603544404,402,38193,311,2,86),(1603544404,403,61727,754,1,183),(1603544404,404,104408,547,7,98),(1603544404,405,33156,265,6,100),(1603544404,406,66621,507,6,144),(1603544404,407,101631,698,3,196),(1603544404,408,64721,541,1,226),(1603544404,409,56866,232,3,62),(1603544404,410,150273,1332,11,200),(1603544404,411,68459,570,4,75),(1603544404,412,61204,623,1,209),(1603544404,413,56524,504,1,130),(1603544404,414,57307,446,1,180),(1603544404,415,60427,449,7,96),(1603544404,416,85505,662,6,100),(1603544404,417,136253,1023,4,287),(1603544404,418,73094,505,1,123),(1603544404,501,154211,1034,4,291),(1603544404,502,60374,900,3,296),(1603544404,503,152281,1241,12,446),(1603544404,504,80573,1081,18,286),(1603544404,505,20320,112,1,40),(1603544404,506,87462,721,9,179),(1603544404,601,288806,1978,56,425),(1603544404,603,60821,199,3,70),(1603544404,606,154260,799,41,216),(1603544404,610,82484,443,9,116),(1603544404,611,60060,294,3,100),(1603544404,612,79901,389,2,129),(1603544404,614,27659,50,0,8),(1603544404,616,51161,314,7,81),(1603544404,617,90343,454,18,80),(1603544404,620,72004,273,2,86),(1603544404,621,98984,342,14,94),(1603544404,622,90622,564,44,98),(1603544404,623,85947,216,2,84),(1603544404,701,132110,2314,11,468),(1603544404,702,60056,740,6,154),(1603544404,703,179318,1945,14,404),(1603544404,704,63881,577,11,67),(1603544404,705,109682,1322,36,206),(1603544404,706,44362,1374,17,107),(1603544404,707,48753,279,6,74),(1603544404,708,32670,181,1,43),(1603544404,709,83873,1355,15,341),(1603544404,801,63714,676,6,123),(1603544404,802,134383,1182,12,313),(1603544404,803,89041,930,6,290),(1603544404,804,107159,1074,4,284),(1603544404,900,1897491,26880,319,4002),(1603634404,101,14637,75,0,24),(1603634404,102,1940,4,0,1),(1603634404,103,42927,231,4,66),(1603634404,104,25797,137,0,23),(1603634404,105,17066,44,0,16),(1603634404,106,39925,229,1,57),(1603634404,107,59552,418,7,53),(1603634404,108,37513,187,1,67),(1603634404,109,54076,403,5,86),(1603634404,201,100817,472,3,126),(1603634404,202,62243,200,0,50),(1603634404,203,18224,84,0,22),(1603634404,204,59800,182,2,41),(1603634404,205,54555,209,0,35),(1603634404,206,76091,133,1,25),(1603634404,207,64668,184,3,27),(1603634404,208,41878,209,4,49),(1603634404,209,52726,158,1,52),(1603634404,210,29937,61,0,13),(1603634404,301,24876,205,5,44),(1603634404,302,55044,482,9,77),(1603634404,303,11261,61,3,19),(1603634404,304,45277,458,0,130),(1603634404,305,116114,756,17,227),(1603634404,306,146203,1133,7,246),(1603634404,307,102010,807,5,183),(1603634404,308,103686,755,7,130),(1603634404,309,36773,253,1,79),(1603634404,310,50858,179,2,41),(1603634404,311,31090,151,5,15),(1603634404,312,90889,790,6,183),(1603634404,313,56596,474,8,81),(1603634404,314,25812,203,5,77),(1603634404,315,77962,522,6,79),(1603634404,316,75483,477,7,49),(1603634404,317,118998,1035,13,215),(1603634404,318,86291,684,9,98),(1603634404,319,131044,972,11,212),(1603634404,320,41403,225,2,37),(1603634404,321,103771,767,6,212),(1603634404,322,25888,244,2,53),(1603634404,323,77991,469,9,111),(1603634404,325,42222,313,2,61),(1603634404,401,205726,2147,24,385),(1603634404,402,38193,311,2,79),(1603634404,403,61727,786,1,188),(1603634404,404,104408,561,7,107),(1603634404,405,33156,269,6,98),(1603634404,406,66621,558,6,174),(1603634404,407,101631,766,3,256),(1603634404,408,64721,567,1,218),(1603634404,409,56866,246,3,70),(1603634404,410,150273,1371,11,227),(1603634404,411,68459,597,4,100),(1603634404,412,61204,657,1,234),(1603634404,413,56524,571,1,181),(1603634404,414,57307,462,1,175),(1603634404,415,60427,470,7,102),(1603634404,416,85505,698,6,123),(1603634404,417,136253,1096,4,331),(1603634404,418,73094,545,1,151),(1603634404,501,154211,1063,4,298),(1603634404,502,60374,924,4,276),(1603634404,503,152281,1292,13,449),(1603634404,504,80573,1129,18,294),(1603634404,505,20320,116,1,42),(1603634404,506,87462,749,9,192),(1603634404,601,288806,2051,56,473),(1603634404,603,60821,209,3,67),(1603634404,606,154260,825,41,233),(1603634404,610,82484,476,9,136),(1603634404,611,60060,319,3,122),(1603634404,612,79901,406,2,144),(1603634404,614,27659,52,0,9),(1603634404,616,51161,333,7,94),(1603634404,617,90343,476,18,92),(1603634404,620,72004,281,2,87),(1603634404,621,98984,367,15,113),(1603634404,622,90622,592,44,114),(1603634404,623,85947,237,2,97),(1603634404,701,132110,2384,11,503),(1603634404,702,60056,750,6,143),(1603634404,703,179318,2042,14,471),(1603634404,704,63881,584,11,70),(1603634404,705,109682,1365,36,228),(1603634404,706,44362,1380,17,92),(1603634404,707,48753,268,6,51),(1603634404,708,32670,184,1,40),(1603634404,709,83873,1417,15,390),(1603634404,801,63714,696,6,128),(1603634404,802,134383,1231,12,313),(1603634404,803,89041,1014,6,353),(1603634404,804,107159,1130,5,308),(1603634404,900,1897491,27481,319,4322),(1603720804,101,14637,72,0,21),(1603720804,102,1940,4,0,1),(1603720804,103,42927,247,4,80),(1603720804,104,25797,142,0,27),(1603720804,105,17066,49,0,20),(1603720804,106,39925,238,1,65),(1603720804,107,59552,422,7,51),(1603720804,108,37513,206,1,81),(1603720804,109,54076,420,5,99),(1603720804,201,100817,499,3,148),(1603720804,202,62243,203,0,49),(1603720804,203,18224,85,0,20),(1603720804,204,59800,197,2,52),(1603720804,205,54555,215,0,40),(1603720804,206,76091,136,1,26),(1603720804,207,64668,199,3,35),(1603720804,208,41878,212,4,46),(1603720804,209,52726,164,1,53),(1603720804,210,29937,72,0,22),(1603720804,301,24876,210,5,44),(1603720804,302,55044,496,9,89),(1603720804,303,11261,64,3,21),(1603720804,304,45277,473,0,140),(1603720804,305,116114,798,17,253),(1603720804,306,146203,1151,7,252),(1603720804,307,102010,822,5,157),(1603720804,308,103686,765,7,133),(1603720804,309,36773,272,1,93),(1603720804,310,50858,188,2,48),(1603720804,311,31090,156,5,19),(1603720804,312,90889,823,6,205),(1603720804,313,56596,497,9,96),(1603720804,314,25812,218,5,82),(1603720804,315,77962,542,6,92),(1603720804,316,75483,485,7,51),(1603720804,317,118998,1063,13,221),(1603720804,318,86291,694,9,100),(1603720804,319,131044,989,11,221),(1603720804,320,41403,231,2,43),(1603720804,321,103771,801,6,231),(1603720804,322,25888,252,2,58),(1603720804,323,77991,486,9,126),(1603720804,325,42222,321,2,64),(1603720804,401,205726,2215,24,446),(1603720804,402,38193,320,2,88),(1603720804,403,61727,817,1,218),(1603720804,404,104408,585,7,128),(1603720804,405,33156,307,6,130),(1603720804,406,66621,602,6,202),(1603720804,407,101631,801,3,276),(1603720804,408,64721,626,1,267),(1603720804,409,56866,248,3,67),(1603720804,410,150273,1432,11,279),(1603720804,411,68459,626,4,124),(1603720804,412,61204,697,1,265),(1603720804,413,56524,625,1,226),(1603720804,414,57307,500,1,182),(1603720804,415,60427,510,8,140),(1603720804,416,85505,747,6,160),(1603720804,417,136253,1146,4,345),(1603720804,418,73094,561,1,165),(1603720804,501,154211,1122,4,340),(1603720804,502,60374,948,4,257),(1603720804,503,152281,1360,13,477),(1603720804,504,80573,1212,18,365),(1603720804,505,20320,126,1,47),(1603720804,506,87462,779,9,200),(1603720804,601,288806,2093,56,476),(1603720804,603,60821,219,3,75),(1603720804,606,154260,850,41,237),(1603720804,610,82484,495,9,138),(1603720804,611,60060,330,3,125),(1603720804,612,79901,441,2,167),(1603720804,614,27659,52,0,8),(1603720804,616,51161,341,7,94),(1603720804,617,90343,483,18,87),(1603720804,620,72004,292,2,81),(1603720804,621,98984,393,15,135),(1603720804,622,90622,597,44,104),(1603720804,623,85947,251,2,104),(1603720804,701,132110,2446,11,556),(1603720804,702,60056,766,6,145),(1603720804,703,179318,2089,14,494),(1603720804,704,63881,599,11,79),(1603720804,705,109682,1430,36,293),(1603720804,706,44362,1399,17,98),(1603720804,707,48753,296,6,76),(1603720804,708,32670,184,1,30),(1603720804,709,83873,1462,15,423),(1603720804,801,63714,707,6,127),(1603720804,802,134383,1272,13,327),(1603720804,803,89041,1043,6,344),(1603720804,804,107159,1158,5,297),(1603720804,900,1897491,27869,320,4456),(1603807203,101,14637,73,0,20),(1603807203,102,1940,5,0,2),(1603807203,103,42927,274,4,93),(1603807203,104,25797,143,0,28),(1603807203,105,17066,61,0,30),(1603807203,106,39925,250,1,77),(1603807203,107,59552,438,8,55),(1603807203,108,37513,227,1,98),(1603807203,109,54076,472,6,143),(1603807203,201,100817,523,4,161),(1603807203,202,62243,212,0,55),(1603807203,203,18224,86,0,20),(1603807203,204,59800,207,2,60),(1603807203,205,54555,232,0,52),(1603807203,206,76091,139,1,28),(1603807203,207,64668,207,3,42),(1603807203,208,41878,222,4,53),(1603807203,209,52726,184,1,67),(1603807203,210,29937,86,0,35),(1603807203,301,24876,214,6,45),(1603807203,302,55044,504,9,86),(1603807203,303,11261,64,3,20),(1603807203,304,45277,482,0,138),(1603807203,305,116114,818,18,261),(1603807203,306,146203,1186,7,270),(1603807203,307,102010,851,5,168),(1603807203,308,103686,782,7,127),(1603807203,309,36773,279,1,96),(1603807203,310,50858,197,2,55),(1603807203,311,31090,156,5,18),(1603807203,312,90889,844,6,211),(1603807203,313,56596,516,9,104),(1603807203,314,25812,228,5,91),(1603807203,315,77962,548,6,94),(1603807203,316,75483,495,7,56),(1603807203,317,118998,1090,13,227),(1603807203,318,86291,699,10,96),(1603807203,319,131044,1015,11,224),(1603807203,320,41403,232,2,40),(1603807203,321,103771,822,6,231),(1603807203,322,25888,258,2,61),(1603807203,323,77991,508,9,141),(1603807203,325,42222,331,2,71),(1603807203,401,205726,2237,27,444),(1603807203,402,38193,330,2,96),(1603807203,403,61727,836,1,203),(1603807203,404,104408,589,7,114),(1603807203,405,33156,319,6,138),(1603807203,406,66621,614,7,201),(1603807203,407,101631,873,3,330),(1603807203,408,64721,630,1,251),(1603807203,409,56866,268,3,78),(1603807203,410,150273,1447,11,288),(1603807203,411,68459,644,4,137),(1603807203,412,61204,732,1,277),(1603807203,413,56524,628,1,227),(1603807203,414,57307,512,1,168),(1603807203,415,60427,521,8,149),(1603807203,416,85505,753,6,163),(1603807203,417,136253,1198,4,371),(1603807203,418,73094,575,1,160),(1603807203,501,154211,1149,4,335),(1603807203,502,60374,996,4,273),(1603807203,503,152281,1427,13,496),(1603807203,504,80573,1251,18,366),(1603807203,505,20320,135,1,50),(1603807203,506,87462,785,9,180),(1603807203,601,288806,2194,56,524),(1603807203,603,60821,235,3,89),(1603807203,606,154260,897,42,259),(1603807203,610,82484,539,9,177),(1603807203,611,60060,349,3,136),(1603807203,612,79901,464,2,176),(1603807203,614,27659,52,0,7),(1603807203,616,51161,360,7,106),(1603807203,617,90343,525,18,125),(1603807203,620,72004,317,3,93),(1603807203,621,98984,419,15,152),(1603807203,622,90622,653,45,156),(1603807203,623,85947,314,2,160),(1603807203,701,132110,2521,11,535),(1603807203,702,60056,783,6,158),(1603807203,703,179318,2165,14,522),(1603807203,704,63881,608,11,85),(1603807203,705,109682,1475,36,331),(1603807203,706,44362,1419,17,101),(1603807203,707,48753,315,6,95),(1603807203,708,32670,189,1,32),(1603807203,709,83873,1557,15,470),(1603807203,801,63714,742,6,149),(1603807203,802,134383,1333,13,363),(1603807203,803,89041,1133,6,414),(1603807203,804,107159,1219,5,335),(1603807203,900,1897491,28360,325,4577),(1603893604,101,14637,84,0,29),(1603893604,102,1940,6,0,3),(1603893604,103,42927,293,4,106),(1603893604,104,25797,153,0,37),(1603893604,105,17066,67,0,35),(1603893604,106,39925,266,1,85),(1603893604,107,59552,455,9,68),(1603893604,108,37513,234,1,97),(1603893604,109,54076,491,6,155),(1603893604,201,100817,571,4,193),(1603893604,202,62243,235,0,73),(1603893604,203,18224,88,0,21),(1603893604,204,59800,216,2,63),(1603893604,205,54555,248,0,63),(1603893604,206,76091,151,1,39),(1603893604,207,64668,218,3,53),(1603893604,208,41878,224,4,48),(1603893604,209,52726,192,1,72),(1603893604,210,29937,91,0,37),(1603893604,301,24876,223,6,41),(1603893604,302,55044,528,9,101),(1603893604,303,11261,66,3,14),(1603893604,304,45277,504,0,153),(1603893604,305,116114,850,18,263),(1603893604,306,146203,1232,7,279),(1603893604,307,102010,872,5,163),(1603893604,308,103686,806,7,137),(1603893604,309,36773,301,1,103),(1603893604,310,50858,208,2,58),(1603893604,311,31090,163,5,23),(1603893604,312,90889,866,6,210),(1603893604,313,56596,536,9,110),(1603893604,314,25812,244,5,93),(1603893604,315,77962,574,6,111),(1603893604,316,75483,503,12,60),(1603893604,317,118998,1128,13,242),(1603893604,318,86291,718,10,96),(1603893604,319,131044,1053,11,228),(1603893604,320,41403,241,2,46),(1603893604,321,103771,863,6,239),(1603893604,322,25888,274,2,68),(1603893604,323,77991,533,9,159),(1603893604,325,42222,350,2,80),(1603893604,401,205726,2355,27,523),(1603893604,402,38193,362,2,115),(1603893604,403,61727,883,1,230),(1603893604,404,104408,662,7,174),(1603893604,405,33156,394,6,199),(1603893604,406,66621,663,7,248),(1603893604,407,101631,904,3,339),(1603893604,408,64721,720,1,301),(1603893604,409,56866,271,3,75),(1603893604,410,150273,1556,11,375),(1603893604,411,68459,680,4,169),(1603893604,412,61204,785,1,274),(1603893604,413,56524,676,1,272),(1603893604,414,57307,593,1,229),(1603893604,415,60427,526,8,138),(1603893604,416,85505,767,6,170),(1603893604,417,136253,1275,7,419),(1603893604,418,73094,622,1,196),(1603893604,501,154211,1189,4,337),(1603893604,502,60374,1027,4,283),(1603893604,503,152281,1490,13,505),(1603893604,504,80573,1311,18,378),(1603893604,505,20320,136,1,50),(1603893604,506,87462,811,9,195),(1603893604,601,288806,2251,56,524),(1603893604,603,60821,243,3,93),(1603893604,606,154260,925,43,264),(1603893604,610,82484,557,10,188),(1603893604,611,60060,380,4,154),(1603893604,612,79901,493,2,197),(1603893604,614,27659,53,0,8),(1603893604,616,51161,369,8,106),(1603893604,617,90343,557,18,152),(1603893604,620,72004,338,3,109),(1603893604,621,98984,448,15,176),(1603893604,622,90622,670,47,170),(1603893604,623,85947,347,2,188),(1603893604,701,132110,2630,14,583),(1603893604,702,60056,820,6,175),(1603893604,703,179318,2284,14,571),(1603893604,704,63881,616,11,81),(1603893604,705,109682,1580,36,426),(1603893604,706,44362,1444,18,107),(1603893604,707,48753,325,6,97),(1603893604,708,32670,200,1,42),(1603893604,709,83873,1679,15,546),(1603893604,801,63714,768,6,168),(1603893604,802,134383,1390,13,401),(1603893604,803,89041,1212,6,478),(1603893604,804,107159,1269,5,362),(1603893604,900,1897491,29267,337,4924),(1603980004,101,14637,86,0,27),(1603980004,102,1940,7,0,4),(1603980004,103,42927,309,4,115),(1603980004,104,25797,164,0,41),(1603980004,105,17066,76,0,44),(1603980004,106,39925,273,1,83),(1603980004,107,59552,472,9,72),(1603980004,108,37513,255,1,116),(1603980004,109,54076,516,6,177),(1603980004,201,100817,627,4,233),(1603980004,202,62243,252,0,83),(1603980004,203,18224,95,0,27),(1603980004,204,59800,232,2,71),(1603980004,205,54555,256,0,65),(1603980004,206,76091,163,1,49),(1603980004,207,64668,231,3,66),(1603980004,208,41878,241,4,53),(1603980004,209,52726,204,1,74),(1603980004,210,29937,101,0,44),(1603980004,301,24876,231,6,42),(1603980004,302,55044,563,9,124),(1603980004,303,11261,72,3,19),(1603980004,304,45277,563,0,189),(1603980004,305,116114,895,19,292),(1603980004,306,146203,1274,7,284),(1603980004,307,102010,902,5,180),(1603980004,308,103686,832,7,145),(1603980004,309,36773,333,1,126),(1603980004,310,50858,218,2,59),(1603980004,311,31090,171,5,30),(1603980004,312,90889,904,6,223),(1603980004,313,56596,557,9,124),(1603980004,314,25812,264,5,105),(1603980004,315,77962,598,6,125),(1603980004,316,75483,517,12,68),(1603980004,317,118998,1177,13,250),(1603980004,318,86291,743,10,107),(1603980004,319,131044,1111,12,254),(1603980004,320,41403,258,2,61),(1603980004,321,103771,917,6,255),(1603980004,322,25888,299,2,85),(1603980004,323,77991,569,9,179),(1603980004,325,42222,369,2,94),(1603980004,401,205726,2471,28,564),(1603980004,402,38193,388,2,134),(1603980004,403,61727,925,3,245),(1603980004,404,104408,704,7,193),(1603980004,405,33156,435,6,229),(1603980004,406,66621,687,8,231),(1603980004,407,101631,1029,3,437),(1603980004,408,64721,805,1,353),(1603980004,409,56866,292,3,90),(1603980004,410,150273,1630,11,408),(1603980004,411,68459,699,4,166),(1603980004,412,61204,822,2,289),(1603980004,413,56524,679,1,231),(1603980004,414,57307,636,1,245),(1603980004,415,60427,586,8,185),(1603980004,416,85505,819,7,188),(1603980004,417,136253,1336,7,441),(1603980004,418,73094,655,1,209),(1603980004,501,154211,1288,4,377),(1603980004,502,60374,1054,5,263),(1603980004,503,152281,1581,14,537),(1603980004,504,80573,1384,18,403),(1603980004,505,20320,148,1,54),(1603980004,506,87462,852,9,191),(1603980004,601,288806,2383,56,586),(1603980004,603,60821,274,3,101),(1603980004,606,154260,992,43,293),(1603980004,610,82484,609,11,225),(1603980004,611,60060,406,4,164),(1603980004,612,79901,559,2,243),(1603980004,614,27659,62,0,16),(1603980004,616,51161,382,9,106),(1603980004,617,90343,605,18,193),(1603980004,620,72004,350,3,100),(1603980004,621,98984,488,16,196),(1603980004,622,90622,719,47,206),(1603980004,623,85947,412,4,235),(1603980004,701,132110,2728,14,618),(1603980004,702,60056,849,6,169),(1603980004,703,179318,2432,14,668),(1603980004,704,63881,655,11,115),(1603980004,705,109682,1662,36,492),(1603980004,706,44362,1453,18,102),(1603980004,707,48753,343,6,112),(1603980004,708,32670,209,1,48),(1603980004,709,83873,1796,15,600),(1603980004,801,63714,799,7,179),(1603980004,802,134383,1473,13,429),(1603980004,803,89041,1281,6,495),(1603980004,804,107159,1330,5,373),(1603980004,900,1897491,30147,348,5131),(1604066404,101,14637,102,0,41),(1604066404,102,1940,7,0,4),(1604066404,103,42927,340,4,136),(1604066404,104,25797,179,0,53),(1604066404,105,17066,89,0,54),(1604066404,106,39925,285,1,79),(1604066404,107,59552,492,9,85),(1604066404,108,37513,290,2,136),(1604066404,109,54076,555,6,197),(1604066404,201,100817,676,4,252),(1604066404,202,62243,271,0,80),(1604066404,203,18224,111,0,36),(1604066404,204,59800,246,2,75),(1604066404,205,54555,286,0,89),(1604066404,206,76091,173,1,50),(1604066404,207,64668,249,3,70),(1604066404,208,41878,258,4,65),(1604066404,209,52726,238,1,102),(1604066404,210,29937,114,0,55),(1604066404,301,24876,241,6,45),(1604066404,302,55044,608,9,147),(1604066404,303,11261,81,3,24),(1604066404,304,45277,602,0,206),(1604066404,305,116114,976,19,319),(1604066404,306,146203,1331,7,298),(1604066404,307,102010,944,5,198),(1604066404,308,103686,859,7,155),(1604066404,309,36773,367,2,147),(1604066404,310,50858,231,2,64),(1604066404,311,31090,179,5,35),(1604066404,312,90889,940,6,244),(1604066404,313,56596,578,9,129),(1604066404,314,25812,283,5,112),(1604066404,315,77962,628,6,142),(1604066404,316,75483,530,12,71),(1604066404,317,118998,1236,13,271),(1604066404,318,86291,815,10,169),(1604066404,319,131044,1173,12,287),(1604066404,320,41403,283,2,78),(1604066404,321,103771,976,6,286),(1604066404,322,25888,314,2,96),(1604066404,323,77991,599,9,183),(1604066404,325,42222,389,2,104),(1604066404,401,205726,2611,29,633),(1604066404,402,38193,429,2,155),(1604066404,403,61727,980,3,272),(1604066404,404,104408,740,7,205),(1604066404,405,33156,473,6,243),(1604066404,406,66621,758,8,280),(1604066404,407,101631,1089,3,464),(1604066404,408,64721,851,1,350),(1604066404,409,56866,327,3,116),(1604066404,410,150273,1731,11,459),(1604066404,411,68459,778,4,233),(1604066404,412,61204,851,3,282),(1604066404,413,56524,808,1,341),(1604066404,414,57307,656,1,252),(1604066404,415,60427,654,9,230),(1604066404,416,85505,940,7,297),(1604066404,417,136253,1445,7,503),(1604066404,418,73094,699,1,219),(1604066404,501,154211,1362,4,392),(1604066404,502,60374,1102,5,257),(1604066404,503,152281,1679,14,546),(1604066404,504,80573,1461,18,438),(1604066404,505,20320,162,1,54),(1604066404,506,87462,883,9,194),(1604066404,601,288806,2545,56,665),(1604066404,603,60821,296,3,118),(1604066404,606,154260,1052,44,306),(1604066404,610,82484,682,11,266),(1604066404,611,60060,432,4,165),(1604066404,612,79901,604,2,257),(1604066404,614,27659,68,0,20),(1604066404,616,51161,411,9,118),(1604066404,617,90343,633,20,199),(1604066404,620,72004,374,3,112),(1604066404,621,98984,534,16,217),(1604066404,622,90622,764,48,231),(1604066404,623,85947,474,4,280),(1604066404,701,132110,2808,15,567),(1604066404,702,60056,876,6,173),(1604066404,703,179318,2577,14,714),(1604066404,704,63881,708,11,149),(1604066404,705,109682,1761,37,506),(1604066404,706,44362,1468,18,107),(1604066404,707,48753,353,6,106),(1604066404,708,32670,217,1,49),(1604066404,709,83873,1889,15,606),(1604066404,801,63714,845,7,202),(1604066404,802,134383,1584,13,499),(1604066404,803,89041,1417,6,574),(1604066404,804,107159,1418,5,415),(1604066404,900,1897491,31060,352,5261),(1604152804,101,14637,105,0,39),(1604152804,102,1940,7,0,4),(1604152804,103,42927,358,4,138),(1604152804,104,25797,190,0,61),(1604152804,105,17066,101,0,64),(1604152804,106,39925,298,1,82),(1604152804,107,59552,507,9,91),(1604152804,108,37513,293,2,125),(1604152804,109,54076,587,9,220),(1604152804,201,100817,716,6,265),(1604152804,202,62243,291,0,95),(1604152804,203,18224,132,0,55),(1604152804,204,59800,279,2,102),(1604152804,205,54555,302,0,102),(1604152804,206,76091,184,1,60),(1604152804,207,64668,277,3,96),(1604152804,208,41878,271,4,74),(1604152804,209,52726,252,1,103),(1604152804,210,29937,128,0,67),(1604152804,301,24876,251,6,49),(1604152804,302,55044,629,9,155),(1604152804,303,11261,81,3,20),(1604152804,304,45277,648,0,207),(1604152804,305,116114,1045,19,352),(1604152804,306,146203,1400,7,331),(1604152804,307,102010,983,5,218),(1604152804,308,103686,880,7,161),(1604152804,309,36773,393,2,158),(1604152804,310,50858,282,2,108),(1604152804,311,31090,188,5,39),(1604152804,312,90889,980,6,249),(1604152804,313,56596,613,9,153),(1604152804,314,25812,302,5,120),(1604152804,315,77962,652,6,154),(1604152804,316,75483,544,12,79),(1604152804,317,118998,1284,13,292),(1604152804,318,86291,852,10,195),(1604152804,319,131044,1218,12,308),(1604152804,320,41403,321,2,103),(1604152804,321,103771,1009,6,289),(1604152804,322,25888,330,2,96),(1604152804,323,77991,623,9,193),(1604152804,325,42222,403,2,109),(1604152804,401,205726,2747,30,697),(1604152804,402,38193,457,2,165),(1604152804,403,61727,1021,5,264),(1604152804,404,104408,813,7,257),(1604152804,405,33156,497,6,237),(1604152804,406,66621,825,9,321),(1604152804,407,101631,1167,3,473),(1604152804,408,64721,910,1,372),(1604152804,409,56866,355,3,139),(1604152804,410,150273,1812,11,487),(1604152804,411,68459,815,4,239),(1604152804,412,61204,958,3,329),(1604152804,413,56524,912,1,415),(1604152804,414,57307,781,1,324),(1604152804,415,60427,691,9,247),(1604152804,416,85505,1038,7,376),(1604152804,417,136253,1486,7,465),(1604152804,418,73094,731,1,218),(1604152804,501,154211,1429,4,398),(1604152804,502,60374,1146,5,260),(1604152804,503,152281,1781,14,553),(1604152804,504,80573,1533,18,460),(1604152804,505,20320,171,1,59),(1604152804,506,87462,917,9,203),(1604152804,601,288806,2676,56,724),(1604152804,603,60821,320,3,124),(1604152804,606,154260,1122,44,318),(1604152804,610,82484,745,13,305),(1604152804,611,60060,457,4,175),(1604152804,612,79901,664,2,280),(1604152804,614,27659,82,0,33),(1604152804,616,51161,437,9,129),(1604152804,617,90343,683,20,236),(1604152804,620,72004,406,3,133),(1604152804,621,98984,577,17,238),(1604152804,622,90622,847,49,293),(1604152804,623,85947,556,4,348),(1604152804,701,132110,2936,15,610),(1604152804,702,60056,908,6,170),(1604152804,703,179318,2733,14,764),(1604152804,704,63881,767,11,189),(1604152804,705,109682,1858,37,548),(1604152804,706,44362,1487,18,119),(1604152804,707,48753,369,6,125),(1604152804,708,32670,231,1,48),(1604152804,709,83873,2026,16,641),(1604152804,801,63714,876,7,205),(1604152804,802,134383,1695,14,521),(1604152804,803,89041,1514,6,596),(1604152804,804,107159,1487,6,419),(1604152804,900,1897491,31943,354,5343),(1604239203,101,14637,159,0,90),(1604239203,102,1940,8,0,4),(1604239203,103,42927,375,4,144),(1604239203,104,25797,216,0,80),(1604239203,105,17066,110,0,68),(1604239203,106,39925,313,1,84),(1604239203,107,59552,542,9,118),(1604239203,108,37513,318,2,135),(1604239203,109,54076,651,11,248),(1604239203,201,100817,749,6,283),(1604239203,202,62243,308,0,107),(1604239203,203,18224,138,0,54),(1604239203,204,59800,305,2,123),(1604239203,205,54555,324,0,118),(1604239203,206,76091,200,1,69),(1604239203,207,64668,290,3,107),(1604239203,208,41878,296,4,89),(1604239203,209,52726,276,1,121),(1604239203,210,29937,138,0,77),(1604239203,301,24876,264,6,56),(1604239203,302,55044,650,9,168),(1604239203,303,11261,84,3,23),(1604239203,304,45277,683,0,229),(1604239203,305,116114,1118,19,383),(1604239203,306,146203,1469,7,357),(1604239203,307,102010,1018,5,228),(1604239203,308,103686,898,7,150),(1604239203,309,36773,417,3,167),(1604239203,310,50858,298,2,116),(1604239203,311,31090,198,5,45),(1604239203,312,90889,1026,6,260),(1604239203,313,56596,644,9,176),(1604239203,314,25812,317,5,118),(1604239203,315,77962,678,6,163),(1604239203,316,75483,552,12,78),(1604239203,317,118998,1334,13,301),(1604239203,318,86291,890,10,217),(1604239203,319,131044,1269,12,330),(1604239203,320,41403,340,2,121),(1604239203,321,103771,1056,6,294),(1604239203,322,25888,340,2,99),(1604239203,323,77991,646,9,184),(1604239203,325,42222,431,2,127),(1604239203,401,205726,2808,31,662),(1604239203,402,38193,467,2,156),(1604239203,403,61727,1058,5,272),(1604239203,404,104408,839,8,267),(1604239203,405,33156,543,6,275),(1604239203,406,66621,912,10,361),(1604239203,407,101631,1229,3,515),(1604239203,408,64721,1010,1,443),(1604239203,409,56866,385,3,151),(1604239203,410,150273,1861,11,491),(1604239203,411,68459,862,5,259),(1604239203,412,61204,985,3,328),(1604239203,413,56524,987,1,419),(1604239203,414,57307,812,1,334),(1604239203,415,60427,748,10,278),(1604239203,416,85505,1114,7,422),(1604239203,417,136253,1592,7,538),(1604239203,418,73094,782,1,239),(1604239203,501,154211,1522,5,465),(1604239203,502,60374,1180,5,266),(1604239203,503,152281,1882,14,610),(1604239203,504,80573,1616,18,503),(1604239203,505,20320,179,1,63),(1604239203,506,87462,959,9,212),(1604239203,601,288806,2781,57,739),(1604239203,603,60821,345,3,135),(1604239203,606,154260,1170,45,339),(1604239203,610,82484,793,13,323),(1604239203,611,60060,493,4,183),(1604239203,612,79901,693,2,287),(1604239203,614,27659,89,0,38),(1604239203,616,51161,454,9,125),(1604239203,617,90343,746,20,269),(1604239203,620,72004,434,3,156),(1604239203,621,98984,627,17,258),(1604239203,622,90622,879,51,293),(1604239203,623,85947,616,4,378),(1604239203,701,132110,3037,15,652),(1604239203,702,60056,948,6,202),(1604239203,703,179318,2828,14,780),(1604239203,704,63881,797,11,215),(1604239203,705,109682,1932,37,579),(1604239203,706,44362,1492,18,119),(1604239203,707,48753,383,6,120),(1604239203,708,32670,240,1,56),(1604239203,709,83873,2100,16,663),(1604239203,801,63714,910,7,213),(1604239203,802,134383,1768,14,537),(1604239203,803,89041,1580,6,566),(1604239203,804,107159,1536,6,406),(1604239203,900,1897491,32771,358,5500),(1604412004,101,14816,163,0,93),(1604412004,102,1980,14,0,8),(1604412004,103,43236,432,4,151),(1604412004,104,25699,223,0,82),(1604412004,105,17097,128,1,66),(1604412004,106,40042,359,1,105),(1604412004,107,59990,575,10,139),(1604412004,108,37384,381,2,142),(1604412004,109,54192,741,11,250),(1604412004,201,101300,821,10,330);
/*!40000 ALTER TABLE `districts_gkz` ENABLE KEYS */;
UNLOCK TABLES;

--
-- Table structure for table `infected`
--

DROP TABLE IF EXISTS `infected`;
/*!40101 SET @saved_cs_client     = @@character_set_client */;
/*!40101 SET character_set_client = utf8 */;
CREATE TABLE `infected` (
  `timestamp` int(11) NOT NULL,
  `b` int(11) NOT NULL,
  `k` int(11) NOT NULL,
  `n` int(11) NOT NULL,
  `o` int(11) NOT NULL,
  `s` int(11) NOT NULL,
  `st` int(11) NOT NULL,
  `t` int(11) NOT NULL,
  `v` int(11) NOT NULL,
  `w` int(11) NOT NULL,
  PRIMARY KEY (`timestamp`)
) ENGINE=InnoDB DEFAULT CHARSET=latin1;
/*!40101 SET character_set_client = @saved_cs_client */;

--
-- Dumping data for table `infected`
--

LOCK TABLES `infected` WRITE;
/*!40000 ALTER TABLE `infected` DISABLE KEYS */;
INSERT INTO `infected` VALUES (1595779200,398,454,3290,3496,1337,2037,3655,944,4837),(1595970000,404,456,3329,3556,1349,2050,3661,947,4908),(1596056400,407,456,3339,3586,1351,2063,3688,952,4990),(1596142800,409,457,3351,3617,1362,2075,3697,956,5011),(1596229200,419,459,3366,3662,1377,2079,3700,959,5089),(1596315600,419,461,3387,3679,1380,2087,3686,962,5131),(1596402000,420,465,3399,3692,1382,2089,3690,963,5184),(1596488400,420,467,3404,3700,1382,2093,3703,963,5235),(1596574800,422,471,3424,3724,1393,2091,3703,964,5278),(1596661200,423,473,3440,3744,1395,2100,3710,966,5302),(1596747600,423,482,3453,3773,1398,2102,3716,969,5369),(1596834000,424,485,3464,3792,1408,2108,3720,972,5453),(1596920400,424,490,3474,3818,1411,2114,3722,976,5480),(1597006800,427,494,3481,3825,1424,2118,3723,976,5555),(1597093200,427,494,3489,3834,1431,2120,3725,984,5590),(1597179600,428,501,3502,3857,1435,2126,3738,986,5661),(1597266000,430,503,3523,3888,1439,2139,3766,987,5753),(1597352400,433,510,3546,3911,1451,2154,3793,991,5793),(1597438800,436,532,3562,3956,1458,2167,3851,998,5907),(1597525200,436,565,3569,4008,1474,2179,3888,1013,6036),(1597611600,437,573,3608,4032,1488,2182,3900,1017,6122),(1597698000,439,582,3627,4062,1492,2191,3920,1019,6192),(1597784400,438,586,3659,4099,1499,2216,3961,1023,6340),(1597870800,441,592,3686,4173,1522,2230,3983,1029,6424),(1597957200,446,598,3707,4240,1540,2241,4003,1039,6612),(1598043600,450,604,3734,4299,1550,2256,4037,1044,6783),(1598130000,454,609,3757,4334,1562,2283,4084,1050,6922),(1598216400,455,615,3781,4361,1564,2289,4108,1052,7021),(1598302800,462,620,3813,4390,1584,2324,4121,1056,7117),(1598389200,464,623,3835,4425,1600,2335,4153,1059,7204),(1598475600,468,628,3857,4474,1618,2347,4186,1065,7383),(1598562000,476,633,3885,4534,1628,2380,4237,1068,7513),(1598648400,475,639,3916,4585,1634,2416,4257,1078,7583),(1598734800,483,643,3951,4642,1645,2440,4306,1082,7786),(1598821200,488,643,3991,4661,1655,2460,4339,1085,7837),(1598907600,491,645,4023,4683,1665,2472,4361,1087,8005),(1598994000,496,647,4043,4699,1678,2493,4395,1098,8086),(1599080400,506,650,4089,4732,1680,2517,4456,1106,8226),(1599166800,507,653,4148,4761,1692,2547,4512,1115,8429),(1599253200,518,654,4179,4794,1694,2580,4554,1123,8625),(1599339600,524,656,4209,4838,1698,2594,4592,1137,8831),(1599426000,532,658,4245,4874,1698,2605,4607,1149,8895),(1599512400,543,662,4301,4907,1723,2637,4638,1172,8961),(1599598800,547,668,4350,4934,1733,2647,4694,1190,9300),(1599685200,556,670,4407,5007,1735,2658,4770,1204,9558),(1599771600,569,675,4501,5057,1744,2689,4834,1215,9947),(1599858000,571,682,4563,5112,1759,2733,4927,1252,10210),(1599944400,580,688,4698,5190,1785,2790,5014,1280,10652),(1600030800,592,700,4790,5242,1801,2819,5065,1329,10803),(1600117200,595,707,4849,5300,1803,2853,5086,1363,10966),(1600203600,601,714,4944,5357,1823,2897,5197,1388,11366),(1600290000,612,722,5103,5441,1832,2938,5280,1441,11685),(1600376400,626,734,5203,5565,1859,2960,5345,1492,12051),(1600462800,644,742,5362,5636,1882,3044,5420,1520,12392),(1600549200,654,747,5432,5744,1900,3103,5500,1552,12823),(1600635600,662,764,5526,5793,1921,3116,5562,1590,13144),(1600722000,670,779,5707,5860,1935,3150,5595,1632,13315),(1600808400,684,790,5793,5946,2012,3236,5649,1659,13519),(1600894800,717,809,5893,6038,2023,3265,5715,1684,13825),(1600981200,721,820,6074,6105,2039,3296,5773,1717,14253),(1601067600,729,842,6210,6156,2054,3334,5835,1757,14563),(1601154000,749,858,6329,6252,2099,3365,5896,1786,14859),(1601240400,758,876,6438,6326,2126,3441,5947,1805,15140),(1601326800,768,882,6555,6379,2157,3486,5974,1832,15383),(1601413200,791,896,6599,6471,2165,3519,6042,1850,15687),(1601499600,808,919,6772,6567,2200,3528,6108,1874,16017),(1601586000,830,928,6861,6719,2247,3586,6178,1898,16418),(1601672400,855,948,6964,6794,2280,3623,6266,1940,16686),(1601758800,870,970,7154,6904,2331,3664,6392,1966,17158),(1601845200,882,989,7288,7031,2365,3703,6461,1999,17408),(1601931600,891,1001,7386,7137,2389,3736,6567,2048,17722),(1602018000,918,1017,7558,7237,2424,3787,6639,2099,18124),(1602072121,960,1033,7727,7377,2466,3817,6762,2134,18550),(1602158521,978,1064,7899,7528,2516,3857,6857,2174,19163),(1602244921,1001,1091,8123,7690,2574,3947,6973,2213,19555),(1602331321,1033,1091,8304,7864,2646,4033,7066,2253,20064),(1602417721,1033,1091,8304,7864,2646,4035,7066,2253,20067),(1602504121,1094,1207,8511,8173,2790,4134,7324,2355,20687),(1602590522,1124,1239,8693,8285,2863,4234,7476,2397,20996),(1602676921,1166,1311,8833,8519,2998,4293,7660,2474,21396),(1602763321,1201,1333,9075,8743,3064,4412,7955,2543,21876),(1602849721,1226,1358,9126,8981,3229,4556,8161,2619,21882),(1602936121,1251,1405,9392,9207,3388,4677,8386,2697,22112),(1603022521,1295,1458,9747,9481,3570,4764,8554,2777,23138),(1603108921,1325,1486,9923,9652,3705,4923,8654,2829,23404),(1603195321,1364,1520,10061,9894,3836,5079,8946,2984,23738),(1603281721,1399,1575,10402,10223,4033,5255,9177,3067,24251),(1603368121,1438,1637,10800,10694,4210,5448,9515,3159,24916),(1603456031,1477,1747,11057,11245,4372,5762,9964,3233,25530),(1603540921,1579,1831,11770,11906,4607,6099,10364,3341,26499),(1603630921,1625,1876,12183,12516,4877,6425,10677,3410,27181),(1603717321,1727,1919,12414,13124,5097,6756,10959,3546,27675),(1603803721,1768,2017,13005,13530,5305,7126,11396,3779,28131),(1603890121,1949,2167,13109,14432,5435,7485,11917,4036,28930),(1603976521,2067,2329,14180,15225,5699,7841,12501,4313,29754),(1604062921,2147,2524,15052,16522,6453,8491,13021,4653,30662),(1604149321,2321,2743,15771,17594,6785,9162,13770,5106,31612),(1604235721,2480,2986,16502,18794,7135,9689,14243,5503,32483),(1604408520,2717,3306,17185,20724,7774,10903,15244,6380,33895);
/*!40000 ALTER TABLE `infected` ENABLE KEYS */;
UNLOCK TABLES;

--
-- Table structure for table `recovered`
--

DROP TABLE IF EXISTS `recovered`;
/*!40101 SET @saved_cs_client     = @@character_set_client */;
/*!40101 SET character_set_client = utf8 */;
CREATE TABLE `recovered` (
  `timestamp` int(11) NOT NULL,
  `b` int(11) NOT NULL,
  `k` int(11) NOT NULL,
  `n` int(11) NOT NULL,
  `o` int(11) NOT NULL,
  `s` int(11) NOT NULL,
  `st` int(11) NOT NULL,
  `t` int(11) NOT NULL,
  `v` int(11) NOT NULL,
  `w` int(11) NOT NULL,
  PRIMARY KEY (`timestamp`)
) ENGINE=InnoDB DEFAULT CHARSET=latin1;
/*!40101 SET character_set_client = @saved_cs_client */;

--
-- Dumping data for table `recovered`
--

LOCK TABLES `recovered` WRITE;
/*!40000 ALTER TABLE `recovered` DISABLE KEYS */;
INSERT INTO `recovered` VALUES (1595779200,362,430,2936,2978,1226,1786,3500,901,4090),(1595970000,363,431,2971,3032,1232,1791,3510,902,4147),(1596056400,368,431,2981,3089,1235,1810,3519,902,4193),(1596142800,366,434,2989,3123,1245,1821,3524,902,4224),(1596229200,373,435,3004,3151,1251,1829,3531,903,4281),(1596315600,375,436,3025,3191,1259,1848,3538,906,4333),(1596402000,375,436,3040,3211,1262,1852,3540,913,4355),(1596488400,375,436,3053,3235,1265,1852,3541,913,4393),(1596574800,377,437,3087,3416,1265,1860,3547,922,4425),(1596661200,379,441,3102,3445,1282,1877,3554,925,4459),(1596747600,385,442,3126,3461,1296,1880,3556,928,4522),(1596834000,386,443,3142,3497,1299,1886,3558,930,4549),(1596920400,386,443,3172,3529,1300,1892,3562,937,4591),(1597006800,393,444,3183,3553,1302,1895,3563,939,4651),(1597093200,396,445,3195,3590,1305,1895,3564,942,4678),(1597179600,397,448,3218,3609,1316,1901,3578,942,4714),(1597266000,397,452,3242,3609,1328,1907,3595,943,4795),(1597352400,401,455,3256,3634,1331,1911,3596,946,4816),(1597438800,407,458,3274,3652,1333,1934,3601,946,4894),(1597525200,408,463,3282,3676,1337,1939,3604,946,4972),(1597611600,410,468,3286,3694,1339,1939,3608,948,4989),(1597698000,410,470,3288,3714,1341,1939,3608,955,5040),(1597784400,410,475,3304,3734,1345,1952,3612,955,5083),(1597870800,411,480,3331,3751,1349,1953,3620,958,5107),(1597957200,412,494,3339,3767,1355,1953,3640,959,5174),(1598043600,412,495,3352,3804,1361,1968,3651,959,5258),(1598130000,414,505,3385,3834,1369,1973,3675,966,5285),(1598216400,417,521,3400,3862,1372,1976,3680,970,5360),(1598302800,418,523,3422,3895,1372,1976,3685,971,5395),(1598389200,420,554,3447,3949,1374,1988,3719,971,5466),(1598475600,420,564,3467,3993,1391,2015,3758,980,5557),(1598562000,422,572,3497,4031,1396,2028,3783,990,5598),(1598648400,425,581,3525,4061,1423,2058,3821,990,5710),(1598734800,430,584,3548,4134,1440,2062,3832,995,5841),(1598821200,432,588,3561,4181,1461,2068,3852,1000,5927),(1598907600,432,592,3581,4228,1470,2068,3858,1000,5997),(1598994000,440,598,3609,4262,1472,2111,3925,1005,6143),(1599080400,445,604,3653,4300,1472,2120,3977,1024,6225),(1599166800,450,609,3712,4331,1485,2139,3994,1039,6412),(1599253200,453,610,3746,4370,1494,2164,4047,1045,6584),(1599339600,457,613,3772,4438,1524,2181,4067,1051,6725),(1599426000,458,618,3791,4484,1525,2187,4097,1059,6824),(1599512400,458,625,3832,4519,1545,2187,4150,1064,6920),(1599598800,460,630,3864,4569,1586,2257,4188,1068,7007),(1599685200,464,632,3918,4592,1583,2273,4216,1079,7007),(1599771600,474,632,3958,4624,1592,2292,4254,1080,7137),(1599858000,478,634,3980,4651,1610,2315,4295,1087,7207),(1599944400,488,636,4010,4681,1611,2338,4316,1089,7410),(1600030800,495,639,4047,4709,1618,2345,4357,1088,7462),(1600117200,498,640,4077,4731,1618,2346,4370,1101,7629),(1600203600,508,641,4137,4768,1646,2397,4445,1101,7711),(1600290000,509,645,4176,4811,1654,2422,4474,1113,7851),(1600376400,517,649,4209,4839,1656,2448,4557,1115,8054),(1600462800,522,655,4275,4868,1660,2465,4632,1124,8250),(1600549200,529,656,4362,4948,1686,2491,4697,1137,8455),(1600635600,542,662,4415,5007,1689,2504,4741,1150,8519),(1600722000,543,671,4495,5051,1691,2506,4812,1153,8594),(1600808400,555,680,4603,5140,1709,2557,4950,1184,8934),(1600894800,565,680,4698,5218,1718,2605,5058,1215,9192),(1600981200,570,695,4793,5287,1751,2643,5107,1236,9579),(1601067600,583,702,4924,5346,1767,2670,5184,1281,9844),(1601154000,597,714,5062,5432,1797,2720,5235,1309,10288),(1601240400,606,726,5151,5515,1813,2731,5275,1335,10437),(1601326800,612,735,5241,5608,1838,2732,5320,1366,10600),(1601413200,616,735,5386,5706,1878,2778,5427,1390,11000),(1601499600,630,759,5481,5772,1891,2856,5509,1427,11319),(1601586000,642,770,5622,5854,1921,2912,5581,1489,11685),(1601672400,664,782,5753,5925,1941,2943,5625,1527,12026),(1601758800,683,790,5903,6016,1981,2987,5673,1554,12458),(1601845200,687,811,5981,6073,2002,3024,5699,1575,12777),(1601931600,698,824,6070,6118,2014,3073,5714,1634,12949),(1602018000,705,844,6216,6228,2052,3097,5806,1688,13154),(1602072121,722,863,6299,6300,2077,3154,5864,1761,13459),(1602158521,723,879,6404,6378,2113,3192,5915,1795,13890),(1602244921,746,892,6540,6482,2146,3228,5992,1814,14199),(1602331321,770,913,6697,6594,2169,3262,6083,1845,14496),(1602417721,770,913,6697,6594,2169,3262,6083,1845,14496),(1602504121,810,939,6927,6780,2206,3275,6251,1860,15017),(1602590522,824,957,7097,6917,2252,3335,6334,1908,15325),(1602676921,842,1000,7242,7034,2281,3417,6436,1942,15652),(1602763321,872,994,7410,7150,2350,3466,6529,1973,16054),(1602849721,893,1016,7548,7264,2388,3534,6631,2024,16054),(1602936121,922,1047,7776,7452,2444,3551,6738,2047,16320),(1603022521,944,1066,7913,7559,2510,3626,6847,2053,17043),(1603108921,976,1088,8046,7720,2540,3628,6950,2053,17358),(1603195321,997,1145,8141,7906,2599,3685,7070,2107,17757),(1603281721,1033,1177,8283,8096,2700,3815,7202,2127,18184),(1603368121,1072,1217,8407,8230,2805,3892,7374,2176,18797),(1603456031,1095,1259,8586,8394,2931,3967,7554,2220,19189),(1603540921,1147,1315,8904,8654,3022,4030,7778,2241,19700),(1603630921,1173,1349,8964,8876,3116,4098,8032,2255,19995),(1603717321,1222,1378,9138,9101,3210,4190,8212,2263,20322),(1603803721,1238,1416,9374,9355,3396,4267,8370,2264,20628),(1603890121,1272,1489,9565,9578,3513,4340,8599,2298,21030),(1603976521,1306,1543,9772,9783,3621,4538,8929,2364,21510),(1604062921,1325,1558,10228,10170,3669,4599,9260,2388,21790),(1604149321,1382,1639,10414,10744,3848,4747,9531,2532,22389),(1604235721,1430,1703,10661,11164,4029,4870,9861,2798,22820),(1604408520,1516,1893,11349,12506,4424,5360,10542,3283,23419);
/*!40000 ALTER TABLE `recovered` ENABLE KEYS */;
UNLOCK TABLES;

--
-- Table structure for table `total`
--

DROP TABLE IF EXISTS `total`;
/*!40101 SET @saved_cs_client     = @@character_set_client */;
/*!40101 SET character_set_client = utf8 */;
CREATE TABLE `total` (
  `timestamp` int(11) NOT NULL,
  `tested_persons` int(11) NOT NULL,
  `infected` int(11) NOT NULL,
  `recovered` int(11) NOT NULL,
  `dead` int(11) NOT NULL,
  `currently_sick` int(11) NOT NULL,
  PRIMARY KEY (`timestamp`)
) ENGINE=InnoDB DEFAULT CHARSET=latin1;
/*!40101 SET character_set_client = @saved_cs_client */;

--
-- Dumping data for table `total`
--

LOCK TABLES `total` WRITE;
/*!40000 ALTER TABLE `total` DISABLE KEYS */;
INSERT INTO `total` VALUES (1582671600,0,0,0,0,0),(1582758000,0,0,0,0,0),(1582844400,0,0,0,0,0),(1582930800,0,0,0,0,0),(1583017200,0,0,0,0,0),(1583103600,0,0,0,0,0),(1583190000,0,0,0,0,0),(1583276400,0,0,0,0,0),(1583362800,0,0,2,0,0),(1583449200,0,0,2,0,0),(1583535600,0,0,2,0,0),(1583622000,0,0,3,0,0),(1583708400,0,0,3,0,0),(1583794800,0,0,5,0,0),(1583881200,0,0,6,0,0),(1583967600,0,0,6,1,0),(1584054000,0,0,6,1,0),(1584140400,0,0,7,2,0),(1584226800,0,0,10,3,0),(1584313200,0,0,22,5,0),(1584399600,0,0,23,7,0),(1584486000,0,0,27,11,0),(1584572400,0,0,31,14,0),(1584658800,0,0,43,19,0),(1584745200,0,0,52,23,0),(1584831600,0,0,59,31,0),(1584918000,0,0,96,43,0),(1585004400,0,0,156,53,0),(1585090800,0,0,226,62,0),(1585177200,0,0,329,78,0),(1585263600,0,0,481,96,0),(1585350000,0,0,612,113,0),(1585436400,0,0,783,127,0),(1585519200,0,0,1005,147,0),(1585605600,0,0,1238,164,0),(1585692000,0,0,1453,175,0),(1585778400,0,0,1749,194,0),(1585864800,0,0,2022,211,0),(1585951200,0,0,2507,231,0),(1586037600,0,0,2998,252,0),(1586124000,0,0,3463,279,0),(1586210400,0,0,4046,305,0),(1586296800,0,0,4512,323,0),(1586383200,0,0,5240,343,0),(1586469600,0,0,6064,364,0),(1586556000,0,0,6604,379,0),(1586642400,0,0,6984,391,0),(1586728800,0,0,7343,412,0),(1586815200,0,0,7633,424,0),(1586901600,0,0,8098,439,0),(1586988000,0,0,8986,461,0),(1587074400,0,0,9704,474,0),(1587160800,0,0,10214,489,0),(1587247200,0,0,10501,504,0),(1587333600,0,0,10631,511,0),(1587420000,0,0,10971,528,0),(1587506400,0,0,11328,539,0),(1587592800,0,0,11694,543,0),(1587679200,0,0,11872,549,0),(1587765600,0,0,12103,562,0),(1587852000,0,0,12282,571,0),(1587938400,0,0,12362,574,0),(1588024800,0,0,12580,586,0),(1588111200,0,0,12779,591,0),(1588197600,0,0,12907,596,0),(1588284000,0,0,13092,599,0),(1588370400,0,0,13180,601,0),(1588456800,0,0,13238,606,0),(1588543200,0,0,13316,609,0),(1588629600,0,0,13462,612,0),(1588716000,0,0,13639,615,0),(1588802400,0,0,13698,617,0),(1588888800,0,0,13836,622,0),(1588975200,0,0,13928,624,0),(1589061600,0,0,13991,626,0),(1589148000,0,0,14061,627,0),(1589234400,0,0,14148,628,0),(1589320800,0,0,14304,629,0),(1589407200,0,0,14405,632,0),(1589493600,0,0,14471,632,0),(1589580000,0,0,14524,633,0),(1589666400,0,0,14563,634,0),(1589752800,0,0,14614,636,0),(1589839200,0,0,14678,637,0),(1589925600,0,0,14882,640,0),(1590012000,0,0,14951,642,0),(1590098400,0,0,15005,644,0),(1590184800,0,0,15037,645,0),(1590271200,0,0,15063,645,0),(1590357600,0,0,15138,646,0),(1590444000,0,0,15182,648,0),(1590530400,0,0,15228,648,0),(1590616800,0,0,15286,648,0),(1590703200,0,0,15347,649,0),(1590789600,0,0,15520,649,0),(1590876000,0,0,15593,649,0),(1590962400,0,0,15596,650,0),(1591048800,0,0,15629,650,0),(1591135200,0,0,15672,651,0),(1591221600,0,0,15717,653,0),(1591308000,0,0,15742,653,0),(1591394400,0,0,15789,653,0),(1591480800,0,0,15793,653,0),(1591567200,0,0,15839,653,0),(1591653600,0,0,15875,653,0),(1591740000,0,0,15910,655,0),(1591826400,0,0,15949,655,0),(1591912800,0,0,15985,655,0),(1591999200,0,0,16012,655,0),(1592085600,0,0,16059,658,0),(1592172000,0,0,16066,663,0),(1592258400,0,0,16089,665,0),(1592344800,0,0,16099,666,0),(1592431200,0,0,16101,666,0),(1592517600,0,0,16141,667,0),(1592604000,0,0,16175,669,0),(1592690400,0,0,16197,670,0),(1592776800,0,0,16241,671,0),(1592863200,0,0,16261,673,0),(1592949600,0,0,16282,675,0),(1593036000,0,0,16320,676,0),(1593122400,0,0,16348,676,0),(1593208800,0,0,16371,678,0),(1593295200,0,0,16401,679,0),(1593381600,0,0,16420,680,0),(1593468000,0,0,16478,680,0),(1593554400,0,0,16491,680,0),(1593640800,0,0,16514,680,0),(1593727200,0,0,16558,681,0),(1593813600,0,0,16607,681,0),(1593900000,0,0,16615,681,0),(1593986400,0,0,16647,681,0),(1594072800,0,0,16686,681,0),(1594159200,0,0,16721,681,0),(1594245600,0,0,16758,681,0),(1594332000,0,0,16808,681,0),(1594418400,0,0,16864,682,0),(1594504800,0,0,16952,683,0),(1594591200,0,0,17000,684,0),(1594677600,0,0,17073,684,0),(1594764000,0,0,17175,685,0),(1594850400,0,0,17244,685,0),(1594936800,0,0,17335,685,0),(1595023200,0,0,17501,685,0),(1595109600,0,0,17599,685,0),(1595196000,0,0,17659,686,0),(1595282400,0,0,17704,686,0),(1595368800,0,0,17849,686,0),(1595455200,0,0,17943,687,0),(1595541600,0,0,18042,687,0),(1595628000,0,0,18124,688,0),(1595797200,847898,20509,18209,688,1551),(1595883600,853169,20614,18246,688,1599),(1595970000,861206,20782,18379,696,1585),(1596056400,870602,20877,18528,698,1606),(1596142800,880036,21059,18628,698,1609),(1596229200,890461,21154,18758,698,1654),(1596315600,897819,21229,18911,698,1583),(1596402000,905314,21309,18984,698,1602),(1596488400,910437,21405,19063,700,1604),(1596574800,916778,21488,19336,700,1434),(1596661200,923902,21624,19464,706,1383),(1596747600,937275,21767,19596,708,1381),(1596834000,947305,21864,19690,709,1427),(1596920400,955239,21973,19812,711,1386),(1597006800,961868,22043,19923,711,1389),(1597093200,965758,22185,20010,711,1373),(1597179600,974508,22366,20123,712,1399),(1597266000,983018,22537,20268,713,1447),(1597352400,991508,22755,20346,713,1523),(1597438800,1003432,23067,20499,716,1652),(1597525200,1009354,23278,20627,717,1824),(1597611600,1018490,23438,20681,717,1961),(1597698000,1024067,23686,20765,719,2040),(1597784400,1037888,23924,20870,721,2230),(1597870800,1049171,24280,20960,723,2397),(1597957200,1061437,24582,21093,724,2609),(1598043600,1075409,24876,21260,725,2772),(1598130000,1087155,25088,21406,725,2924),(1598216400,1094987,25339,21558,725,2963),(1598302800,1101206,25524,21657,725,3105),(1598389200,1110089,25828,21888,725,3085),(1598475600,1119199,26120,22145,726,3155),(1598562000,1133243,26357,22317,726,3311),(1598648400,1147944,26734,22594,726,3263),(1598734800,1160743,26930,22866,726,3386),(1598821200,1172092,27198,23070,726,3363),(1598907600,1180711,27395,23226,727,3479),(1598994000,1193127,27678,23565,727,3343),(1599080400,1210568,28103,23820,727,3415),(1599166800,1222257,28488,24171,727,3466),(1599253200,1236489,28813,24513,727,3481),(1599339600,1247807,29052,24828,727,3524),(1599426000,1255825,29295,25043,728,3492),(1599512400,1266223,29845,25300,729,3515),(1599598800,1276477,30347,25629,729,3705),(1599685200,1288059,31067,25764,729,4072),(1599771600,1303030,31648,26043,732,4456),(1599858000,1316819,32582,26257,732,4820),(1599944400,1331493,33001,26579,735,5363),(1600030800,1342066,33417,26760,738,5643),(1600117200,1351408,34173,27010,738,5774),(1600203600,1364508,34930,27354,739,6194),(1600290000,1379839,35720,27655,739,6660),(1600376400,1395111,36561,28044,740,7051),(1600462800,1413965,37500,28451,744,7447),(1600549200,1432099,38168,28961,746,7748),(1600635600,1444683,38696,29229,749,8100),(1600722000,1458095,39328,29516,752,8375),(1600808400,1472647,40004,30312,756,8220),(1600894800,1489264,40821,30949,762,8258),(1600981200,1507782,41497,31661,765,8372),(1601067600,1528191,42248,32301,766,8413),(1601154000,1545634,42846,33154,766,8273),(1601240400,1555499,43436,33589,768,8500),(1601326800,1569992,44116,34052,774,8590),(1601413200,1586578,44808,34916,775,8329),(1601499600,1617987,45697,35644,779,8370),(1601586000,1636573,46428,36476,781,8408),(1601672400,1658412,47469,37186,785,8385),(1601758800,1673868,48180,38045,786,8578),(1601845200,1686373,48703,38629,793,8704),(1601931600,1698268,49783,39094,799,8984),(1602018000,1716505,50836,39790,806,9207),(1602072121,1735094,51382,40499,808,9519),(1602158521,1756856,52603,41289,817,9930),(1602244921,1775431,53667,42039,821,10307),(1602331321,1795387,54685,42829,821,10704),(1602417721,1795387,55703,42829,826,10704),(1602504121,1822931,56591,44065,832,11378),(1602590522,1844639,57762,44949,842,11516),(1602676921,1861672,59368,45846,850,11954),(1602763321,1881485,60764,46798,855,12549),(1602849721,1897604,62455,47352,862,12924),(1602936121,1922713,64104,48297,865,13353),(1603022521,1938028,65557,49561,871,14352),(1603108921,1952578,66611,50359,878,14664),(1603195321,1972047,68414,51407,885,15130),(1603281721,1993124,70769,52617,898,15867),(1603368121,2018402,73339,53970,914,16933),(1603456031,2046426,76781,55195,926,18266),(1603540921,2070615,79770,56791,932,20273),(1603630921,2088359,82536,57858,938,21974),(1603717321,2111575,85048,59036,942,23239),(1603803721,2125687,87746,60308,960,24789),(1603890121,2153066,91692,61684,991,26785),(1603976521,2177572,96200,63366,1017,29526),(1604062921,2203993,101443,64987,1031,33507),(1604149321,2232735,106584,67226,1048,36590),(1604235721,2256051,111110,69336,1064,39415),(1604408520,2305382,120381,74292,1118,42718);
/*!40000 ALTER TABLE `total` ENABLE KEYS */;
UNLOCK TABLES;
/*!40103 SET TIME_ZONE=@OLD_TIME_ZONE */;

/*!40101 SET SQL_MODE=@OLD_SQL_MODE */;
/*!40014 SET FOREIGN_KEY_CHECKS=@OLD_FOREIGN_KEY_CHECKS */;
/*!40014 SET UNIQUE_CHECKS=@OLD_UNIQUE_CHECKS */;
/*!40101 SET CHARACTER_SET_CLIENT=@OLD_CHARACTER_SET_CLIENT */;
/*!40101 SET CHARACTER_SET_RESULTS=@OLD_CHARACTER_SET_RESULTS */;
/*!40101 SET COLLATION_CONNECTION=@OLD_COLLATION_CONNECTION */;
/*!40111 SET SQL_NOTES=@OLD_SQL_NOTES */;

-- Dump completed on 2020-11-03 15:00:05
